Well,MD,x,y,TVD,Block,Deactivated,IsochoreThickness,IsochoreThicknessChange,TopDz,TopDzChange,BaseDz,BaseDzChange,TrueZone,CalcZone,Match,Fix
OP_1,0.00,461809.59,5932990.36,0.00,-,-,-999.00,-999.00,-999.00,-999.00,1657.42,-0.00,0,0,Y,-
OP_1,36.05,461817.80,5933001.94,33.13,-,-,-999.00,-999.00,-999.00,-999.00,1623.76,-0.00,0,0,Y,-
OP_1,99.31,461832.29,5933022.37,91.22,-,-,-999.00,-999.00,-999.00,-999.00,1564.80,-0.00,0,0,Y,-
OP_1,161.76,461846.82,5933042.84,148.41,-,-,-999.00,-999.00,-999.00,-999.00,1506.73,-0.00,0,0,Y,-
OP_1,222.72,461861.35,5933063.30,203.97,-,-,-999.00,-999.00,-999.00,-999.00,1450.22,-0.00,0,0,Y,-
OP_1,282.07,461875.95,5933083.84,257.70,-,-,-999.00,-999.00,-999.00,-999.00,1395.58,-0.00,0,0,Y,-
OP_1,339.19,461890.57,5933104.38,308.95,-,-,-999.00,-999.00,-999.00,-999.00,1343.55,-0.00,0,0,Y,-
OP_1,393.51,461905.09,5933124.77,357.16,-,-,-999.00,-999.00,-999.00,-999.00,1294.76,-0.00,0,0,Y,-
OP_1,445.56,461919.71,5933145.24,402.72,-,-,-999.00,-999.00,-999.00,-999.00,1248.81,-0.00,0,0,Y,-
OP_1,494.83,461934.26,5933165.62,445.15,-,-,-999.00,-999.00,-999.00,-999.00,1206.37,-0.00,0,0,Y,-
OP_1,541.87,461948.92,5933186.11,484.88,-,-,-999.00,-999.00,-999.00,-999.00,1166.91,-0.00,0,0,Y,-
OP_1,586.26,461963.52,5933206.48,521.52,-,-,-999.00,-999.00,-999.00,-999.00,1130.65,-0.00,0,0,Y,-
OP_1,628.56,461978.19,5933226.93,555.50,-,-,-999.00,-999.00,-999.00,-999.00,1097.13,-0.00,0,0,Y,-
OP_1,668.84,461992.93,5933247.44,586.88,-,-,-999.00,-999.00,-999.00,-999.00,1066.30,-0.00,0,0,Y,-
OP_1,707.21,462007.71,5933267.99,615.72,-,-,-999.00,-999.00,-999.00,-999.00,1038.17,-0.00,0,0,Y,-
OP_1,743.76,462022.49,5933288.53,642.08,-,-,-999.00,-999.00,-999.00,-999.00,1012.61,-0.00,0,0,Y,-
OP_1,778.58,462037.26,5933309.01,666.05,-,-,-999.00,-999.00,-999.00,-999.00,989.39,-0.00,0,0,Y,-
OP_1,811.78,462051.97,5933329.39,687.73,-,-,-999.00,-999.00,-999.00,-999.00,968.33,-0.00,0,0,Y,-
OP_1,843.89,462066.78,5933349.91,707.49,-,-,-999.00,-999.00,-999.00,-999.00,949.09,-0.00,0,0,Y,-
OP_1,874.55,462081.47,5933370.23,725.14,-,-,-999.00,-999.00,-999.00,-999.00,931.76,-0.00,0,0,Y,-
OP_1,904.30,462096.21,5933390.59,741.04,-,-,-999.00,-999.00,-999.00,-999.00,916.00,-0.00,0,0,Y,-
OP_1,933.20,462110.97,5933410.98,755.24,-,-,-999.00,-999.00,-999.00,-999.00,901.34,-0.00,0,0,Y,-
OP_1,961.32,462125.72,5933431.34,767.82,-,-,-999.00,-999.00,-999.00,-999.00,886.26,-0.00,0,0,Y,-
OP_1,988.72,462140.44,5933451.64,778.87,-,-,-999.00,-999.00,-999.00,-999.00,865.29,-0.00,0,0,Y,-
OP_1,1015.61,462155.17,5933471.94,788.54,-,-,-999.00,-999.00,-999.00,-999.00,844.44,-0.00,0,0,Y,-
OP_1,1042.40,462170.04,5933492.46,797.25,-,-,-999.00,-999.00,-999.00,-999.00,826.12,-0.00,0,0,Y,-
OP_1,1069.03,462184.92,5933513.04,805.24,-,-,-999.00,-999.00,-999.00,-999.00,808.89,-0.00,0,0,Y,-
OP_1,1095.47,462199.74,5933533.61,812.79,-,-,-999.00,-999.00,-999.00,-999.00,792.46,-0.00,0,0,Y,-
OP_1,1121.72,462214.41,5933554.09,820.13,-,-,-999.00,-999.00,-999.00,-999.00,778.14,-0.00,0,0,Y,-
OP_1,1148.24,462229.18,5933574.81,827.63,-,-,-999.00,-999.00,-999.00,-999.00,766.43,-0.00,0,0,Y,-
OP_1,1174.53,462243.68,5933595.33,835.34,-,-,-999.00,-999.00,-999.00,-999.00,757.54,-0.00,0,0,Y,-
OP_1,1201.21,462258.22,5933616.10,843.65,-,-,-999.00,-999.00,-999.00,-999.00,748.72,-0.00,0,0,Y,-
OP_1,1227.89,462272.57,5933636.77,852.53,-,-,-999.00,-999.00,-999.00,-999.00,739.29,-0.00,0,0,Y,-
OP_1,1254.80,462286.83,5933657.49,862.07,-,-,-999.00,-999.00,-999.00,-999.00,729.15,-0.00,0,0,Y,-
OP_1,1281.89,462300.99,5933678.22,872.26,-,-,-999.00,-999.00,-999.00,-999.00,718.34,-0.00,0,0,Y,-
OP_1,1309.14,462315.03,5933698.91,883.10,-,-,-999.00,-999.00,-999.00,-999.00,706.91,-0.00,0,0,Y,-
OP_1,1337.02,462329.17,5933719.88,894.80,-,-,-999.00,-999.00,-999.00,-999.00,694.90,-0.00,0,0,Y,-
OP_1,1365.00,462343.15,5933740.73,907.17,-,-,-999.00,-999.00,-999.00,-999.00,682.38,-0.00,0,0,Y,-
OP_1,1393.56,462357.18,5933761.76,920.46,-,-,-999.00,-999.00,-999.00,-999.00,668.95,-0.00,0,0,Y,-
OP_1,1422.66,462371.23,5933782.91,934.68,-,-,-999.00,-999.00,-999.00,-999.00,654.52,-0.00,0,0,Y,-
OP_1,1451.81,462385.03,5933803.77,949.63,-,-,-999.00,-999.00,-999.00,-999.00,639.50,-0.00,0,0,Y,-
OP_1,1481.94,462399.02,5933824.98,965.84,-,-,-999.00,-999.00,-999.00,-999.00,623.42,-0.00,0,0,Y,-
OP_1,1512.56,462412.93,5933846.10,983.10,-,-,-999.00,-999.00,-999.00,-999.00,606.48,-0.00,0,0,Y,-
OP_1,1543.63,462426.70,5933867.05,1001.45,-,-,-999.00,-999.00,-999.00,-999.00,588.74,-0.00,0,0,Y,-
OP_1,1575.62,462440.50,5933888.05,1021.24,-,-,-999.00,-999.00,-999.00,-999.00,569.84,-0.00,0,0,Y,-
OP_1,1608.52,462454.27,5933908.99,1042.55,-,-,-999.00,-999.00,-999.00,-999.00,549.43,-0.00,0,0,Y,-
OP_1,1642.79,462468.11,5933930.01,1065.80,-,-,-999.00,-999.00,-999.00,-999.00,527.10,-0.00,0,0,Y,-
OP_1,1678.40,462481.93,5933950.90,1091.13,-,-,-999.00,-999.00,-999.00,-999.00,502.71,-0.00,0,0,Y,-
OP_1,1716.34,462495.94,5933971.96,1119.39,-,-,-999.00,-999.00,-999.00,-999.00,475.32,-0.00,0,0,Y,-
OP_1,1756.58,462509.94,5933992.79,1150.84,-,-,-999.00,-999.00,-999.00,-999.00,444.74,-0.00,0,0,Y,-
OP_1,1800.62,462524.14,5934013.62,1186.93,-,-,-999.00,-999.00,-999.00,-999.00,409.50,-0.00,0,0,Y,-
OP_1,1849.98,462538.53,5934034.21,1229.41,-,-,-999.00,-999.00,-999.00,-999.00,367.86,-0.00,0,0,Y,-
OP_1,1908.80,462553.34,5934054.53,1282.56,-,-,-999.00,-999.00,-999.00,-999.00,315.51,-0.01,0,0,Y,-
OP_1,1988.71,462569.04,5934074.00,1358.38,-,-,-999.00,-999.00,-999.00,-999.00,240.39,-0.01,0,0,Y,-
OP_1,2282.00,462581.80,5934063.36,1648.50,-,-,-999.00,-999.00,9.95,0.01,-999.00,-999.00,4,4,Y,-
OP_2,0.00,461809.59,5932990.36,0.00,-,D,-999.00,-999.00,-999.00,-999.00,1657.42,-0.00,0,0,Y,-
OP_2,39.83,461799.44,5933007.79,34.35,-,-,-999.00,-999.00,-999.00,-999.00,1622.15,-0.00,0,0,Y,-
OP_2,89.59,461786.73,5933029.58,77.23,-,-,-999.00,-999.00,-999.00,-999.00,1578.09,-0.00,0,0,Y,-
OP_2,139.29,461773.99,5933051.41,120.03,-,-,-999.00,-999.00,-999.00,-999.00,1534.09,0.00,0,0,Y,-
OP_2,188.34,461761.35,5933073.05,162.19,-,-,-999.00,-999.00,-999.00,-999.00,1490.60,0.00,0,0,Y,-
OP_2,237.27,461748.63,5933094.75,204.16,-,-,-999.00,-999.00,-999.00,-999.00,1447.30,0.00,0,0,Y,-
OP_2,286.04,461735.84,5933116.55,245.87,-,-,-999.00,-999.00,-999.00,-999.00,1404.32,0.00,0,0,Y,-
OP_2,334.08,461723.09,5933138.20,286.82,-,-,-999.00,-999.00,-999.00,-999.00,1362.23,0.00,0,0,Y,-
OP_2,381.91,461710.23,5933159.97,327.41,-,-,-999.00,-999.00,-999.00,-999.00,1320.49,0.00,0,0,Y,-
OP_2,428.95,461697.38,5933181.63,367.15,-,-,-999.00,-999.00,-999.00,-999.00,1279.41,0.00,0,0,Y,-
OP_2,475.20,461684.54,5933203.18,406.01,-,-,-999.00,-999.00,-999.00,-999.00,1239.25,0.00,0,0,Y,-
OP_2,520.64,461671.69,5933224.65,443.94,-,-,-999.00,-999.00,-999.00,-999.00,1200.10,0.00,0,0,Y,-
OP_2,565.79,461658.68,5933246.29,481.36,-,-,-999.00,-999.00,-999.00,-999.00,1161.54,0.00,0,0,Y,-
OP_2,610.09,461645.64,5933267.87,517.79,-,-,-999.00,-999.00,-999.00,-999.00,1124.14,0.00,0,0,Y,-
OP_2,653.55,461632.56,5933289.39,553.21,-,-,-999.00,-999.00,-999.00,-999.00,1087.83,0.00,0,0,Y,-
OP_2,696.16,461619.44,5933310.85,587.60,-,-,-999.00,-999.00,-999.00,-999.00,1052.52,0.00,0,0,Y,-
OP_2,737.91,461606.28,5933332.27,620.93,-,-,-999.00,-999.00,-999.00,-999.00,1018.25,0.00,0,0,Y,-
OP_2,778.82,461593.06,5933353.65,653.20,-,-,-999.00,-999.00,-999.00,-999.00,985.07,0.00,0,0,Y,-
OP_2,818.88,461579.79,5933375.00,684.40,-,-,-999.00,-999.00,-999.00,-999.00,953.20,0.00,0,0,Y,-
OP_2,858.10,461566.45,5933396.31,714.50,-,-,-999.00,-999.00,-999.00,-999.00,922.39,0.00,0,0,Y,-
OP_2,896.49,461553.05,5933417.59,743.50,-,-,-999.00,-999.00,-999.00,-999.00,892.57,0.00,0,0,Y,-
OP_2,934.06,461539.59,5933438.85,771.40,-,-,-999.00,-999.00,-999.00,-999.00,863.74,0.00,0,0,Y,-
OP_2,970.82,461526.07,5933460.08,798.20,-,-,-999.00,-999.00,-999.00,-999.00,836.19,-0.00,0,0,Y,-
OP_2,1006.80,461512.47,5933481.28,823.89,-,-,-999.00,-999.00,-999.00,-999.00,810.50,-0.00,0,0,Y,-
OP_2,1042.00,461498.81,5933502.46,848.46,-,-,-999.00,-999.00,-999.00,-999.00,786.01,-0.00,0,0,Y,-
OP_2,1076.45,461485.09,5933523.61,871.94,-,-,-999.00,-999.00,-999.00,-999.00,762.37,-0.00,0,0,Y,-
OP_2,1110.17,461471.30,5933544.73,894.31,-,-,-999.00,-999.00,-999.00,-999.00,739.55,-0.00,0,0,Y,-
OP_2,1143.18,461457.45,5933565.82,915.59,-,-,-999.00,-999.00,-999.00,-999.00,717.65,-0.00,0,0,Y,-
OP_2,1175.50,461443.54,5933586.88,935.79,-,-,-999.00,-999.00,-999.00,-999.00,696.82,-0.00,0,0,Y,-
OP_2,1207.16,461429.57,5933607.90,954.90,-,-,-999.00,-999.00,-999.00,-999.00,676.94,-0.00,0,0,Y,-
OP_2,1238.19,461415.56,5933628.88,972.96,-,-,-999.00,-999.00,-999.00,-999.00,658.41,-0.00,0,0,Y,-
OP_2,1268.61,461401.49,5933649.82,989.96,-,-,-999.00,-999.00,-999.00,-999.00,641.04,-0.00,0,0,Y,-
OP_2,1298.44,461387.39,5933670.70,1005.93,-,-,-999.00,-999.00,-999.00,-999.00,625.23,-0.00,0,0,Y,-
OP_2,1327.72,461373.24,5933691.53,1020.87,-,-,-999.00,-999.00,-999.00,-999.00,610.47,-0.00,0,0,Y,-
OP_2,1356.48,461359.06,5933712.30,1034.82,-,-,-999.00,-999.00,-999.00,-999.00,596.46,-0.00,0,0,Y,-
OP_2,1384.73,461344.86,5933733.00,1047.77,-,-,-999.00,-999.00,-999.00,-999.00,583.15,-0.00,0,0,Y,-
OP_2,1412.51,461330.64,5933753.63,1059.76,-,-,-999.00,-999.00,-999.00,-999.00,570.60,-0.00,0,0,Y,-
OP_2,1440.29,461316.16,5933774.52,1070.98,-,-,-999.00,-999.00,-999.00,-999.00,559.47,-0.00,0,0,Y,-
OP_2,1467.65,461301.67,5933795.33,1081.25,-,-,-999.00,-999.00,-999.00,-999.00,550.18,-0.00,0,0,Y,-
OP_2,1494.61,461287.17,5933816.05,1090.59,-,-,-999.00,-999.00,-999.00,-999.00,541.66,-0.00,0,0,Y,-
OP_2,1521.20,461272.68,5933836.68,1099.03,-,-,-999.00,-999.00,-999.00,-999.00,533.87,-0.00,0,0,Y,-
OP_2,1547.43,461258.19,5933857.20,1106.59,-,-,-999.00,-999.00,-999.00,-999.00,526.82,-0.00,0,0,Y,-
OP_2,1573.33,461243.72,5933877.61,1113.30,-,-,-999.00,-999.00,-999.00,-999.00,520.61,-0.00,0,0,Y,-
OP_2,1599.39,461229.01,5933898.27,1119.27,-,-,-999.00,-999.00,-999.00,-999.00,514.84,-0.00,0,0,Y,-
OP_2,1625.16,461214.32,5933918.81,1124.41,-,-,-999.00,-999.00,-999.00,-999.00,509.98,-0.00,0,0,Y,-
OP_2,1650.66,461199.67,5933939.22,1128.76,-,-,-999.00,-999.00,-999.00,-999.00,506.08,-0.00,0,0,Y,-
OP_2,1676.37,461184.79,5933959.87,1132.39,-,-,-999.00,-999.00,-999.00,-999.00,503.13,-0.00,0,0,Y,-
OP_2,1701.85,461169.95,5933980.38,1135.24,-,-,-999.00,-999.00,-999.00,-999.00,501.50,-0.00,0,0,Y,-
OP_2,1727.11,461155.16,5934000.74,1137.36,-,-,-999.00,-999.00,-999.00,-999.00,500.30,-0.00,0,0,Y,-
OP_2,1752.64,461140.14,5934021.34,1138.77,-,-,-999.00,-999.00,-999.00,-999.00,499.49,-0.00,0,0,Y,-
OP_2,1777.97,461125.19,5934041.78,1139.48,-,-,-999.00,-999.00,-999.00,-999.00,499.02,-0.00,0,0,Y,-
OP_2,1803.35,461110.17,5934062.24,1139.51,-,-,-999.00,-999.00,-999.00,-999.00,498.94,-0.00,0,0,Y,-
OP_2,1828.48,461095.28,5934082.47,1138.90,-,-,-999.00,-999.00,-999.00,-999.00,499.43,-0.00,0,0,Y,-
OP_2,1853.91,461080.21,5934102.92,1137.72,-,-,-999.00,-999.00,-999.00,-999.00,500.44,-0.00,0,0,Y,-
OP_2,1879.15,461065.28,5934123.20,1136.06,-,-,-999.00,-999.00,-999.00,-999.00,501.89,-0.00,0,0,Y,-
OP_2,1904.65,461050.22,5934143.67,1133.93,-,-,-999.00,-999.00,-999.00,-999.00,503.74,-0.00,0,0,Y,-
OP_2,1929.92,461035.35,5934163.95,1131.44,-,-,-999.00,-999.00,-999.00,-999.00,505.95,-0.00,0,0,Y,-
OP_2,1955.42,461020.40,5934184.41,1128.60,-,-,-999.00,-999.00,-999.00,-999.00,508.48,-0.00,0,0,Y,-
OP_2,1980.63,461005.70,5934204.65,1125.51,-,-,-999.00,-999.00,-999.00,-999.00,511.09,-0.00,0,0,Y,-
OP_2,2006.02,460990.96,5934225.06,1122.16,-,-,-999.00,-999.00,-999.00,-999.00,513.89,-0.00,0,0,Y,-
OP_2,2031.58,460976.22,5934245.63,1118.60,-,-,-999.00,-999.00,-999.00,-999.00,516.86,-0.00,0,0,Y,-
OP_2,2057.29,460961.48,5934266.37,1114.86,-,-,-999.00,-999.00,-999.00,-999.00,520.07,-0.00,0,0,Y,-
OP_2,2082.62,460947.07,5934286.85,1111.06,-,-,-999.00,-999.00,-999.00,-999.00,523.64,-0.00,0,0,Y,-
OP_2,2108.06,460932.71,5934307.47,1107.17,-,-,-999.00,-999.00,-999.00,-999.00,527.34,-0.00,0,0,Y,-
OP_2,2133.58,460918.42,5934328.25,1103.22,-,-,-999.00,-999.00,-999.00,-999.00,531.22,-0.00,0,0,Y,-
OP_2,2159.16,460904.22,5934349.16,1099.26,-,-,-999.00,-999.00,-999.00,-999.00,535.26,0.00,0,0,Y,-
OP_2,2184.80,460890.12,5934370.21,1095.33,-,-,-999.00,-999.00,-999.00,-999.00,539.12,0.00,0,0,Y,-
OP_2,2210.46,460876.16,5934391.39,1091.46,-,-,-999.00,-999.00,-999.00,-999.00,542.86,0.00,0,0,Y,-
OP_2,2236.14,460862.34,5934412.70,1087.69,-,-,-999.00,-999.00,-999.00,-999.00,546.58,0.00,0,0,Y,-
OP_2,2261.81,460848.69,5934434.14,1084.06,-,-,-999.00,-999.00,-999.00,-999.00,550.26,0.00,0,0,Y,-
OP_2,2287.46,460835.23,5934455.70,1080.61,-,-,-999.00,-999.00,-999.00,-999.00,553.90,0.00,0,0,Y,-
OP_2,2313.08,460821.97,5934477.38,1077.38,-,-,-999.00,-999.00,-999.00,-999.00,557.64,0.00,0,0,Y,-
OP_2,2338.65,460808.94,5934499.17,1074.40,-,-,-999.00,-999.00,-999.00,-999.00,561.17,0.00,0,0,Y,-
OP_2,2364.15,460796.15,5934521.07,1071.72,-,-,-999.00,-999.00,-999.00,-999.00,564.38,0.00,0,0,Y,-
OP_2,2389.59,460783.63,5934543.09,1069.37,-,-,-999.00,-999.00,-999.00,-999.00,567.13,0.00,0,0,Y,-
OP_2,2414.94,460771.39,5934565.20,1067.39,-,-,-999.00,-999.00,-999.00,-999.00,569.52,0.00,0,0,Y,-
OP_2,2440.21,460759.45,5934587.42,1065.82,-,-,-999.00,-999.00,-999.00,-999.00,571.71,0.00,0,0,Y,-
OP_2,2465.40,460747.84,5934609.74,1064.70,-,-,-999.00,-999.00,-999.00,-999.00,573.44,0.00,0,0,Y,-
OP_2,2490.49,460736.56,5934632.14,1064.07,-,-,-999.00,-999.00,-999.00,-999.00,574.60,0.00,0,0,Y,-
OP_2,2515.67,460725.58,5934654.80,1063.97,-,-,-999.00,-999.00,-999.00,-999.00,575.10,0.00,0,0,Y,-
OP_2,2541.18,460714.80,5934677.91,1064.44,-,-,-999.00,-999.00,-999.00,-999.00,574.36,0.00,0,0,Y,-
OP_2,2566.62,460704.40,5934701.10,1065.48,-,-,-999.00,-999.00,-999.00,-999.00,572.77,0.00,0,0,Y,-
OP_2,2592.00,460694.35,5934724.36,1067.08,-,-,-999.00,-999.00,-999.00,-999.00,571.25,0.00,0,0,Y,-
OP_2,2617.34,460684.66,5934747.67,1069.22,-,-,-999.00,-999.00,-999.00,-999.00,569.68,0.00,0,0,Y,-
OP_2,2642.65,460675.30,5934771.03,1071.90,-,-,-999.00,-999.00,-999.00,-999.00,567.48,0.00,0,0,Y,-
OP_2,2667.93,460666.25,5934794.42,1075.09,-,-,-999.00,-999.00,-999.00,-999.00,564.18,0.00,0,0,Y,-
OP_2,2693.72,460657.32,5934818.32,1078.88,-,-,-999.00,-999.00,-999.00,-999.00,560.23,0.00,0,0,Y,-
OP_2,2719.49,460648.70,5934842.22,1083.18,-,-,-999.00,-999.00,-999.00,-999.00,555.75,0.00,0,0,Y,-
OP_2,2745.26,460640.34,5934866.12,1087.98,-,-,-999.00,-999.00,-999.00,-999.00,550.78,-0.00,0,0,Y,-
OP_2,2771.03,460632.26,5934890.01,1093.28,-,-,-999.00,-999.00,-999.00,-999.00,545.09,-0.00,0,0,Y,-
OP_2,2796.81,460624.42,5934913.88,1099.04,-,-,-999.00,-999.00,-999.00,-999.00,538.49,-0.00,0,0,Y,-
OP_2,2822.59,460616.81,5934937.71,1105.27,-,-,-999.00,-999.00,-999.00,-999.00,531.27,-0.01,0,0,Y,-
OP_2,2848.89,460609.26,5934961.96,1112.09,-,-,-999.00,-999.00,-999.00,-999.00,521.73,-0.02,0,0,Y,-
OP_2,2875.20,460601.92,5934986.16,1119.36,-,-,-999.00,-999.00,-999.00,-999.00,512.23,-0.03,0,0,Y,-
OP_2,2901.51,460594.77,5935010.28,1127.07,-,-,-999.00,-999.00,-999.00,-999.00,502.07,-0.04,0,0,Y,-
OP_2,2927.83,460587.79,5935034.31,1135.21,-,-,-999.00,-999.00,-999.00,-999.00,491.55,-0.05,0,0,Y,-
OP_2,2954.66,460580.82,5935058.71,1143.93,-,-,-999.00,-999.00,-999.00,-999.00,480.49,-0.07,0,0,Y,-
OP_2,2981.48,460574.00,5935082.99,1153.06,-,-,-999.00,-999.00,-999.00,-999.00,469.23,-0.08,0,0,Y,-
OP_2,3008.30,460567.29,5935107.14,1162.58,-,-,-999.00,-999.00,-999.00,-999.00,457.62,-0.08,0,0,Y,-
OP_2,3035.61,460560.56,5935131.61,1172.69,-,-,-999.00,-999.00,-999.00,-999.00,445.42,-0.08,0,0,Y,-
OP_2,3062.89,460553.92,5935155.91,1183.17,-,-,-999.00,-999.00,-999.00,-999.00,432.63,-0.09,0,0,Y,-
OP_2,3090.15,460547.35,5935180.03,1194.02,-,-,-999.00,-999.00,-999.00,-999.00,417.99,-0.04,0,0,Y,-
OP_2,3117.88,460540.70,5935204.41,1205.43,-,-,-999.00,-999.00,-999.00,-999.00,403.35,-0.07,0,0,Y,-
OP_2,3145.56,460534.08,5935228.58,1217.19,-,-,-999.00,-999.00,-999.00,-999.00,389.72,0.00,0,0,Y,-
OP_2,3173.69,460527.34,5935252.96,1229.51,-,-,-999.00,-999.00,-999.00,-999.00,376.32,-0.01,0,0,Y,-
OP_2,3201.75,460520.59,5935277.08,1242.15,-,-,-999.00,-999.00,-999.00,-999.00,364.39,-0.00,0,0,Y,-
OP_2,3230.24,460513.68,5935301.37,1255.33,-,-,-999.00,-999.00,-999.00,-999.00,351.51,0.00,0,0,Y,-
OP_2,3259.13,460506.58,5935325.78,1269.05,-,-,-999.00,-999.00,-999.00,-999.00,338.14,0.00,0,0,Y,-
OP_2,3287.91,460499.40,5935349.87,1283.07,-,-,-999.00,-999.00,-999.00,-999.00,324.66,0.00,0,0,Y,-
OP_2,3317.07,460491.98,5935374.03,1297.61,-,-,-999.00,-999.00,-999.00,-999.00,311.47,0.00,0,0,Y,-
OP_2,3346.59,460484.28,5935398.23,1312.66,-,-,-999.00,-999.00,-999.00,-999.00,297.95,0.00,0,0,Y,-
OP_2,3375.94,460476.41,5935422.02,1327.96,-,-,-999.00,-999.00,-999.00,-999.00,283.84,0.00,0,0,Y,-
OP_2,3405.63,460468.20,5935445.78,1343.75,-,-,-999.00,-999.00,-999.00,-999.00,268.87,0.00,0,0,Y,-
OP_2,3435.61,460459.62,5935469.46,1360.01,-,-,-999.00,-999.00,-999.00,-999.00,252.84,0.00,0,0,Y,-
OP_2,3465.88,460450.61,5935493.02,1376.74,-,-,-999.00,-999.00,-999.00,-999.00,236.20,0.00,0,0,Y,-
OP_2,3496.41,460441.13,5935516.41,1393.91,-,-,-999.00,-999.00,-999.00,-999.00,219.35,0.00,0,0,Y,-
OP_2,3527.17,460431.14,5935539.58,1411.51,-,-,-999.00,-999.00,-999.00,-999.00,202.34,0.00,0,0,Y,-
OP_2,3558.16,460420.58,5935562.48,1429.52,-,-,-999.00,-999.00,-999.00,-999.00,185.20,0.00,0,0,Y,-
OP_2,3589.35,460409.40,5935585.05,1447.91,-,-,-999.00,-999.00,-999.00,-999.00,167.84,0.00,0,0,Y,-
OP_2,3620.72,460397.53,5935607.23,1466.66,-,-,-999.00,-999.00,-999.00,-999.00,150.08,0.00,0,0,Y,-
OP_2,3652.27,460384.91,5935628.96,1485.73,-,-,-999.00,-999.00,-999.00,-999.00,131.97,0.00,0,0,Y,-
OP_2,3683.98,460371.48,5935650.18,1505.10,-,-,-999.00,-999.00,-999.00,-999.00,113.55,0.00,0,0,Y,-
OP_2,3715.86,460357.16,5935670.81,1524.72,-,-,-999.00,-999.00,-999.00,-999.00,95.34,0.00,0,0,Y,-
OP_2,3747.90,460341.87,5935690.78,1544.57,-,-,-999.00,-999.00,-999.00,-999.00,77.26,0.00,0,0,Y,-
OP_2,3780.27,460325.76,5935709.98,1565.04,-,-,-999.00,-999.00,-999.00,-999.00,58.77,0.00,0,0,Y,-
OP_2,3818.58,460309.83,5935729.36,1593.83,-,-,-999.00,-999.00,-999.00,-999.00,32.49,-0.01,0,0,Y,-
OP_2,3901.48,460292.56,5935757.33,1669.72,-,-,-999.00,-999.00,0.00,0.01,-999.00,-999.00,4,4,Y,Y
OP_3,0.00,461809.59,5932990.36,0.00,-,D,-999.00,-999.00,-999.00,-999.00,1657.42,-0.00,0,0,Y,-
OP_3,40.15,461824.93,5932977.60,34.85,-,-,-999.00,-999.00,-999.00,-999.00,1623.32,-0.00,0,0,Y,-
OP_3,90.45,461844.17,5932961.59,78.47,-,-,-999.00,-999.00,-999.00,-999.00,1580.68,-0.00,0,0,Y,-
OP_3,140.68,461863.45,5932945.55,121.99,-,-,-999.00,-999.00,-999.00,-999.00,1538.04,-0.00,0,0,Y,-
OP_3,190.78,461882.78,5932929.46,165.32,-,-,-999.00,-999.00,-999.00,-999.00,1495.52,-0.00,0,0,Y,-
OP_3,240.72,461902.18,5932913.30,208.40,-,-,-999.00,-999.00,-999.00,-999.00,1453.21,-0.00,0,0,Y,-
OP_3,289.89,461921.46,5932897.23,250.70,-,-,-999.00,-999.00,-999.00,-999.00,1411.74,-0.00,0,0,Y,-
OP_3,338.83,461940.84,5932881.07,292.62,-,-,-999.00,-999.00,-999.00,-999.00,1370.76,-0.00,0,0,Y,-
OP_3,386.94,461960.12,5932864.97,333.65,-,-,-999.00,-999.00,-999.00,-999.00,1330.68,-0.00,0,0,Y,-
OP_3,434.19,461979.33,5932848.92,373.74,-,-,-999.00,-999.00,-999.00,-999.00,1291.44,-0.00,0,0,Y,-
OP_3,481.11,461998.68,5932832.73,413.29,-,-,-999.00,-999.00,-999.00,-999.00,1252.64,-0.00,0,0,Y,-
OP_3,527.13,462017.98,5932816.57,451.81,-,-,-999.00,-999.00,-999.00,-999.00,1214.86,-0.00,0,0,Y,-
OP_3,572.23,462037.24,5932800.42,489.26,-,-,-999.00,-999.00,-999.00,-999.00,1178.07,-0.00,0,0,Y,-
OP_3,616.40,462056.46,5932784.29,525.61,-,-,-999.00,-999.00,-999.00,-999.00,1142.40,-0.00,0,0,Y,-
OP_3,659.62,462075.65,5932768.16,560.82,-,-,-999.00,-999.00,-999.00,-999.00,1107.90,-0.00,0,0,Y,-
OP_3,701.91,462094.82,5932752.02,594.88,-,-,-999.00,-999.00,-999.00,-999.00,1074.50,-0.01,0,0,Y,-
OP_3,743.24,462113.97,5932735.87,627.76,-,-,-999.00,-999.00,-999.00,-999.00,1042.14,-0.01,0,0,Y,-
OP_3,783.64,462133.12,5932719.71,659.44,-,-,-999.00,-999.00,-999.00,-999.00,1010.71,-0.01,0,0,Y,-
OP_3,823.10,462152.26,5932703.53,689.92,-,-,-999.00,-999.00,-999.00,-999.00,980.36,-0.01,0,0,Y,-
OP_3,861.63,462171.40,5932687.32,719.17,-,-,-999.00,-999.00,-999.00,-999.00,951.23,-0.01,0,0,Y,-
OP_3,899.25,462190.54,5932671.08,747.19,-,-,-999.00,-999.00,-999.00,-999.00,923.33,-0.02,0,0,Y,-
OP_3,935.97,462209.68,5932654.83,773.98,-,-,-999.00,-999.00,-999.00,-999.00,896.49,-0.02,0,0,Y,-
OP_3,971.81,462228.83,5932638.54,799.52,-,-,-999.00,-999.00,-999.00,-999.00,870.69,-0.02,0,0,Y,-
OP_3,1006.79,462247.97,5932622.22,823.82,-,-,-999.00,-999.00,-999.00,-999.00,846.01,-0.02,0,0,Y,-
OP_3,1040.94,462267.13,5932605.88,846.89,-,-,-999.00,-999.00,-999.00,-999.00,822.59,-0.02,0,0,Y,-
OP_3,1074.27,462286.29,5932589.50,868.71,-,-,-999.00,-999.00,-999.00,-999.00,800.46,-0.02,0,0,Y,-
OP_3,1106.83,462305.45,5932573.11,889.31,-,-,-999.00,-999.00,-999.00,-999.00,779.61,-0.02,0,0,Y,-
OP_3,1138.65,462324.60,5932556.68,908.68,-,-,-999.00,-999.00,-999.00,-999.00,759.98,-0.02,0,0,Y,-
OP_3,1169.74,462343.75,5932540.24,926.84,-,-,-999.00,-999.00,-999.00,-999.00,741.57,-0.02,0,0,Y,-
OP_3,1200.16,462362.90,5932523.79,943.80,-,-,-999.00,-999.00,-999.00,-999.00,724.43,-0.02,0,0,Y,-
OP_3,1229.93,462382.03,5932507.32,959.58,-,-,-999.00,-999.00,-999.00,-999.00,708.54,-0.02,0,0,Y,-
OP_3,1259.09,462401.14,5932490.84,974.19,-,-,-999.00,-999.00,-999.00,-999.00,693.89,-0.02,0,0,Y,-
OP_3,1287.68,462420.23,5932474.35,987.65,-,-,-999.00,-999.00,-999.00,-999.00,680.37,-0.02,0,0,Y,-
OP_3,1315.73,462439.29,5932457.87,999.98,-,-,-999.00,-999.00,-999.00,-999.00,667.61,-0.02,0,0,Y,-
OP_3,1343.29,462458.32,5932441.40,1011.19,-,-,-999.00,-999.00,-999.00,-999.00,655.74,-0.02,0,0,Y,-
OP_3,1370.38,462477.31,5932424.94,1021.32,-,-,-999.00,-999.00,-999.00,-999.00,644.96,-0.02,0,0,Y,-
OP_3,1397.05,462496.24,5932408.51,1030.39,-,-,-999.00,-999.00,-999.00,-999.00,635.28,-0.02,0,0,Y,-
OP_3,1423.32,462515.13,5932392.10,1038.42,-,-,-999.00,-999.00,-999.00,-999.00,626.70,-0.02,0,0,Y,-
OP_3,1449.69,462534.27,5932375.44,1045.55,-,-,-999.00,-999.00,-999.00,-999.00,619.08,-0.02,0,0,Y,-
OP_3,1475.73,462553.36,5932358.81,1051.66,-,-,-999.00,-999.00,-999.00,-999.00,612.55,-0.02,0,0,Y,-
OP_3,1501.47,462572.37,5932342.23,1056.79,-,-,-999.00,-999.00,-999.00,-999.00,607.16,-0.02,0,0,Y,-
OP_3,1526.95,462591.31,5932325.70,1060.96,-,-,-999.00,-999.00,-999.00,-999.00,602.85,-0.02,0,0,Y,-
OP_3,1552.19,462610.16,5932309.22,1064.20,-,-,-999.00,-999.00,-999.00,-999.00,599.57,-0.02,0,0,Y,-
OP_3,1577.69,462629.25,5932292.51,1066.58,-,-,-999.00,-999.00,-999.00,-999.00,597.33,-0.02,0,0,Y,-
OP_3,1602.99,462648.26,5932275.87,1068.06,-,-,-999.00,-999.00,-999.00,-999.00,596.05,-0.02,0,0,Y,-
OP_3,1628.13,462667.15,5932259.30,1068.68,-,-,-999.00,-999.00,-999.00,-999.00,595.57,-0.01,0,0,Y,-
OP_3,1653.60,462686.29,5932242.50,1068.47,-,-,-999.00,-999.00,-999.00,-999.00,595.88,-0.01,0,0,Y,-
OP_3,1678.95,462705.32,5932225.78,1067.42,-,-,-999.00,-999.00,-999.00,-999.00,597.03,-0.01,0,0,Y,-
OP_3,1704.18,462724.21,5932209.16,1065.58,-,-,-999.00,-999.00,-999.00,-999.00,599.10,-0.01,0,0,Y,-
OP_3,1729.81,462743.35,5932192.32,1062.93,-,-,-999.00,-999.00,-999.00,-999.00,602.09,-0.01,0,0,Y,-
OP_3,1755.25,462762.27,5932175.66,1059.55,-,-,-999.00,-999.00,-999.00,-999.00,605.77,-0.01,0,0,Y,-
OP_3,1780.63,462781.20,5932159.21,1055.66,-,-,-999.00,-999.00,-999.00,-999.00,609.83,-0.01,0,0,Y,-
OP_3,1806.38,462800.68,5932142.88,1051.52,-,-,-999.00,-999.00,-999.00,-999.00,613.94,-0.01,0,0,Y,-
OP_3,1831.91,462820.44,5932127.23,1047.54,-,-,-999.00,-999.00,-999.00,-999.00,617.73,-0.01,0,0,Y,-
OP_3,1857.46,462840.70,5932112.12,1043.79,-,-,-999.00,-999.00,-999.00,-999.00,621.30,-0.01,0,0,Y,-
OP_3,1882.88,462861.28,5932097.62,1040.28,-,-,-999.00,-999.00,-999.00,-999.00,624.65,-0.00,0,0,Y,-
OP_3,1908.12,462882.10,5932083.71,1037.03,-,-,-999.00,-999.00,-999.00,-999.00,627.74,-0.00,0,0,Y,-
OP_3,1933.65,462903.50,5932070.13,1033.99,-,-,-999.00,-999.00,-999.00,-999.00,630.65,-0.00,0,0,Y,-
OP_3,1958.98,462925.04,5932057.11,1031.23,-,-,-999.00,-999.00,-999.00,-999.00,633.34,-0.00,0,0,Y,-
OP_3,1984.54,462947.08,5932044.40,1028.70,-,-,-999.00,-999.00,-999.00,-999.00,635.92,-0.00,0,0,Y,-
OP_3,2009.85,462969.15,5932032.22,1026.45,-,-,-999.00,-999.00,-999.00,-999.00,638.33,-0.00,0,0,Y,-
OP_3,2035.36,462991.64,5932020.33,1024.46,-,-,-999.00,-999.00,-999.00,-999.00,640.59,-0.00,0,0,Y,-
OP_3,2060.57,463014.07,5932008.96,1022.77,-,-,-999.00,-999.00,-999.00,-999.00,642.58,-0.00,0,0,Y,-
OP_3,2085.96,463036.85,5931997.86,1021.34,-,-,-999.00,-999.00,-999.00,-999.00,644.15,-0.00,0,0,Y,-
OP_3,2110.99,463059.50,5931987.25,1020.22,-,-,-999.00,-999.00,-999.00,-999.00,645.22,-0.00,0,0,Y,-
OP_3,2136.16,463082.42,5931976.89,1019.39,-,-,-999.00,-999.00,-999.00,-999.00,645.93,0.00,0,0,Y,-
OP_3,2161.44,463105.60,5931966.80,1018.85,-,-,-999.00,-999.00,-999.00,-999.00,646.26,0.00,0,0,Y,-
OP_3,2186.83,463129.01,5931956.97,1018.62,-,-,-999.00,-999.00,-999.00,-999.00,646.24,0.00,0,0,Y,-
OP_3,2212.31,463152.61,5931947.39,1018.72,-,-,-999.00,-999.00,-999.00,-999.00,645.77,0.00,0,0,Y,-
OP_3,2237.35,463175.92,5931938.26,1019.14,-,-,-999.00,-999.00,-999.00,-999.00,644.95,0.00,0,0,Y,-
OP_3,2262.44,463199.37,5931929.37,1019.90,-,-,-999.00,-999.00,-999.00,-999.00,643.85,0.00,0,0,Y,-
OP_3,2287.57,463222.94,5931920.72,1021.00,-,-,-999.00,-999.00,-999.00,-999.00,642.44,0.00,0,0,Y,-
OP_3,2312.73,463246.61,5931912.31,1022.47,-,-,-999.00,-999.00,-999.00,-999.00,640.80,0.00,0,0,Y,-
OP_3,2337.90,463270.34,5931904.14,1024.30,-,-,-999.00,-999.00,-999.00,-999.00,638.81,0.00,0,0,Y,-
OP_3,2363.06,463294.12,5931896.21,1026.52,-,-,-999.00,-999.00,-999.00,-999.00,636.45,0.00,0,0,Y,-
OP_3,2388.22,463317.93,5931888.51,1029.13,-,-,-999.00,-999.00,-999.00,-999.00,633.67,0.00,0,0,Y,-
OP_3,2413.85,463342.21,5931880.90,1032.21,-,-,-999.00,-999.00,-999.00,-999.00,630.33,0.00,0,0,Y,-
OP_3,2439.45,463366.47,5931873.53,1035.74,-,-,-999.00,-999.00,-999.00,-999.00,626.52,0.00,0,0,Y,-
OP_3,2464.99,463390.66,5931866.40,1039.71,-,-,-999.00,-999.00,-999.00,-999.00,622.22,0.00,0,0,Y,-
OP_3,2490.46,463414.78,5931859.51,1044.14,-,-,-999.00,-999.00,-999.00,-999.00,617.32,0.00,0,0,Y,-
OP_3,2516.36,463439.27,5931852.73,1049.15,-,-,-999.00,-999.00,-999.00,-999.00,611.29,0.00,0,0,Y,-
OP_3,2542.17,463463.62,5931846.19,1054.67,-,-,-999.00,-999.00,-999.00,-999.00,604.19,0.00,0,0,Y,-
OP_3,2568.38,463488.27,5931839.77,1060.84,-,-,-999.00,-999.00,-999.00,-999.00,596.55,0.00,0,0,Y,-
OP_3,2594.47,463512.72,5931833.61,1067.56,-,-,-999.00,-999.00,-999.00,-999.00,588.31,0.00,0,0,Y,-
OP_3,2620.94,463537.40,5931827.58,1075.00,-,-,-999.00,-999.00,-999.00,-999.00,579.00,0.00,0,0,Y,-
OP_3,2647.28,463561.80,5931821.81,1083.04,-,-,-999.00,-999.00,-999.00,-999.00,568.91,0.00,0,0,Y,-
OP_3,2673.97,463586.35,5931816.19,1091.88,-,-,-999.00,-999.00,-999.00,-999.00,558.03,0.00,0,0,Y,-
OP_3,2701.01,463611.00,5931810.74,1101.56,-,-,-999.00,-999.00,-999.00,-999.00,546.28,0.00,0,0,Y,-
OP_3,2728.39,463635.69,5931805.46,1112.15,-,-,-999.00,-999.00,-999.00,-999.00,533.33,0.00,0,0,Y,-
OP_3,2756.09,463660.36,5931800.38,1123.69,-,-,-999.00,-999.00,-999.00,-999.00,519.27,0.00,0,0,Y,-
OP_3,2784.13,463684.94,5931795.49,1136.25,-,-,-999.00,-999.00,-999.00,-999.00,504.22,0.00,0,0,Y,-
OP_3,2812.98,463709.78,5931790.75,1150.12,-,-,-999.00,-999.00,-999.00,-999.00,487.95,0.00,0,0,Y,-
OP_3,2842.17,463734.38,5931786.24,1165.18,-,-,-999.00,-999.00,-999.00,-999.00,471.20,0.00,0,0,Y,-
OP_3,2872.18,463759.02,5931781.92,1181.76,-,-,-999.00,-999.00,-999.00,-999.00,453.40,0.00,0,0,Y,-
OP_3,2903.53,463783.97,5931777.75,1200.27,-,-,-999.00,-999.00,-999.00,-999.00,433.67,0.00,0,0,Y,-
OP_3,2935.76,463808.67,5931773.84,1220.60,-,-,-999.00,-999.00,-999.00,-999.00,412.17,0.00,0,0,Y,-
OP_3,2969.90,463833.65,5931770.11,1243.55,-,-,-999.00,-999.00,-999.00,-999.00,388.33,0.00,0,0,Y,-
OP_3,3006.02,463858.61,5931766.63,1269.41,-,-,-999.00,-999.00,-999.00,-999.00,362.01,0.00,0,0,Y,-
OP_3,3044.74,463883.54,5931763.43,1298.87,-,-,-999.00,-999.00,-999.00,-999.00,332.03,0.00,0,0,Y,-
OP_3,3087.27,463908.53,5931760.55,1333.15,-,-,-999.00,-999.00,-999.00,-999.00,297.38,0.00,0,0,Y,-
OP_3,3135.46,463933.61,5931758.05,1374.20,-,-,-999.00,-999.00,-999.00,-999.00,256.09,0.00,0,0,Y,-
OP_3,3192.56,463958.71,5931756.08,1425.42,-,-,-999.00,-999.00,-999.00,-999.00,204.98,-0.00,0,0,Y,-
OP_3,3266.95,463983.83,5931754.97,1495.38,-,-,-999.00,-999.00,-999.00,-999.00,135.11,-0.00,0,0,Y,-
OP_3,3459.00,464013.04,5931757.87,1684.69,-,-,-999.00,-999.00,11.55,0.02,-999.00,-999.00,4,4,Y,-
OP_4,0.00,461809.59,5932990.36,0.00,-,D,-999.00,-999.00,-999.00,-999.00,1657.42,-0.00,0,0,Y,-
OP_4,98.41,461791.53,5933005.08,95.61,-,-,-999.00,-999.00,-999.00,-999.00,1560.97,-0.00,0,0,Y,-
OP_4,200.91,461772.09,5933020.93,195.00,-,-,-999.00,-999.00,-999.00,-999.00,1460.67,0.00,0,0,Y,-
OP_4,297.27,461752.61,5933036.81,288.02,-,-,-999.00,-999.00,-999.00,-999.00,1366.71,0.00,0,0,Y,-
OP_4,385.61,461733.15,5933052.68,372.71,-,-,-999.00,-999.00,-999.00,-999.00,1281.05,0.00,0,0,Y,-
OP_4,465.37,461713.74,5933068.50,448.44,-,-,-999.00,-999.00,-999.00,-999.00,1204.45,0.00,0,0,Y,-
OP_4,537.23,461694.34,5933084.32,515.79,-,-,-999.00,-999.00,-999.00,-999.00,1136.37,0.00,0,0,Y,-
OP_4,601.94,461674.93,5933100.14,575.45,-,-,-999.00,-999.00,-999.00,-999.00,1076.06,0.00,0,0,Y,-
OP_4,660.29,461655.53,5933115.96,628.15,-,-,-999.00,-999.00,-999.00,-999.00,1022.74,0.00,0,0,Y,-
OP_4,713.51,461635.98,5933131.89,675.01,-,-,-999.00,-999.00,-999.00,-999.00,975.30,0.00,0,0,Y,-
OP_4,762.08,461616.39,5933147.86,716.48,-,-,-999.00,-999.00,-999.00,-999.00,933.28,0.00,0,0,Y,-
OP_4,806.95,461596.81,5933163.83,753.56,-,-,-999.00,-999.00,-999.00,-999.00,895.70,0.00,0,0,Y,-
OP_4,849.19,461577.32,5933179.72,787.50,-,-,-999.00,-999.00,-999.00,-999.00,861.20,0.00,0,0,Y,-
OP_4,890.06,461557.74,5933195.68,819.62,-,-,-999.00,-999.00,-999.00,-999.00,828.49,0.00,0,0,Y,-
OP_4,929.72,461538.28,5933211.54,850.33,-,-,-999.00,-999.00,-999.00,-999.00,797.21,0.00,0,0,Y,-
OP_4,969.29,461518.67,5933227.53,880.75,-,-,-999.00,-999.00,-999.00,-999.00,766.21,0.00,0,0,Y,-
OP_4,1008.87,461499.07,5933243.51,911.19,-,-,-999.00,-999.00,-999.00,-999.00,734.94,0.00,0,0,Y,-
OP_4,1048.55,461479.66,5933259.34,941.97,-,-,-999.00,-999.00,-999.00,-999.00,703.62,0.00,0,0,Y,-
OP_4,1089.37,461460.18,5933275.22,974.14,-,-,-999.00,-999.00,-999.00,-999.00,671.00,0.00,0,0,Y,-
OP_4,1131.61,461440.73,5933291.08,1008.11,-,-,-999.00,-999.00,-999.00,-999.00,636.67,0.00,0,0,Y,-
OP_4,1176.03,461421.20,5933307.00,1044.69,-,-,-999.00,-999.00,-999.00,-999.00,599.81,0.00,0,0,Y,-
OP_4,1222.86,461401.80,5933322.81,1084.26,-,-,-999.00,-999.00,-999.00,-999.00,559.89,0.00,0,0,Y,-
OP_4,1273.71,461382.32,5933338.69,1128.46,-,-,-999.00,-999.00,-999.00,-999.00,515.34,0.00,0,0,Y,-
OP_4,1330.04,461362.84,5933354.57,1178.86,-,-,-999.00,-999.00,-999.00,-999.00,464.66,0.00,0,0,Y,-
OP_4,1394.54,461343.42,5933370.40,1238.28,-,-,-999.00,-999.00,-999.00,-999.00,404.99,0.00,0,0,Y,-
OP_4,1473.20,461324.03,5933386.21,1312.84,-,-,-999.00,-999.00,-999.00,-999.00,330.30,0.00,0,0,Y,-
OP_4,1582.91,461304.61,5933402.04,1419.60,-,-,-999.00,-999.00,-999.00,-999.00,223.60,-0.01,0,0,Y,-
OP_4,1854.50,461288.72,5933415.00,1690.00,-,-,-999.00,-999.00,9.05,0.03,-999.00,-999.00,4,4,Y,-
OP_5,0.00,461809.59,5932990.36,0.00,-,D,-999.00,-999.00,-999.00,-999.00,1657.42,-0.00,0,0,Y,-
OP_5,71.82,461831.48,5932988.22,68.36,-,-,-999.00,-999.00,-999.00,-999.00,1589.34,-0.00,0,0,Y,-
OP_5,151.85,461856.36,5932985.79,144.39,-,-,-999.00,-999.00,-999.00,-999.00,1513.73,-0.00,0,0,Y,-
OP_5,229.17,461881.41,5932983.34,217.50,-,-,-999.00,-999.00,-999.00,-999.00,1441.05,-0.00,0,0,Y,-
OP_5,302.02,461906.41,5932980.90,285.88,-,-,-999.00,-999.00,-999.00,-999.00,1373.11,-0.00,0,0,Y,-
OP_5,369.80,461931.32,5932978.46,348.87,-,-,-999.00,-999.00,-999.00,-999.00,1310.71,-0.00,0,0,Y,-
OP_5,433.06,461956.41,5932976.01,406.89,-,-,-999.00,-999.00,-999.00,-999.00,1253.43,-0.00,0,0,Y,-
OP_5,491.37,461981.43,5932973.56,459.49,-,-,-999.00,-999.00,-999.00,-999.00,1201.56,-0.00,0,0,Y,-
OP_5,545.37,462006.51,5932971.11,507.25,-,-,-999.00,-999.00,-999.00,-999.00,1154.52,-0.01,0,0,Y,-
OP_5,595.21,462031.52,5932968.67,550.29,-,-,-999.00,-999.00,-999.00,-999.00,1112.12,-0.01,0,0,Y,-
OP_5,641.54,462056.55,5932966.22,589.20,-,-,-999.00,-999.00,-999.00,-999.00,1073.80,-0.01,0,0,Y,-
OP_5,684.53,462081.45,5932963.79,624.15,-,-,-999.00,-999.00,-999.00,-999.00,1039.40,-0.01,0,0,Y,-
OP_5,725.25,462106.62,5932961.33,656.05,-,-,-999.00,-999.00,-999.00,-999.00,1008.03,-0.01,0,0,Y,-
OP_5,763.37,462131.66,5932958.88,684.68,-,-,-999.00,-999.00,-999.00,-999.00,979.96,-0.02,0,0,Y,-
OP_5,799.48,462156.73,5932956.43,710.55,-,-,-999.00,-999.00,-999.00,-999.00,954.66,-0.02,0,0,Y,-
OP_5,833.94,462181.89,5932953.97,733.97,-,-,-999.00,-999.00,-999.00,-999.00,931.81,-0.02,0,0,Y,-
OP_5,866.77,462206.88,5932951.53,755.12,-,-,-999.00,-999.00,-999.00,-999.00,910.94,-0.02,0,0,Y,-
OP_5,898.67,462231.90,5932949.08,774.76,-,-,-999.00,-999.00,-999.00,-999.00,888.86,-0.02,0,0,Y,-
OP_5,930.16,462257.11,5932946.62,793.45,-,-,-999.00,-999.00,-999.00,-999.00,864.38,-0.03,0,0,Y,-
OP_5,961.21,462282.31,5932944.16,811.43,-,-,-999.00,-999.00,-999.00,-999.00,840.59,-0.03,0,0,Y,-
OP_5,991.80,462307.31,5932941.71,828.88,-,-,-999.00,-999.00,-999.00,-999.00,818.14,-0.03,0,0,Y,-
OP_5,1022.40,462332.36,5932939.26,846.28,-,-,-999.00,-999.00,-999.00,-999.00,796.62,-0.03,0,0,Y,-
OP_5,1052.98,462357.30,5932936.83,863.81,-,-,-999.00,-999.00,-999.00,-999.00,775.99,-0.04,0,0,Y,-
OP_5,1084.00,462382.36,5932934.38,881.93,-,-,-999.00,-999.00,-999.00,-999.00,754.18,-0.04,0,0,Y,-
OP_5,1115.38,462407.32,5932931.94,900.79,-,-,-999.00,-999.00,-999.00,-999.00,731.77,-0.09,0,0,Y,-
OP_5,1147.29,462432.22,5932929.50,920.60,-,-,-999.00,-999.00,-999.00,-999.00,708.78,-0.07,0,0,Y,-
OP_5,1180.05,462457.21,5932927.06,941.65,-,-,-999.00,-999.00,-999.00,-999.00,685.33,-0.05,0,0,Y,-
OP_5,1213.68,462482.18,5932924.62,964.03,-,-,-999.00,-999.00,-999.00,-999.00,660.61,-0.05,0,0,Y,-
OP_5,1248.66,462507.35,5932922.16,988.20,-,-,-999.00,-999.00,-999.00,-999.00,634.11,-0.05,0,0,Y,-
OP_5,1284.60,462532.23,5932919.73,1014.01,-,-,-999.00,-999.00,-999.00,-999.00,606.00,-0.06,0,0,Y,-
OP_5,1322.46,462557.29,5932917.28,1042.28,-,-,-999.00,-999.00,-999.00,-999.00,575.47,-0.06,0,0,Y,-
OP_5,1362.36,462582.27,5932914.84,1073.29,-,-,-999.00,-999.00,-999.00,-999.00,542.23,-0.05,0,0,Y,-
OP_5,1404.92,462607.17,5932912.41,1107.72,-,-,-999.00,-999.00,-999.00,-999.00,505.70,-0.05,0,0,Y,-
OP_5,1451.31,462632.10,5932909.97,1146.75,-,-,-999.00,-999.00,-999.00,-999.00,464.78,-0.05,0,0,Y,-
OP_5,1503.34,462657.17,5932907.52,1192.27,-,-,-999.00,-999.00,-999.00,-999.00,417.66,-0.04,0,0,Y,-
OP_5,1563.18,462682.08,5932905.08,1246.60,-,-,-999.00,-999.00,-999.00,-999.00,361.74,-0.03,0,0,Y,-
OP_5,1637.13,462707.04,5932902.64,1316.15,-,-,-999.00,-999.00,-999.00,-999.00,290.62,-0.02,0,0,Y,-
OP_5,1742.38,462731.93,5932900.21,1418.32,-,-,-999.00,-999.00,-999.00,-999.00,187.29,-0.01,0,0,Y,-
OP_5,1975.00,462749.44,5932898.50,1649.90,-,-,-999.00,-999.00,5.02,0.00,-999.00,-999.00,4,4,Y,-
OP_6,0.00,461809.59,5932990.36,0.00,-,D,-999.00,-999.00,-999.00,-999.00,1657.42,-0.00,0,0,Y,-
OP_6,233.43,461828.23,5932991.32,231.50,-,-,-999.00,-999.00,-999.00,-999.00,1426.01,-0.00,0,0,Y,-
OP_6,355.05,461852.74,5932992.81,349.96,-,-,-999.00,-999.00,-999.00,-999.00,1307.76,-0.00,0,0,Y,-
OP_6,445.52,461877.41,5932994.32,436.50,-,-,-999.00,-999.00,-999.00,-999.00,1221.43,-0.00,0,0,Y,-
OP_6,520.98,461902.22,5932996.00,507.26,-,-,-999.00,-999.00,-999.00,-999.00,1150.87,-0.00,0,0,Y,-
OP_6,587.79,461927.11,5932997.48,568.90,-,-,-999.00,-999.00,-999.00,-999.00,1089.59,-0.00,0,0,Y,-
OP_6,648.10,461952.04,5932999.00,623.45,-,-,-999.00,-999.00,-999.00,-999.00,1035.62,-0.00,0,0,Y,-
OP_6,703.41,461976.91,5933000.57,672.48,-,-,-999.00,-999.00,-999.00,-999.00,987.22,-0.00,0,0,Y,-
OP_6,755.22,462001.89,5933002.13,717.50,-,-,-999.00,-999.00,-999.00,-999.00,942.82,-0.01,0,0,Y,-
OP_6,804.38,462026.99,5933003.52,759.55,-,-,-999.00,-999.00,-999.00,-999.00,901.40,-0.01,0,0,Y,-
OP_6,850.19,462051.78,5933005.17,797.67,-,-,-999.00,-999.00,-999.00,-999.00,863.82,-0.01,0,0,Y,-
OP_6,894.34,462076.70,5933006.57,833.90,-,-,-999.00,-999.00,-999.00,-999.00,828.17,-0.01,0,0,Y,-
OP_6,936.65,462101.70,5933008.24,867.62,-,-,-999.00,-999.00,-999.00,-999.00,795.03,-0.01,0,0,Y,-
OP_6,977.31,462126.60,5933009.71,899.52,-,-,-999.00,-999.00,-999.00,-999.00,763.69,-0.01,0,0,Y,-
OP_6,1016.96,462151.71,5933011.13,929.99,-,-,-999.00,-999.00,-999.00,-999.00,733.78,-0.02,0,0,Y,-
OP_6,1055.27,462176.82,5933012.84,958.46,-,-,-999.00,-999.00,-999.00,-999.00,705.84,-0.02,0,0,Y,-
OP_6,1092.43,462201.87,5933014.36,985.64,-,-,-999.00,-999.00,-999.00,-999.00,679.15,-0.02,0,0,Y,-
OP_6,1128.58,462226.90,5933015.85,1011.48,-,-,-999.00,-999.00,-999.00,-999.00,651.39,-0.02,0,0,Y,-
OP_6,1163.74,462251.84,5933017.32,1036.00,-,-,-999.00,-999.00,-999.00,-999.00,620.74,-0.03,0,0,Y,-
OP_6,1198.39,462276.99,5933018.80,1059.56,-,-,-999.00,-999.00,-999.00,-999.00,590.51,-0.03,0,0,Y,-
OP_6,1232.05,462301.95,5933020.27,1081.86,-,-,-999.00,-999.00,-999.00,-999.00,561.63,-0.03,0,0,Y,-
OP_6,1265.20,462327.04,5933021.74,1103.25,-,-,-999.00,-999.00,-999.00,-999.00,535.21,-0.03,0,0,Y,-
OP_6,1297.52,462352.02,5933023.57,1123.18,-,-,-999.00,-999.00,-999.00,-999.00,512.70,-0.03,0,0,Y,-
OP_6,1329.67,462377.29,5933025.11,1142.76,-,-,-999.00,-999.00,-999.00,-999.00,490.86,-0.04,0,0,Y,-
OP_6,1360.83,462402.17,5933026.63,1161.18,-,-,-999.00,-999.00,-999.00,-999.00,470.20,-0.04,0,0,Y,-
OP_6,1391.98,462427.45,5933028.18,1179.06,-,-,-999.00,-999.00,-999.00,-999.00,449.80,-0.04,0,0,Y,-
OP_6,1422.64,462452.69,5933029.72,1196.11,-,-,-999.00,-999.00,-999.00,-999.00,429.82,-0.04,0,0,Y,-
OP_6,1452.79,462477.86,5933031.26,1212.36,-,-,-999.00,-999.00,-999.00,-999.00,410.58,-0.05,0,0,Y,-
OP_6,1482.45,462502.95,5933032.80,1227.81,-,-,-999.00,-999.00,-999.00,-999.00,392.17,-0.05,0,0,Y,-
OP_6,1511.60,462527.91,5933034.33,1242.49,-,-,-999.00,-999.00,-999.00,-999.00,374.56,-0.05,0,0,Y,-
OP_6,1540.76,462553.16,5933035.88,1256.66,-,-,-999.00,-999.00,-999.00,-999.00,357.58,-0.05,0,0,Y,-
OP_6,1569.41,462578.25,5933037.42,1270.09,-,-,-999.00,-999.00,-999.00,-999.00,341.38,-0.05,0,0,Y,-
OP_6,1598.07,462603.60,5933038.97,1283.01,-,-,-999.00,-999.00,-999.00,-999.00,325.66,-0.04,0,0,Y,-
OP_6,1626.07,462628.66,5933040.23,1295.45,-,-,-999.00,-999.00,-999.00,-999.00,310.87,-0.03,0,0,Y,-
OP_6,1653.72,462653.61,5933041.80,1306.91,-,-,-999.00,-999.00,-999.00,-999.00,297.52,-0.02,0,0,Y,-
OP_6,1681.38,462678.78,5933043.39,1317.90,-,-,-999.00,-999.00,-999.00,-999.00,284.64,-0.01,0,0,Y,-
OP_6,1708.53,462703.67,5933045.09,1328.22,-,-,-999.00,-999.00,-999.00,-999.00,272.61,0.00,0,0,Y,-
OP_6,1735.59,462728.68,5933046.63,1338.28,-,-,-999.00,-999.00,-999.00,-999.00,260.92,0.02,0,0,Y,-
OP_6,1762.59,462753.64,5933048.15,1348.46,-,-,-999.00,-999.00,-999.00,-999.00,249.66,0.03,0,0,Y,-
OP_6,1789.59,462778.60,5933049.68,1358.64,-,-,-999.00,-999.00,-999.00,-999.00,238.45,0.05,0,0,Y,-
OP_6,1816.59,462803.56,5933051.21,1368.82,-,-,-999.00,-999.00,-999.00,-999.00,227.16,0.05,0,0,Y,-
OP_6,1843.59,462828.52,5933052.74,1379.01,-,-,-999.00,-999.00,-999.00,-999.00,216.25,0.05,0,0,Y,-
OP_6,1870.59,462853.48,5933054.27,1389.19,-,-,-999.00,-999.00,-999.00,-999.00,205.51,0.05,0,0,Y,-
OP_6,1897.59,462878.44,5933055.79,1399.37,-,-,-999.00,-999.00,-999.00,-999.00,194.67,0.05,0,0,Y,-
OP_6,1924.59,462903.40,5933057.32,1409.55,-,-,-999.00,-999.00,-999.00,-999.00,183.60,0.05,0,0,Y,-
OP_6,1951.59,462928.36,5933058.85,1419.73,-,-,-999.00,-999.00,-999.00,-999.00,170.26,0.05,0,0,Y,-
OP_6,1978.59,462953.32,5933060.38,1429.91,-,-,-999.00,-999.00,-999.00,-999.00,150.61,0.05,0,0,Y,-
OP_6,2005.59,462978.28,5933061.91,1440.10,-,-,-999.00,-999.00,-999.00,-999.00,131.21,0.05,0,0,Y,-
OP_6,2032.59,463003.24,5933063.43,1450.28,-,-,-999.00,-999.00,-999.00,-999.00,113.05,0.06,0,0,Y,-
OP_6,2059.59,463028.20,5933064.96,1460.46,-,-,-999.00,-999.00,-999.00,-999.00,96.38,0.06,0,0,Y,-
OP_6,2086.59,463053.16,5933066.49,1470.64,-,-,-999.00,-999.00,-999.00,-999.00,88.64,0.05,0,0,Y,-
OP_6,2113.59,463078.12,5933068.02,1480.82,-,-,-999.00,-999.00,-999.00,-999.00,79.46,0.05,0,0,Y,-
OP_6,2140.59,463103.08,5933069.55,1491.00,-,-,-999.00,-999.00,-999.00,-999.00,71.04,0.05,0,0,Y,-
OP_6,2167.59,463128.04,5933071.08,1501.19,-,-,-999.00,-999.00,-999.00,-999.00,62.28,0.05,0,0,Y,-
OP_6,2194.59,463153.00,5933072.60,1511.37,-,-,-999.00,-999.00,-999.00,-999.00,53.80,0.04,0,0,Y,-
OP_6,2221.59,463177.96,5933074.13,1521.55,-,-,-999.00,-999.00,-999.00,-999.00,45.32,0.04,0,0,Y,-
OP_6,2248.59,463202.92,5933075.66,1531.73,-,-,-999.00,-999.00,-999.00,-999.00,37.03,0.03,0,0,Y,-
OP_6,2275.59,463227.88,5933077.19,1541.91,-,-,-999.00,-999.00,-999.00,-999.00,28.81,0.03,0,0,Y,-
OP_6,2302.59,463252.84,5933078.71,1552.09,-,-,-999.00,-999.00,-999.00,-999.00,20.68,0.02,0,0,Y,-
OP_6,2329.59,463277.80,5933080.24,1562.28,-,-,-999.00,-999.00,-999.00,-999.00,12.55,0.01,0,0,Y,-
OP_6,2356.59,463302.76,5933081.77,1572.46,-,-,-999.00,-999.00,-999.00,-999.00,4.41,0.05,0,0,Y,-
OP_6,2384.59,463328.65,5933083.36,1583.02,-,-,15.71,0.06,4.16,-0.01,11.55,0.08,1,1,Y,-
OP_6,2411.59,463353.77,5933084.45,1592.82,-,-,15.61,0.05,12.12,0.05,3.49,0.01,1,1,Y,-
OP_6,2445.09,463385.71,5933083.35,1602.80,-,-,17.17,1.36,4.02,-0.03,13.15,1.39,2,2,Y,-
OP_6,2471.09,463410.86,5933080.55,1608.72,-,-,17.56,1.41,7.91,-0.08,9.65,1.49,2,2,Y,-
OP_6,2496.59,463435.60,5933076.11,1612.98,-,-,17.75,1.47,10.47,-0.13,7.27,1.59,2,2,Y,-
OP_6,2522.10,463460.26,5933070.15,1615.56,-,-,17.79,1.52,11.63,-0.17,6.16,1.70,2,2,Y,-
OP_6,2547.61,463484.73,5933063.11,1616.91,-,-,17.67,1.56,11.63,-0.19,6.04,1.76,2,2,Y,-
OP_6,2573.12,463508.45,5933055.19,1617.22,-,-,17.35,1.53,10.67,-0.08,6.68,1.60,2,2,Y,-
OP_6,2598.62,463532.74,5933047.45,1617.91,-,-,16.98,1.48,9.86,0.05,7.13,1.43,2,2,Y,-
OP_6,2624.12,463557.03,5933039.71,1618.60,-,-,16.61,1.42,8.94,0.16,7.67,1.26,2,2,Y,-
OP_6,2649.62,463581.31,5933031.97,1619.28,-,-,16.25,1.37,8.20,0.25,8.05,1.11,2,2,Y,-
OP_6,2675.12,463605.60,5933024.23,1619.97,-,-,15.98,1.31,7.72,0.34,8.26,0.98,2,2,Y,-
OP_6,2700.62,463629.89,5933016.49,1620.66,-,-,15.78,1.26,7.08,0.40,8.70,0.86,2,2,Y,-
OP_6,2726.12,463654.17,5933008.74,1621.35,-,-,15.69,1.21,6.07,0.45,9.62,0.75,2,2,Y,-
OP_6,2751.62,463678.46,5933001.00,1622.03,-,-,15.70,1.15,4.98,0.49,10.72,0.67,2,2,Y,-
OP_6,2777.12,463702.75,5932993.26,1622.72,-,-,15.80,1.10,3.81,0.51,11.99,0.60,2,2,Y,-
OP_6,2802.62,463727.03,5932985.52,1623.41,-,-,15.91,1.05,2.44,0.39,13.47,0.66,2,2,Y,-
OP_6,2865.62,463787.04,5932966.40,1625.10,-,-,20.66,0.68,19.10,-0.24,1.56,0.92,1,1,Y,-
OP_6,2891.12,463811.32,5932958.66,1625.79,-,-,20.94,0.99,18.00,-0.56,2.94,1.55,1,1,Y,-
OP_6,2916.62,463835.61,5932950.91,1626.48,-,-,21.12,1.21,17.14,-0.76,3.99,1.97,1,1,Y,-
OP_6,2942.12,463859.90,5932943.17,1627.17,-,-,21.23,1.36,16.40,-0.90,4.83,2.25,1,1,Y,-
OP_6,2967.62,463884.18,5932935.43,1627.85,-,-,21.32,1.49,15.62,-1.02,5.71,2.50,1,1,Y,-
OP_6,2993.12,463908.47,5932927.69,1628.54,-,-,21.41,1.62,14.83,-1.14,6.57,2.76,1,1,Y,-
OP_6,3018.62,463932.76,5932919.95,1629.23,-,-,21.49,1.76,14.19,-1.27,7.30,3.02,1,1,Y,-
OP_6,3044.12,463957.05,5932912.21,1629.92,-,-,21.58,1.91,13.64,-1.41,7.94,3.32,1,1,Y,-
OP_6,3069.62,463981.33,5932904.47,1630.60,-,-,21.70,2.10,13.01,-1.59,8.69,3.68,1,1,Y,-
OP_6,3095.12,464005.62,5932896.73,1631.29,-,-,21.84,2.30,12.34,-1.78,9.50,4.08,1,1,Y,-
OP_6,3120.62,464029.91,5932888.99,1631.98,-,-,21.98,2.50,11.90,-1.98,10.08,4.48,1,1,Y,-
OP_6,3146.12,464054.19,5932881.25,1632.66,-,-,22.11,2.72,11.95,-2.18,10.16,4.90,1,1,Y,-
OP_6,3171.62,464078.48,5932873.50,1633.35,-,-,22.24,2.93,12.03,-2.39,10.22,5.32,1,1,Y,-
OP_6,3197.12,464102.77,5932865.76,1634.04,-,-,22.37,3.15,12.14,-2.60,10.24,5.75,1,1,Y,-
OP_6,3222.62,464127.05,5932858.02,1634.73,-,-,22.51,3.37,12.41,-2.82,10.10,6.18,1,1,Y,-
OP_6,3248.12,464151.34,5932850.28,1635.41,-,-,22.68,3.59,13.41,-3.03,9.27,6.62,1,1,Y,-
OP_6,3273.62,464175.63,5932842.54,1636.10,-,-,22.86,3.82,14.26,-3.25,8.60,7.07,1,1,Y,-
OP_6,3299.12,464199.91,5932834.80,1636.79,-,-,23.04,4.05,15.02,-3.48,8.02,7.52,1,1,Y,-
OP_6,3324.62,464224.20,5932827.06,1637.47,-,-,23.21,4.28,15.83,-3.70,7.38,7.98,1,1,Y,Y
OP_6,3350.12,464248.49,5932819.32,1638.16,-,-,23.37,4.50,16.79,-3.93,6.57,8.44,1,1,Y,Y
OP_6,3375.62,464272.78,5932811.58,1638.85,-,-,23.50,4.74,17.81,-4.16,5.69,8.90,1,1,Y,Y
OP_6,3401.12,464297.06,5932803.84,1639.54,-,-,23.63,4.96,18.85,-4.38,4.78,9.34,1,1,Y,Y
OP_6,3426.62,464321.35,5932796.09,1640.22,-,-,23.73,5.16,19.81,-4.58,3.92,9.73,1,1,Y,Y
OP_6,3452.12,464345.64,5932788.35,1640.91,-,-,23.82,5.34,20.50,-4.77,3.32,10.11,1,1,Y,Y
OP_6,3477.62,464369.92,5932780.61,1641.60,-,-,23.91,5.53,21.09,-4.95,2.82,10.48,1,1,Y,Y
OP_6,3503.12,464394.21,5932772.87,1642.29,-,-,24.00,5.71,21.64,-5.13,2.36,10.84,1,1,Y,Y
OP_6,3540.62,464429.93,5932761.49,1643.30,-,-,24.05,5.88,22.37,-5.30,1.67,11.17,1,1,Y,Y
