DATE,WELL,WBHP,WBP,WBP4,WBP9,WGIR,WGIRH,WGIT,WGITH,WGLIR,WGOR,WGORH,WGPR,WGPRH,WGPT,WGPTH,WLPR,WMCTL,WOGLR,WOPR,WOPRH,WOPT,WOPTH,WPI,WTHP,WVPR,WWCT,WWCTH,WWIR,WWIRH,WWIT,WWITH,WWPR,WWPRH,WWPT,WWPTH
2000-01-01,OP_1,0.0,0.0,0.0,0.0,0.0,0.0,0.0,0.0,0.0,0.0,0.0,0.0,0.0,0.0,0.0,0.0,0.0,0.0,0.0,0.0,0.0,0.0,0.0,0.0,0.0,0.0,0.0,0.0,0.0,0.0,0.0,0.0,0.0,0.0,0.0
2000-01-01,OP_2,0.0,0.0,0.0,0.0,0.0,0.0,0.0,0.0,0.0,0.0,0.0,0.0,0.0,0.0,0.0,0.0,0.0,0.0,0.0,0.0,0.0,0.0,0.0,0.0,0.0,0.0,0.0,0.0,0.0,0.0,0.0,0.0,0.0,0.0,0.0
2000-01-01,OP_3,0.0,0.0,0.0,0.0,0.0,0.0,0.0,0.0,0.0,0.0,0.0,0.0,0.0,0.0,0.0,0.0,0.0,0.0,0.0,0.0,0.0,0.0,0.0,0.0,0.0,0.0,0.0,0.0,0.0,0.0,0.0,0.0,0.0,0.0,0.0
2000-01-01,OP_4,0.0,0.0,0.0,0.0,0.0,0.0,0.0,0.0,0.0,0.0,0.0,0.0,0.0,0.0,0.0,0.0,0.0,0.0,0.0,0.0,0.0,0.0,0.0,0.0,0.0,0.0,0.0,0.0,0.0,0.0,0.0,0.0,0.0,0.0,0.0
2000-01-01,OP_5,0.0,0.0,0.0,0.0,0.0,0.0,0.0,0.0,0.0,0.0,0.0,0.0,0.0,0.0,0.0,0.0,0.0,0.0,0.0,0.0,0.0,0.0,0.0,0.0,0.0,0.0,0.0,0.0,0.0,0.0,0.0,0.0,0.0,0.0,0.0
2000-01-01,WI_1,0.0,0.0,0.0,0.0,0.0,0.0,0.0,0.0,0.0,0.0,0.0,0.0,0.0,0.0,0.0,0.0,0.0,0.0,0.0,0.0,0.0,0.0,0.0,0.0,0.0,0.0,0.0,0.0,0.0,0.0,0.0,0.0,0.0,0.0,0.0
2000-01-01,WI_2,0.0,0.0,0.0,0.0,0.0,0.0,0.0,0.0,0.0,0.0,0.0,0.0,0.0,0.0,0.0,0.0,0.0,0.0,0.0,0.0,0.0,0.0,0.0,0.0,0.0,0.0,0.0,0.0,0.0,0.0,0.0,0.0,0.0,0.0,0.0
2000-01-01,WI_3,0.0,0.0,0.0,0.0,0.0,0.0,0.0,0.0,0.0,0.0,0.0,0.0,0.0,0.0,0.0,0.0,0.0,0.0,0.0,0.0,0.0,0.0,0.0,0.0,0.0,0.0,0.0,0.0,0.0,0.0,0.0,0.0,0.0,0.0,0.0
2000-02-01,OP_1,0.0,0.0,0.0,0.0,0.0,0.0,0.0,0.0,0.0,0.0,0.0,0.0,0.0,0.0,0.0,0.0,0.0,0.0,0.0,0.0,0.0,0.0,0.0,0.0,0.0,0.0,0.0,0.0,0.0,0.0,0.0,0.0,0.0,0.0,0.0
2000-02-01,OP_2,0.0,0.0,0.0,0.0,0.0,0.0,0.0,0.0,0.0,0.0,0.0,0.0,0.0,0.0,0.0,0.0,0.0,0.0,0.0,0.0,0.0,0.0,0.0,0.0,0.0,0.0,0.0,0.0,0.0,0.0,0.0,0.0,0.0,0.0,0.0
2000-02-01,OP_3,0.0,0.0,0.0,0.0,0.0,0.0,0.0,0.0,0.0,0.0,0.0,0.0,0.0,0.0,0.0,0.0,0.0,0.0,0.0,0.0,0.0,0.0,0.0,0.0,0.0,0.0,0.0,0.0,0.0,0.0,0.0,0.0,0.0,0.0,0.0
2000-02-01,OP_4,0.0,0.0,0.0,0.0,0.0,0.0,0.0,0.0,0.0,0.0,0.0,0.0,0.0,0.0,0.0,0.0,0.0,0.0,0.0,0.0,0.0,0.0,0.0,0.0,0.0,0.0,0.0,0.0,0.0,0.0,0.0,0.0,0.0,0.0,0.0
2000-02-01,OP_5,0.0,0.0,0.0,0.0,0.0,0.0,0.0,0.0,0.0,0.0,0.0,0.0,0.0,0.0,0.0,0.0,0.0,0.0,0.0,0.0,0.0,0.0,0.0,0.0,0.0,0.0,0.0,0.0,0.0,0.0,0.0,0.0,0.0,0.0,0.0
2000-02-01,WI_1,0.0,0.0,0.0,0.0,0.0,0.0,0.0,0.0,0.0,0.0,0.0,0.0,0.0,0.0,0.0,0.0,0.0,0.0,0.0,0.0,0.0,0.0,0.0,0.0,0.0,0.0,0.0,0.0,0.0,0.0,0.0,0.0,0.0,0.0,0.0
2000-02-01,WI_2,0.0,0.0,0.0,0.0,0.0,0.0,0.0,0.0,0.0,0.0,0.0,0.0,0.0,0.0,0.0,0.0,0.0,0.0,0.0,0.0,0.0,0.0,0.0,0.0,0.0,0.0,0.0,0.0,0.0,0.0,0.0,0.0,0.0,0.0,0.0
2000-02-01,WI_3,0.0,0.0,0.0,0.0,0.0,0.0,0.0,0.0,0.0,0.0,0.0,0.0,0.0,0.0,0.0,0.0,0.0,0.0,0.0,0.0,0.0,0.0,0.0,0.0,0.0,0.0,0.0,0.0,0.0,0.0,0.0,0.0,0.0,0.0,0.0
2000-03-01,OP_1,275.541748046875,278.5735168457031,280.0398254394531,279.4659729003906,0.0,0.0,0.0,0.0,0.0,184.0,184.0328826904297,710654.25,710735.0,20608964.0,20611316.0,3862.25341796875,5.0,0.0,3862.25146484375,3862.0,112005.2421875,111998.0,1293.7740478515625,0.0,6174.69921875,4.983613735021208e-07,0.0,0.0,0.0,0.0,0.0,0.0019247978925704956,0.0,0.1276378333568573,0.0
2000-03-01,OP_2,277.6331481933594,282.89276123046875,285.03076171875,284.16302490234375,0.0,0.0,0.0,0.0,0.0,184.0,184.0321044921875,702187.5,702266.5,20363450.0,20365728.0,3816.24755859375,5.0,0.0,3816.236328125,3816.0,110670.921875,110664.0,731.5681762695312,0.0,6101.14306640625,2.9021659884165274e-06,0.0,0.0,0.0,0.0,0.0,0.011075383983552456,0.0,0.21855351328849792,0.0
2000-03-01,OP_3,290.5257568359375,293.2217102050781,294.104736328125,293.73492431640625,0.0,0.0,0.0,0.0,0.0,184.0,184.00311279296875,710612.0625,710620.0,20607736.0,20607980.0,3862.025146484375,5.0,0.0,3862.02197265625,3862.0,111998.5625,111998.0,1477.5306396484375,0.0,6174.33349609375,7.99148097030411e-07,0.0,0.0,0.0,0.0,0.0,0.003086330136284232,0.0,0.2042442262172699,0.0
2000-03-01,OP_4,0.0,0.0,0.0,0.0,0.0,0.0,0.0,0.0,0.0,0.0,0.0,0.0,0.0,0.0,0.0,0.0,0.0,0.0,0.0,0.0,0.0,0.0,0.0,0.0,0.0,0.0,0.0,0.0,0.0,0.0,0.0,0.0,0.0,0.0,0.0
2000-03-01,OP_5,0.0,0.0,0.0,0.0,0.0,0.0,0.0,0.0,0.0,0.0,0.0,0.0,0.0,0.0,0.0,0.0,0.0,0.0,0.0,0.0,0.0,0.0,0.0,0.0,0.0,0.0,0.0,0.0,0.0,0.0,0.0,0.0,0.0,0.0,0.0
2000-03-01,WI_1,350.3876037597656,332.5187072753906,327.71893310546875,329.7605895996094,0.0,0.0,0.0,0.0,0.0,0.0,0.0,0.0,0.0,0.0,0.0,0.0,2.0,0.0,0.0,0.0,0.0,0.0,270.5269470214844,0.0,0.0,0.0,0.0,4827.0,4827.0,139983.0,139983.0,0.0,0.0,0.0,0.0
2000-03-01,WI_2,0.0,0.0,0.0,0.0,0.0,0.0,0.0,0.0,0.0,0.0,0.0,0.0,0.0,0.0,0.0,0.0,0.0,0.0,0.0,0.0,0.0,0.0,0.0,0.0,0.0,0.0,0.0,0.0,0.0,0.0,0.0,0.0,0.0,0.0,0.0
2000-03-01,WI_3,0.0,0.0,0.0,0.0,0.0,0.0,0.0,0.0,0.0,0.0,0.0,0.0,0.0,0.0,0.0,0.0,0.0,0.0,0.0,0.0,0.0,0.0,0.0,0.0,0.0,0.0,0.0,0.0,0.0,0.0,0.0,0.0,0.0,0.0,0.0
2000-04-01,OP_1,263.2579040527344,266.3394775390625,267.8321838378906,267.24835205078125,0.0,0.0,0.0,0.0,0.0,184.0,184.0294952392578,736043.0,736118.0,43426296.0,43430972.0,4000.235595703125,5.0,0.0,4000.233642578125,4000.0,236012.484375,235998.0,1319.41845703125,0.0,6408.5869140625,5.01831721066992e-07,0.0,0.0,0.0,0.0,0.0,0.0020074453204870224,0.0,0.18969956040382385,0.0
2000-04-01,OP_2,277.6973876953125,281.3321228027344,282.99713134765625,282.2950134277344,0.0,0.0,0.0,0.0,0.0,184.0,184.04443359375,432523.09375,415619.8125,33781868.0,33249942.0,2354.194091796875,5.0,0.0,2350.6689453125,2258.258056640625,183597.109375,180670.0,649.5316162109375,0.0,3769.5322265625,0.0014973538927733898,0.06100277230143547,0.0,0.0,0.0,0.0,3.52506160736084,146.70970153808594,26.990793228149414,4548.0009765625
2000-04-01,OP_3,283.18328857421875,285.9483642578125,286.8510437011719,286.4729309082031,0.0,0.0,0.0,0.0,0.0,184.0,184.04576110839844,735882.6875,735999.0,43420096.0,43423948.0,3999.36572265625,5.0,0.0,3999.3623046875,3999.0,235978.78125,235967.0,1494.0458984375,0.0,6407.1923828125,8.057423315221968e-07,0.0,0.0,0.0,0.0,0.0,0.003222458064556122,0.0,0.30380305647850037,0.0
2000-04-01,OP_4,0.0,0.0,0.0,0.0,0.0,0.0,0.0,0.0,0.0,0.0,0.0,0.0,0.0,0.0,0.0,0.0,0.0,0.0,0.0,0.0,0.0,0.0,0.0,0.0,0.0,0.0,0.0,0.0,0.0,0.0,0.0,0.0,0.0,0.0,0.0
2000-04-01,OP_5,0.0,0.0,0.0,0.0,0.0,0.0,0.0,0.0,0.0,0.0,0.0,0.0,0.0,0.0,0.0,0.0,0.0,0.0,0.0,0.0,0.0,0.0,0.0,0.0,0.0,0.0,0.0,0.0,0.0,0.0,0.0,0.0,0.0,0.0,0.0
2000-04-01,WI_1,351.4662780761719,332.9563903808594,327.9920654296875,330.1028747558594,0.0,0.0,0.0,0.0,0.0,0.0,0.0,0.0,0.0,0.0,0.0,0.0,2.0,0.0,0.0,0.0,0.0,0.0,270.53228759765625,0.0,0.0,0.0,0.0,5000.0,5000.0,294983.0,294983.0,0.0,0.0,0.0,0.0
2000-04-01,WI_2,0.0,0.0,0.0,0.0,0.0,0.0,0.0,0.0,0.0,0.0,0.0,0.0,0.0,0.0,0.0,0.0,0.0,0.0,0.0,0.0,0.0,0.0,0.0,0.0,0.0,0.0,0.0,0.0,0.0,0.0,0.0,0.0,0.0,0.0,0.0
2000-04-01,WI_3,0.0,0.0,0.0,0.0,0.0,0.0,0.0,0.0,0.0,0.0,0.0,0.0,0.0,0.0,0.0,0.0,0.0,0.0,0.0,0.0,0.0,0.0,0.0,0.0,0.0,0.0,0.0,0.0,0.0,0.0,0.0,0.0,0.0,0.0,0.0
2000-05-01,OP_1,254.34156799316406,257.3796081542969,258.8592834472656,258.28070068359375,0.0,0.0,0.0,0.0,0.0,184.0,184.0294952392578,736043.4375,736118.0,65507588.0,65514512.0,4000.238037109375,5.0,0.0,4000.23583984375,4000.0,356019.5,355998.0,1338.53857421875,0.0,6420.1181640625,5.044164481660118e-07,0.0,0.0,0.0,0.0,0.0,0.002017785795032978,0.0,0.25010934472084045,0.0
2000-05-01,OP_2,276.1961975097656,279.8485107421875,281.1866455078125,280.6095275878906,0.0,0.0,0.0,0.0,0.0,184.0,184.08755493164062,302109.34375,223402.59375,42934532.0,39952020.0,1685.144775390625,5.0,0.0,1641.898681640625,1213.5670166015625,233339.859375,217077.015625,450.576904296875,0.0,2679.770751953125,0.025663146749138832,0.3687668442726135,0.0,0.0,0.0,0.0,43.246116638183594,708.9666748046875,583.0485229492188,25817.001953125
2000-05-01,OP_3,276.9062194824219,279.64544677734375,280.5382080078125,280.1642150878906,0.0,0.0,0.0,0.0,0.0,184.0,184.01475524902344,736021.4375,736059.0,65500736.0,65505720.0,4000.11962890625,5.0,0.0,4000.116455078125,4000.0,355982.25,355967.0,1509.006103515625,0.0,6419.927734375,8.10996880318271e-07,0.0,0.0,0.0,0.0,0.0,0.0032440845388919115,0.0,0.40087011456489563,0.0
2000-05-01,OP_4,0.0,0.0,0.0,0.0,0.0,0.0,0.0,0.0,0.0,0.0,0.0,0.0,0.0,0.0,0.0,0.0,0.0,0.0,0.0,0.0,0.0,0.0,0.0,0.0,0.0,0.0,0.0,0.0,0.0,0.0,0.0,0.0,0.0,0.0,0.0
2000-05-01,OP_5,0.0,0.0,0.0,0.0,0.0,0.0,0.0,0.0,0.0,0.0,0.0,0.0,0.0,0.0,0.0,0.0,0.0,0.0,0.0,0.0,0.0,0.0,0.0,0.0,0.0,0.0,0.0,0.0,0.0,0.0,0.0,0.0,0.0,0.0,0.0
2000-05-01,WI_1,347.92987060546875,329.4170227050781,324.45281982421875,326.56488037109375,0.0,0.0,0.0,0.0,0.0,0.0,0.0,0.0,0.0,0.0,0.0,0.0,2.0,0.0,0.0,0.0,0.0,0.0,270.4891052246094,0.0,0.0,0.0,0.0,5000.0,5000.0,444983.0,444983.0,0.0,0.0,0.0,0.0
2000-05-01,WI_2,0.0,0.0,0.0,0.0,0.0,0.0,0.0,0.0,0.0,0.0,0.0,0.0,0.0,0.0,0.0,0.0,0.0,0.0,0.0,0.0,0.0,0.0,0.0,0.0,0.0,0.0,0.0,0.0,0.0,0.0,0.0,0.0,0.0,0.0,0.0
2000-05-01,WI_3,0.0,0.0,0.0,0.0,0.0,0.0,0.0,0.0,0.0,0.0,0.0,0.0,0.0,0.0,0.0,0.0,0.0,0.0,0.0,0.0,0.0,0.0,0.0,0.0,0.0,0.0,0.0,0.0,0.0,0.0,0.0,0.0,0.0,0.0,0.0
2000-06-01,OP_1,246.64158630371094,249.64108276367188,251.10940551757812,250.535400390625,0.0,0.0,0.0,0.0,0.0,184.0,184.0294952392578,736043.4375,736118.0,88324936.0,88334168.0,4000.23828125,5.0,0.0,4000.236083984375,4000.0,480026.8125,479998.0,1356.0615234375,0.0,6431.212890625,5.0629370207389e-07,0.0,0.0,0.0,0.0,0.0,0.0020252952817827463,0.0,0.3127988278865814,0.0
2000-06-01,OP_2,272.049072265625,276.6236572265625,277.8406982421875,277.3079833984375,0.0,0.0,0.0,0.0,0.0,184.0,184.1224365234375,243817.0,166345.703125,50705532.0,45108736.0,1478.0301513671875,5.0,0.0,1325.0924072265625,903.4515991210938,275573.53125,245084.015625,289.47064208984375,0.0,2288.23974609375,0.10347405821084976,0.47247180342674255,0.0,0.0,0.0,0.0,152.93777465820312,809.1613159179688,3539.177734375,50901.0
2000-06-01,OP_3,270.94207763671875,273.6560363769531,274.5392150878906,274.169189453125,0.0,0.0,0.0,0.0,0.0,184.0,184.04049682617188,736059.5625,736162.0,88318584.0,88326744.0,4000.3271484375,5.0,0.0,4000.32373046875,4000.0,479992.28125,479967.0,1523.694580078125,0.0,6431.35498046875,8.1565241316639e-07,0.0,0.0,0.0,0.0,0.0,0.0032628763001412153,0.0,0.501774787902832,0.0
2000-06-01,OP_4,0.0,0.0,0.0,0.0,0.0,0.0,0.0,0.0,0.0,0.0,0.0,0.0,0.0,0.0,0.0,0.0,0.0,0.0,0.0,0.0,0.0,0.0,0.0,0.0,0.0,0.0,0.0,0.0,0.0,0.0,0.0,0.0,0.0,0.0,0.0
2000-06-01,OP_5,0.0,0.0,0.0,0.0,0.0,0.0,0.0,0.0,0.0,0.0,0.0,0.0,0.0,0.0,0.0,0.0,0.0,0.0,0.0,0.0,0.0,0.0,0.0,0.0,0.0,0.0,0.0,0.0,0.0,0.0,0.0,0.0,0.0,0.0,0.0
2000-06-01,WI_1,342.748291015625,324.2311096191406,319.26531982421875,321.37841796875,0.0,0.0,0.0,0.0,0.0,0.0,0.0,0.0,0.0,0.0,0.0,0.0,2.0,0.0,0.0,0.0,0.0,0.0,270.42584228515625,0.0,0.0,0.0,0.0,5000.0,5000.0,599983.0,599983.0,0.0,0.0,0.0,0.0
2000-06-01,WI_2,0.0,0.0,0.0,0.0,0.0,0.0,0.0,0.0,0.0,0.0,0.0,0.0,0.0,0.0,0.0,0.0,0.0,0.0,0.0,0.0,0.0,0.0,0.0,0.0,0.0,0.0,0.0,0.0,0.0,0.0,0.0,0.0,0.0,0.0,0.0
2000-06-01,WI_3,0.0,0.0,0.0,0.0,0.0,0.0,0.0,0.0,0.0,0.0,0.0,0.0,0.0,0.0,0.0,0.0,0.0,0.0,0.0,0.0,0.0,0.0,0.0,0.0,0.0,0.0,0.0,0.0,0.0,0.0,0.0,0.0,0.0,0.0,0.0
2000-07-01,OP_1,242.4282684326172,245.40625,246.89910888671875,246.31475830078125,0.0,0.0,0.0,0.0,0.0,184.0,184.0294952392578,736043.4375,736118.0,110406240.0,110417712.0,4000.23828125,5.0,0.0,4000.236083984375,4000.0,600033.875,599998.0,1365.6868896484375,0.0,6437.11181640625,5.085698830953334e-07,0.0,0.0,0.0,0.0,0.0,0.002034400822594762,0.0,0.3737112283706665,0.0
2000-07-01,OP_2,270.0748291015625,275.0714416503906,276.22698974609375,275.7139892578125,0.0,0.0,0.0,0.0,0.0,184.0,184.1410675048828,202727.0,134183.59375,56973956.0,49134244.0,1355.717041015625,5.0,0.0,1101.777099609375,728.7000122070312,309641.0625,266945.0,219.89222717285156,0.0,2035.14111328125,0.18731042742729187,0.5339899063110352,0.0,0.0,0.0,0.0,253.93995666503906,835.0,9582.515625,75951.0
2000-07-01,OP_3,268.2002868652344,270.53515625,271.2964782714844,270.9774475097656,0.0,0.0,0.0,0.0,0.0,184.0,184.01756286621094,639054.25,639093.0,107490208.0,107499528.0,3473.123779296875,5.0,0.0,3473.12109375,3473.0,584185.9375,584157.0,1531.347900390625,0.0,5588.88818359375,8.181129942386178e-07,0.0,0.0,0.0,0.0,0.0,0.002841407898813486,0.0,0.5868821144104004,0.0
2000-07-01,OP_4,0.0,0.0,0.0,0.0,0.0,0.0,0.0,0.0,0.0,0.0,0.0,0.0,0.0,0.0,0.0,0.0,0.0,0.0,0.0,0.0,0.0,0.0,0.0,0.0,0.0,0.0,0.0,0.0,0.0,0.0,0.0,0.0,0.0,0.0,0.0
2000-07-01,OP_5,0.0,0.0,0.0,0.0,0.0,0.0,0.0,0.0,0.0,0.0,0.0,0.0,0.0,0.0,0.0,0.0,0.0,0.0,0.0,0.0,0.0,0.0,0.0,0.0,0.0,0.0,0.0,0.0,0.0,0.0,0.0,0.0,0.0,0.0,0.0
2000-07-01,WI_1,338.2593994140625,319.7384948730469,314.771484375,316.8857116699219,0.0,0.0,0.0,0.0,0.0,0.0,0.0,0.0,0.0,0.0,0.0,0.0,2.0,0.0,0.0,0.0,0.0,0.0,270.3710632324219,0.0,0.0,0.0,0.0,5000.0,5000.0,749983.0,749983.0,0.0,0.0,0.0,0.0
2000-07-01,WI_2,367.4750671386719,322.8818359375,317.34619140625,319.9272155761719,0.0,0.0,0.0,0.0,0.0,0.0,0.0,0.0,0.0,0.0,0.0,0.0,2.0,0.0,0.0,0.0,0.0,0.0,108.52037048339844,0.0,0.0,0.0,0.0,4833.0,4833.0,144990.0,144990.0,0.0,0.0,0.0,0.0
2000-07-01,WI_3,0.0,0.0,0.0,0.0,0.0,0.0,0.0,0.0,0.0,0.0,0.0,0.0,0.0,0.0,0.0,0.0,0.0,0.0,0.0,0.0,0.0,0.0,0.0,0.0,0.0,0.0,0.0,0.0,0.0,0.0,0.0,0.0,0.0,0.0,0.0
2000-08-01,OP_1,239.83079528808594,242.7958526611328,244.31015014648438,243.7171173095703,0.0,0.0,0.0,0.0,0.0,184.0,184.0294952392578,736043.4375,736118.0,133223584.0,133237368.0,4000.23828125,5.0,0.0,4000.236328125,4000.0,724041.25,723998.0,1371.6199951171875,0.0,6441.1318359375,5.101750275571248e-07,0.0,0.0,0.0,0.0,0.0,0.0020408215932548046,0.0,0.436899870634079,0.0
2000-08-01,OP_2,268.6709899902344,274.536865234375,275.72442626953125,275.1911926269531,0.0,0.0,0.0,0.0,0.0,184.0,184.13865661621094,186807.453125,119030.796875,62943424.0,52824200.0,1381.966064453125,5.0,0.0,1015.2579345703125,646.4193725585938,342083.84375,286984.0,172.4169464111328,0.0,2013.4005126953125,0.2653525173664093,0.592918336391449,0.0,0.0,0.0,0.0,366.7081604003906,941.51611328125,19442.64453125,105138.0
2000-08-01,OP_3,267.0473937988281,269.01837158203125,269.66229248046875,269.3924255371094,0.0,0.0,0.0,0.0,0.0,184.0,184.05760192871094,543056.0,543154.0,124324928.0,124337304.0,2951.393798828125,5.0,0.0,2951.391357421875,2951.0,675678.9375,675638.0,1535.0672607421875,0.0,4752.29541015625,8.193528628908098e-07,0.0,0.0,0.0,0.0,0.0,0.002418232848867774,0.0,0.6617783308029175,0.0
2000-08-01,OP_4,0.0,0.0,0.0,0.0,0.0,0.0,0.0,0.0,0.0,0.0,0.0,0.0,0.0,0.0,0.0,0.0,0.0,0.0,0.0,0.0,0.0,0.0,0.0,0.0,0.0,0.0,0.0,0.0,0.0,0.0,0.0,0.0,0.0,0.0,0.0
2000-08-01,OP_5,0.0,0.0,0.0,0.0,0.0,0.0,0.0,0.0,0.0,0.0,0.0,0.0,0.0,0.0,0.0,0.0,0.0,0.0,0.0,0.0,0.0,0.0,0.0,0.0,0.0,0.0,0.0,0.0,0.0,0.0,0.0,0.0,0.0,0.0,0.0
2000-08-01,WI_1,334.98516845703125,316.4615173339844,311.4931640625,313.6083068847656,0.0,0.0,0.0,0.0,0.0,0.0,0.0,0.0,0.0,0.0,0.0,0.0,2.0,0.0,0.0,0.0,0.0,0.0,270.3310852050781,0.0,0.0,0.0,0.0,5000.0,5000.0,904983.0,904983.0,0.0,0.0,0.0,0.0
2000-08-01,WI_2,370.68682861328125,332.923095703125,328.2979736328125,330.3681640625,0.0,0.0,0.0,0.0,0.0,0.0,0.0,0.0,0.0,0.0,0.0,0.0,2.0,0.0,0.0,0.0,0.0,0.0,132.58493041992188,0.0,0.0,0.0,0.0,5000.0,5000.0,299990.0,299990.0,0.0,0.0,0.0,0.0
2000-08-01,WI_3,0.0,0.0,0.0,0.0,0.0,0.0,0.0,0.0,0.0,0.0,0.0,0.0,0.0,0.0,0.0,0.0,0.0,0.0,0.0,0.0,0.0,0.0,0.0,0.0,0.0,0.0,0.0,0.0,0.0,0.0,0.0,0.0,0.0,0.0,0.0
2000-09-01,OP_1,237.7761688232422,240.73123168945312,242.2545166015625,241.65792846679688,0.0,0.0,0.0,0.0,0.0,184.0,184.0294952392578,736043.5,736118.0,156040928.0,156057024.0,4000.238525390625,5.0,0.0,4000.236572265625,4000.0,848048.5625,847998.0,1376.3126220703125,0.0,6444.09619140625,5.111039627081482e-07,0.0,0.0,0.0,0.0,0.0,0.002044537803158164,0.0,0.5002357959747314,0.0
2000-09-01,OP_2,267.787109375,274.3227844238281,275.5188903808594,274.97991943359375,0.0,0.0,0.0,0.0,0.0,184.0,184.1449432373047,172341.28125,105301.203125,68426448.0,56088536.0,1388.593994140625,5.0,0.0,936.637451171875,571.8386840820312,371882.84375,304711.0,142.65457153320312,0.0,1975.557373046875,0.32547783851623535,0.6409286260604858,0.0,0.0,0.0,0.0,451.9565734863281,1020.7100219726562,32265.900390625,136780.015625
2000-09-01,OP_3,266.2687683105469,268.01934814453125,268.5917053222656,268.3517761230469,0.0,0.0,0.0,0.0,0.0,184.0,184.06344604492188,484361.15625,484455.0,139340112.0,139355408.0,2632.399658203125,5.0,0.0,2632.3974609375,2632.0,757283.25,757230.0,1537.5169677734375,0.0,4240.60595703125,8.201757850656577e-07,0.0,0.0,0.0,0.0,0.0,0.002159030409529805,0.0,0.7286664843559265,0.0
2000-09-01,OP_4,0.0,0.0,0.0,0.0,0.0,0.0,0.0,0.0,0.0,0.0,0.0,0.0,0.0,0.0,0.0,0.0,0.0,0.0,0.0,0.0,0.0,0.0,0.0,0.0,0.0,0.0,0.0,0.0,0.0,0.0,0.0,0.0,0.0,0.0,0.0
2000-09-01,OP_5,0.0,0.0,0.0,0.0,0.0,0.0,0.0,0.0,0.0,0.0,0.0,0.0,0.0,0.0,0.0,0.0,0.0,0.0,0.0,0.0,0.0,0.0,0.0,0.0,0.0,0.0,0.0,0.0,0.0,0.0,0.0,0.0,0.0,0.0,0.0
2000-09-01,WI_1,332.7109680175781,314.1853942871094,309.2159729003906,311.3318176269531,0.0,0.0,0.0,0.0,0.0,0.0,0.0,0.0,0.0,0.0,0.0,0.0,2.0,0.0,0.0,0.0,0.0,0.0,270.3033447265625,0.0,0.0,0.0,0.0,5000.0,5000.0,1059983.0,1059983.0,0.0,0.0,0.0,0.0
2000-09-01,WI_2,371.4454650878906,337.12445068359375,332.9466552734375,334.81884765625,0.0,0.0,0.0,0.0,0.0,0.0,0.0,0.0,0.0,0.0,0.0,0.0,2.0,0.0,0.0,0.0,0.0,0.0,145.8841094970703,0.0,0.0,0.0,0.0,5000.0,5000.0,454990.0,454990.0,0.0,0.0,0.0,0.0
2000-09-01,WI_3,0.0,0.0,0.0,0.0,0.0,0.0,0.0,0.0,0.0,0.0,0.0,0.0,0.0,0.0,0.0,0.0,0.0,0.0,0.0,0.0,0.0,0.0,0.0,0.0,0.0,0.0,0.0,0.0,0.0,0.0,0.0,0.0,0.0,0.0,0.0
2000-10-01,OP_1,236.1052703857422,239.0523223876953,240.57872009277344,239.98092651367188,0.0,0.0,0.0,0.0,0.0,184.0,184.0294952392578,736043.5,736118.0,178122240.0,178140560.0,4000.23828125,5.0,0.0,4000.236328125,4000.0,968055.625,967998.0,1380.1285400390625,0.0,6446.4072265625,5.116862098475394e-07,0.0,0.0,0.0,0.0,0.0,0.0020468668080866337,0.0,0.5616140365600586,0.0
2000-10-01,OP_2,267.09368896484375,274.1305236816406,275.3276062011719,274.7875061035156,0.0,0.0,0.0,0.0,0.0,184.0,184.178955078125,159435.484375,92967.3984375,73322352.0,58877560.0,1383.130859375,5.0,0.0,866.4972534179688,504.7666931152344,398491.0625,319854.0,122.52070617675781,0.0,1929.8839111328125,0.3735247552394867,0.6816355586051941,0.0,0.0,0.0,0.0,516.6336059570312,1080.7330322265625,46810.3515625,169202.0
2000-10-01,OP_3,265.8347473144531,267.4270324707031,267.9476318359375,267.7293395996094,0.0,0.0,0.0,0.0,0.0,184.0,184.0333251953125,441813.4375,441864.0,152594512.0,152611328.0,2401.161865234375,5.0,0.0,2401.159912109375,2401.0,829318.0,829260.0,1538.969482421875,0.0,3869.48583984375,8.206419579437352e-07,0.0,0.0,0.0,0.0,0.0,0.0019704941660165787,0.0,0.7877586483955383,0.0
2000-10-01,OP_4,0.0,0.0,0.0,0.0,0.0,0.0,0.0,0.0,0.0,0.0,0.0,0.0,0.0,0.0,0.0,0.0,0.0,0.0,0.0,0.0,0.0,0.0,0.0,0.0,0.0,0.0,0.0,0.0,0.0,0.0,0.0,0.0,0.0,0.0,0.0
2000-10-01,OP_5,0.0,0.0,0.0,0.0,0.0,0.0,0.0,0.0,0.0,0.0,0.0,0.0,0.0,0.0,0.0,0.0,0.0,0.0,0.0,0.0,0.0,0.0,0.0,0.0,0.0,0.0,0.0,0.0,0.0,0.0,0.0,0.0,0.0,0.0,0.0
2000-10-01,WI_1,331.1629333496094,312.63604736328125,307.6658020019531,309.7821350097656,0.0,0.0,0.0,0.0,0.0,0.0,0.0,0.0,0.0,0.0,0.0,0.0,2.0,0.0,0.0,0.0,0.0,0.0,270.2844543457031,0.0,0.0,0.0,0.0,5000.0,5000.0,1209983.0,1209983.0,0.0,0.0,0.0,0.0
2000-10-01,WI_2,371.46435546875,339.0958557128906,335.17303466796875,336.935546875,0.0,0.0,0.0,0.0,0.0,0.0,0.0,0.0,0.0,0.0,0.0,0.0,2.0,0.0,0.0,0.0,0.0,0.0,154.685791015625,0.0,0.0,0.0,0.0,5000.0,5000.0,604990.0,604990.0,0.0,0.0,0.0,0.0
2000-10-01,WI_3,0.0,0.0,0.0,0.0,0.0,0.0,0.0,0.0,0.0,0.0,0.0,0.0,0.0,0.0,0.0,0.0,0.0,0.0,0.0,0.0,0.0,0.0,0.0,0.0,0.0,0.0,0.0,0.0,0.0,0.0,0.0,0.0,0.0,0.0,0.0
2000-11-01,OP_1,234.5703125,237.510009765625,239.0360107421875,238.43846130371094,0.0,0.0,0.0,0.0,0.0,184.0,184.02932739257812,736043.25,736117.3125,200939584.0,200960208.0,4000.2373046875,5.0,0.0,4000.235107421875,4000.0,1092062.875,1091998.0,1383.6339111328125,0.0,6448.30322265625,5.120874675412779e-07,0.0,0.0,0.0,0.0,0.0,0.0020484712440520525,0.0,0.62509685754776,0.0
2000-11-01,OP_2,266.5047607421875,273.9145812988281,275.10894775390625,274.5708312988281,0.0,0.0,0.0,0.0,0.0,184.0,184.23220825195312,147876.8125,82155.6796875,78010520.0,61424384.0,1376.11376953125,5.0,0.0,803.6783447265625,445.93548583984375,423970.21875,333678.0,107.90267944335938,0.0,1886.6846923828125,0.4159797430038452,0.7171038389205933,0.0,0.0,0.0,0.0,572.4354858398438,1130.386962890625,63675.83203125,204244.0
2000-11-01,OP_3,265.58148193359375,267.05133056640625,267.5318603515625,267.330322265625,0.0,0.0,0.0,0.0,0.0,184.0,184.0342254638672,408692.125,408740.0,165263968.0,165282272.0,2221.15478515625,5.0,0.0,2221.15283203125,2221.0,898173.75,898111.0,1539.8905029296875,0.0,3580.45703125,8.21032870135241e-07,0.0,0.0,0.0,0.0,0.0,0.0018236410105600953,0.0,0.8442735075950623,0.0
2000-11-01,OP_4,0.0,0.0,0.0,0.0,0.0,0.0,0.0,0.0,0.0,0.0,0.0,0.0,0.0,0.0,0.0,0.0,0.0,0.0,0.0,0.0,0.0,0.0,0.0,0.0,0.0,0.0,0.0,0.0,0.0,0.0,0.0,0.0,0.0,0.0,0.0
2000-11-01,OP_5,0.0,0.0,0.0,0.0,0.0,0.0,0.0,0.0,0.0,0.0,0.0,0.0,0.0,0.0,0.0,0.0,0.0,0.0,0.0,0.0,0.0,0.0,0.0,0.0,0.0,0.0,0.0,0.0,0.0,0.0,0.0,0.0,0.0,0.0,0.0
2000-11-01,WI_1,330.0152587890625,311.4874267578125,306.5163879394531,308.6331481933594,0.0,0.0,0.0,0.0,0.0,0.0,0.0,0.0,0.0,0.0,0.0,0.0,2.0,0.0,0.0,0.0,0.0,0.0,270.27044677734375,0.0,0.0,0.0,0.0,5000.0,5000.0,1364983.0,1364983.0,0.0,0.0,0.0,0.0
2000-11-01,WI_2,371.36370849609375,340.384765625,336.6435546875,338.33502197265625,0.0,0.0,0.0,0.0,0.0,0.0,0.0,0.0,0.0,0.0,0.0,0.0,2.0,0.0,0.0,0.0,0.0,0.0,161.6260528564453,0.0,0.0,0.0,0.0,5000.0,5000.0,759990.0,759990.0,0.0,0.0,0.0,0.0
2000-11-01,WI_3,0.0,0.0,0.0,0.0,0.0,0.0,0.0,0.0,0.0,0.0,0.0,0.0,0.0,0.0,0.0,0.0,0.0,0.0,0.0,0.0,0.0,0.0,0.0,0.0,0.0,0.0,0.0,0.0,0.0,0.0,0.0,0.0,0.0,0.0,0.0
2000-12-01,OP_1,233.1969757080078,236.13067626953125,237.65447998046875,237.05787658691406,0.0,0.0,0.0,0.0,0.0,184.0,184.0019989013672,736186.75,736192.0,223025184.0,223045968.0,4001.016845703125,5.0,0.0,4001.014892578125,4001.0,1212093.375,1212028.0,1386.769287109375,0.0,6451.177734375,5.123629307490773e-07,0.0,0.0,0.0,0.0,0.0,0.0020499727688729763,0.0,0.6865825653076172,0.0
2000-12-01,OP_2,266.0625915527344,273.70428466796875,274.8944396972656,274.3596496582031,0.0,0.0,0.0,0.0,0.0,184.0,184.29043579101562,138257.640625,72751.7265625,82244400.0,63606936.0,1370.8162841796875,5.0,0.0,751.4002075195312,394.7666931152344,446980.4375,345521.0,97.83187103271484,0.0,1851.26025390625,0.4518592953681946,0.748630940914154,0.0,0.0,0.0,0.0,619.4160766601562,1175.699951171875,81529.046875,239515.0
2000-12-01,OP_3,265.4626770019531,266.8371887207031,267.28643798828125,267.0980224609375,0.0,0.0,0.0,0.0,0.0,184.0,184.05047607421875,382764.6875,382825.0,176746912.0,176767024.0,2080.24462890625,5.0,0.0,2080.242919921875,2080.0,960581.0,960511.0,1540.41552734375,0.0,3354.15380859375,8.212518878281116e-07,0.0,0.0,0.0,0.0,0.0,0.0017084047431126237,0.0,0.8955160975456238,0.0
2000-12-01,OP_4,0.0,0.0,0.0,0.0,0.0,0.0,0.0,0.0,0.0,0.0,0.0,0.0,0.0,0.0,0.0,0.0,0.0,0.0,0.0,0.0,0.0,0.0,0.0,0.0,0.0,0.0,0.0,0.0,0.0,0.0,0.0,0.0,0.0,0.0,0.0
2000-12-01,OP_5,0.0,0.0,0.0,0.0,0.0,0.0,0.0,0.0,0.0,0.0,0.0,0.0,0.0,0.0,0.0,0.0,0.0,0.0,0.0,0.0,0.0,0.0,0.0,0.0,0.0,0.0,0.0,0.0,0.0,0.0,0.0,0.0,0.0,0.0,0.0
2000-12-01,WI_1,329.20794677734375,310.679443359375,305.7077941894531,307.82489013671875,0.0,0.0,0.0,0.0,0.0,0.0,0.0,0.0,0.0,0.0,0.0,0.0,2.0,0.0,0.0,0.0,0.0,0.0,270.2606201171875,0.0,0.0,0.0,0.0,5000.0,5000.0,1514983.0,1514983.0,0.0,0.0,0.0,0.0
2000-12-01,WI_2,371.332763671875,341.3564453125,337.7455139160156,339.387451171875,0.0,0.0,0.0,0.0,0.0,0.0,0.0,0.0,0.0,0.0,0.0,0.0,2.0,0.0,0.0,0.0,0.0,0.0,167.03326416015625,0.0,0.0,0.0,0.0,5000.0,5000.0,909990.0,909990.0,0.0,0.0,0.0,0.0
2000-12-01,WI_3,0.0,0.0,0.0,0.0,0.0,0.0,0.0,0.0,0.0,0.0,0.0,0.0,0.0,0.0,0.0,0.0,0.0,0.0,0.0,0.0,0.0,0.0,0.0,0.0,0.0,0.0,0.0,0.0,0.0,0.0,0.0,0.0,0.0,0.0,0.0
2001-01-01,OP_1,231.8825225830078,234.80929565429688,236.32933044433594,235.73428344726562,0.0,0.0,0.0,0.0,0.0,184.0,184.04124450683594,736066.9375,736165.0,245843248.0,245867072.0,4000.365966796875,5.0,0.0,4000.36376953125,4000.0,1336104.625,1336028.0,1389.7733154296875,0.0,6451.53369140625,5.125883149048605e-07,0.0,0.0,0.0,0.0,0.0,0.002050540642812848,0.0,0.7501377463340759,0.0
2001-01-01,OP_2,265.7305603027344,273.52362060546875,274.71051025390625,274.1783752441406,0.0,0.0,0.0,0.0,0.0,184.0,184.26548767089844,129954.328125,64837.6796875,86352824.0,65616904.0,1368.5677490234375,5.0,0.0,706.2735595703125,351.8710021972656,469308.8125,356429.0,90.18264770507812,0.0,1823.0531005859375,0.48393234610557556,0.7754723429679871,0.0,0.0,0.0,0.0,662.2942504882812,1215.2900390625,101384.140625,277189.0
2001-01-01,OP_3,265.3868713378906,266.6871032714844,267.1119689941406,266.9337463378906,0.0,0.0,0.0,0.0,0.0,184.0,184.02182006835938,362495.75,362523.0,187984272.0,188005232.0,1970.087158203125,5.0,0.0,1970.0855712890625,1970.0,1021653.6875,1021581.0,1540.783935546875,0.0,3177.22998046875,8.211661111090507e-07,0.0,0.0,0.0,0.0,0.0,0.0016177687793970108,0.0,0.9456632137298584,0.0
2001-01-01,OP_4,0.0,0.0,0.0,0.0,0.0,0.0,0.0,0.0,0.0,0.0,0.0,0.0,0.0,0.0,0.0,0.0,0.0,0.0,0.0,0.0,0.0,0.0,0.0,0.0,0.0,0.0,0.0,0.0,0.0,0.0,0.0,0.0,0.0,0.0,0.0
2001-01-01,OP_5,0.0,0.0,0.0,0.0,0.0,0.0,0.0,0.0,0.0,0.0,0.0,0.0,0.0,0.0,0.0,0.0,0.0,0.0,0.0,0.0,0.0,0.0,0.0,0.0,0.0,0.0,0.0,0.0,0.0,0.0,0.0,0.0,0.0,0.0,0.0
2001-01-01,WI_1,328.5992736816406,310.07025146484375,305.09814453125,307.21551513671875,0.0,0.0,0.0,0.0,0.0,0.0,0.0,0.0,0.0,0.0,0.0,0.0,2.0,0.0,0.0,0.0,0.0,0.0,270.253173828125,0.0,0.0,0.0,0.0,5000.0,5000.0,1669983.0,1669983.0,0.0,0.0,0.0,0.0
2001-01-01,WI_2,371.2475280761719,342.05206298828125,338.5440673828125,340.1450500488281,0.0,0.0,0.0,0.0,0.0,0.0,0.0,0.0,0.0,0.0,0.0,0.0,2.0,0.0,0.0,0.0,0.0,0.0,171.5011749267578,0.0,0.0,0.0,0.0,5000.0,5000.0,1064990.0,1064990.0,0.0,0.0,0.0,0.0
2001-01-01,WI_3,0.0,0.0,0.0,0.0,0.0,0.0,0.0,0.0,0.0,0.0,0.0,0.0,0.0,0.0,0.0,0.0,0.0,0.0,0.0,0.0,0.0,0.0,0.0,0.0,0.0,0.0,0.0,0.0,0.0,0.0,0.0,0.0,0.0,0.0,0.0
2001-02-01,OP_1,238.3909912109375,240.36734008789062,241.4300537109375,241.01358032226562,0.0,0.0,0.0,0.0,0.0,184.0,184.0432891845703,495194.0,495260.5,261194240.0,261220160.0,2691.27294921875,5.0,0.0,2691.271728515625,2691.0,1419533.875,1419449.0,1377.1395263671875,0.0,4345.486328125,5.134542107043671e-07,0.0,0.0,0.0,0.0,0.0,0.0013818454463034868,0.0,0.7929587364196777,0.0
2001-02-01,OP_2,262.890380859375,270.3365783691406,271.47265625,270.9652099609375,0.0,0.0,0.0,0.0,0.0,184.0,184.35633850097656,121298.8203125,56103.80078125,90135512.0,67356120.0,1305.4149169921875,5.0,0.0,659.2327270507812,304.3226013183594,489866.90625,365863.0,88.07762908935547,0.0,1731.938232421875,0.4950013756752014,0.7977619767189026,0.0,0.0,0.0,0.0,646.18212890625,1200.4520263671875,121233.421875,314403.0
2001-02-01,OP_3,258.28125,259.3539123535156,259.71051025390625,259.56109619140625,0.0,0.0,0.0,0.0,0.0,184.0,184.0748291015625,303290.625,303355.3125,197386256.0,197409248.0,1648.3199462890625,5.0,0.0,1648.318603515625,1648.0,1072751.375,1072669.0,1558.7666015625,0.0,2661.47314453125,8.266251256827672e-07,0.0,0.0,0.0,0.0,0.0,0.0013625426217913628,0.0,0.9877782464027405,0.0
2001-02-01,OP_4,258.40985107421875,261.24200439453125,261.92919921875,261.63116455078125,0.0,0.0,0.0,0.0,0.0,184.0,184.0477752685547,620150.5,620241.0,19224600.0,19227472.0,3370.387451171875,5.0,0.0,3370.38330078125,3370.0,104481.5234375,104470.0,1217.76611328125,0.0,5442.0224609375,1.2331358902883949e-06,0.0,0.0,0.0,0.0,0.0,0.004156145732849836,0.0,0.34787288308143616,0.0
2001-02-01,OP_5,255.36203002929688,256.7740783691406,257.30975341796875,256.61370849609375,0.0,0.0,0.0,0.0,0.0,184.0,184.01864624023438,398742.71875,398768.40625,12361004.0,12361821.0,2167.082275390625,5.0,0.0,2167.080078125,2167.0,67179.3671875,67177.0,1595.5645751953125,0.0,3499.0966796875,1.0422850209579337e-06,0.0,0.0,0.0,0.0,0.0,0.0022587173152714968,0.0,0.2426837533712387,0.0
2001-02-01,WI_1,319.1694030761719,300.63250732421875,295.65728759765625,297.7772521972656,0.0,0.0,0.0,0.0,0.0,0.0,0.0,0.0,0.0,0.0,0.0,0.0,2.0,0.0,0.0,0.0,0.0,0.0,270.13818359375,0.0,0.0,0.0,0.0,5000.0,5000.0,1824983.0,1824983.0,0.0,0.0,0.0,0.0
2001-02-01,WI_2,371.06109619140625,342.51556396484375,339.0923767089844,340.6590881347656,0.0,0.0,0.0,0.0,0.0,0.0,0.0,0.0,0.0,0.0,0.0,0.0,2.0,0.0,0.0,0.0,0.0,0.0,175.40670776367188,0.0,0.0,0.0,0.0,5000.0,5000.0,1219990.0,1219990.0,0.0,0.0,0.0,0.0
2001-02-01,WI_3,0.0,0.0,0.0,0.0,0.0,0.0,0.0,0.0,0.0,0.0,0.0,0.0,0.0,0.0,0.0,0.0,0.0,0.0,0.0,0.0,0.0,0.0,0.0,0.0,0.0,0.0,0.0,0.0,0.0,0.0,0.0,0.0,0.0,0.0,0.0
2001-03-01,OP_1,242.5108642578125,244.0135040283203,244.83724975585938,244.5140380859375,0.0,0.0,0.0,0.0,0.0,184.0,184.06866455078125,375242.1875,375316.0,271701024.0,271728992.0,2039.3607177734375,5.0,0.0,2039.3597412109375,2039.0,1476635.875,1476541.0,1368.8521728515625,0.0,3293.680419921875,5.139060590408917e-07,0.0,0.0,0.0,0.0,0.0,0.0010480398777872324,0.0,0.8223127722740173,0.0
2001-03-01,OP_2,261.05645751953125,267.5519104003906,268.5924377441406,268.1286315917969,0.0,0.0,0.0,0.0,0.0,184.0,184.61004638671875,102148.7109375,45341.5390625,93041952.0,68625688.0,1152.3118896484375,5.0,0.0,555.1560668945312,245.6071014404297,505662.78125,372740.0,84.86591339111328,0.0,1513.4898681640625,0.5182241797447205,0.8147810101509094,0.0,0.0,0.0,0.0,597.1558837890625,1080.428955078125,137561.53125,344655.0
2001-03-01,OP_3,257.18109130859375,258.0152587890625,258.29296875,258.1766357421875,0.0,0.0,0.0,0.0,0.0,184.0,184.133544921875,237078.96875,237164.0,204024464.0,204049840.0,1288.4737548828125,5.0,0.0,1288.47265625,1288.0,1108828.625,1108733.0,1562.0985107421875,0.0,2080.9560546875,8.27709868644888e-07,0.0,0.0,0.0,0.0,0.0,0.0010664823930710554,0.0,1.0176198482513428,0.0
2001-03-01,OP_4,257.5865478515625,259.7541809082031,260.28515625,260.0556640625,0.0,0.0,0.0,0.0,0.0,184.0,184.05746459960938,478468.4375,478549.40625,32621712.0,32626854.0,2600.375244140625,5.0,0.0,2600.371826171875,2600.0,177291.921875,177270.0,1220.605712890625,0.0,4199.74853515625,1.2338482520135585e-06,0.0,0.0,0.0,0.0,0.0,0.003208468435332179,0.0,0.4377242922782898,0.0
2001-03-01,OP_5,255.1476593017578,256.073486328125,256.4212646484375,255.92962646484375,0.0,0.0,0.0,0.0,0.0,184.0,184.04937744140625,264623.59375,264663.0,19770462.0,19772384.0,1438.1732177734375,5.0,0.0,1438.171630859375,1438.0,107448.1640625,107441.0,1597.388916015625,0.0,2322.728759765625,1.0605513125483412e-06,0.0,0.0,0.0,0.0,0.0,0.0015252564335241914,0.0,0.28572341799736023,0.0
2001-03-01,WI_1,316.48944091796875,297.9503173828125,292.97467041015625,295.09503173828125,0.0,0.0,0.0,0.0,0.0,0.0,0.0,0.0,0.0,0.0,0.0,0.0,2.0,0.0,0.0,0.0,0.0,0.0,270.1054992675781,0.0,0.0,0.0,0.0,5000.0,5000.0,1964983.0,1964983.0,0.0,0.0,0.0,0.0
2001-03-01,WI_2,370.3280334472656,342.2857971191406,338.9261169433594,340.4663391113281,0.0,0.0,0.0,0.0,0.0,0.0,0.0,0.0,0.0,0.0,0.0,0.0,2.0,0.0,0.0,0.0,0.0,0.0,178.5562744140625,0.0,0.0,0.0,0.0,5000.0,5000.0,1359990.0,1359990.0,0.0,0.0,0.0,0.0
2001-03-01,WI_3,0.0,0.0,0.0,0.0,0.0,0.0,0.0,0.0,0.0,0.0,0.0,0.0,0.0,0.0,0.0,0.0,0.0,0.0,0.0,0.0,0.0,0.0,0.0,0.0,0.0,0.0,0.0,0.0,0.0,0.0,0.0,0.0,0.0,0.0,0.0
2001-04-01,OP_1,244.2676544189453,245.6739044189453,246.44290161132812,246.1409912109375,0.0,0.0,0.0,0.0,0.0,184.0,184.08876037597656,350418.25,350505.0,282563968.0,282594656.0,1904.4478759765625,5.0,0.0,1904.4468994140625,1904.0,1535673.875,1535565.0,1365.0782470703125,0.0,3075.273193359375,5.134752427693456e-07,0.0,0.0,0.0,0.0,0.0,0.0009778868407011032,0.0,0.8526429533958435,0.0
2001-04-01,OP_2,256.32427978515625,270.40679931640625,272.2669982910156,271.4365539550781,0.0,0.0,0.0,0.0,0.0,184.0,184.2545928955078,177047.6875,73541.3515625,98752440.0,70905464.0,2340.681396484375,5.0,0.0,962.2156372070312,399.1289978027344,536698.0625,385113.0,68.21803283691406,0.0,2977.735595703125,0.5889164209365845,0.8498021960258484,0.0,0.0,0.0,0.0,1378.4656982421875,2258.22607421875,178404.765625,414660.03125
2001-04-01,OP_3,257.603759765625,258.3144836425781,258.5509033203125,258.4518737792969,0.0,0.0,0.0,0.0,0.0,184.0,184.04823303222656,202239.359375,202269.0,210293888.0,210320176.0,1099.1279296875,5.0,0.0,1099.126953125,1099.0,1142901.625,1142802.0,1561.3316650390625,0.0,1774.8546142578125,8.275707159555168e-07,0.0,0.0,0.0,0.0,0.0,0.0009096061112359166,0.0,1.0458199977874756,0.0
2001-04-01,OP_4,258.7430419921875,260.7186584472656,261.20318603515625,260.99334716796875,0.0,0.0,0.0,0.0,0.0,184.0,184.05511474609375,435443.21875,434732.3125,46120456.0,46103556.0,2366.542236328125,5.0,0.0,2366.5390625,2361.968017578125,250654.65625,250491.015625,1218.7275390625,0.0,3821.454833984375,1.2851925248469342e-06,0.002805507043376565,0.0,0.0,0.0,0.0,0.0030414622742682695,6.645161151885986,0.5304332971572876,206.0
2001-04-01,OP_5,255.751708984375,256.5934753417969,256.9032897949219,256.45745849609375,0.0,0.0,0.0,0.0,0.0,184.0,184.0726318359375,240717.015625,240767.0,27232694.0,27236162.0,1308.24609375,5.0,0.0,1308.24462890625,1308.0,148003.765625,147989.0,1596.000732421875,0.0,2112.53515625,1.0750499086498166e-06,0.0,0.0,0.0,0.0,0.0,0.0014064298011362553,0.0,0.32923945784568787,0.0
2001-04-01,WI_1,315.8255615234375,297.2858581542969,292.3099060058594,294.4303894042969,0.0,0.0,0.0,0.0,0.0,0.0,0.0,0.0,0.0,0.0,0.0,0.0,2.0,0.0,0.0,0.0,0.0,0.0,270.097412109375,0.0,0.0,0.0,0.0,5000.0,5000.0,2119983.0,2119983.0,0.0,0.0,0.0,0.0
2001-04-01,WI_2,370.6917724609375,343.1317138671875,339.83428955078125,341.3472595214844,0.0,0.0,0.0,0.0,0.0,0.0,0.0,0.0,0.0,0.0,0.0,0.0,2.0,0.0,0.0,0.0,0.0,0.0,181.6816864013672,0.0,0.0,0.0,0.0,5000.0,5000.0,1514990.0,1514990.0,0.0,0.0,0.0,0.0
2001-04-01,WI_3,290.6488342285156,287.6084289550781,286.3905334472656,286.9942321777344,0.0,0.0,0.0,0.0,0.0,0.0,0.0,0.0,0.0,0.0,0.0,0.0,2.0,0.0,0.0,0.0,0.0,0.0,1651.5692138671875,0.0,0.0,0.0,0.0,4838.0,4838.0,149978.0,149978.0,0.0,0.0,0.0,0.0
2001-05-01,OP_1,245.02952575683594,246.44631958007812,247.21795654296875,246.91500854492188,0.0,0.0,0.0,0.0,0.0,184.0,184.05166625976562,352588.125,352643.0,293141632.0,293173952.0,1916.24072265625,5.0,0.0,1916.23974609375,1916.0,1593161.0,1593045.0,1363.3226318359375,0.0,3093.747802734375,5.130959834787063e-07,0.0,0.0,0.0,0.0,0.0,0.0009832154028117657,0.0,0.8821467757225037,0.0
2001-05-01,OP_2,251.55226135253906,269.8630676269531,272.28680419921875,271.2035217285156,0.0,0.0,0.0,0.0,0.0,184.0,184.31375122070312,216640.34375,70653.6015625,105470832.0,73025072.0,3029.388671875,5.0,0.0,1177.3931884765625,383.33331298828125,573211.0625,396613.0,64.23749542236328,0.0,3813.95703125,0.6113429665565491,0.8897157907485962,0.0,0.0,0.0,0.0,1851.9954833984375,3092.532958984375,232100.09375,507436.0
2001-05-01,OP_3,258.51898193359375,259.1766357421875,259.39532470703125,259.3037109375,0.0,0.0,0.0,0.0,0.0,184.0,184.1456756591797,187018.875,187092.0,215904464.0,215932944.0,1016.4077758789062,5.0,0.0,1016.4069213867188,1016.0,1173393.75,1173282.0,1559.20068359375,0.0,1640.97802734375,8.269799991467153e-07,0.0,0.0,0.0,0.0,0.0,0.0008405488915741444,0.0,1.0710432529449463,0.0
2001-05-01,OP_4,259.57513427734375,261.5444641113281,262.0362854003906,261.8231201171875,0.0,0.0,0.0,0.0,0.0,184.0,184.05224609375,433396.3125,429700.6875,59122340.0,58994576.0,2355.41796875,5.0,0.0,2355.414794921875,2334.6669921875,321317.0625,320531.03125,1217.043212890625,0.0,3802.79296875,1.3629530712933047e-06,0.013507232069969177,0.0,0.0,0.0,0.0,0.0032103240955621004,31.9666690826416,0.623798131942749,1165.0001220703125
2001-05-01,OP_5,256.48980712890625,257.34259033203125,257.6559143066406,257.2088317871094,0.0,0.0,0.0,0.0,0.0,184.0,184.1352996826172,243522.0625,243611.0,34538360.0,34544492.0,1323.4908447265625,5.0,0.0,1323.4893798828125,1323.0,187708.46875,187679.0,1594.051025390625,0.0,2136.759765625,1.0750094361355877e-06,0.0,0.0,0.0,0.0,0.0,0.0014227651990950108,0.0,0.37192589044570923,0.0
2001-05-01,WI_1,316.0359802246094,297.4964599609375,292.5201110839844,294.6407165527344,0.0,0.0,0.0,0.0,0.0,0.0,0.0,0.0,0.0,0.0,0.0,0.0,2.0,0.0,0.0,0.0,0.0,0.0,270.0999755859375,0.0,0.0,0.0,0.0,5000.0,5000.0,2269983.0,2269983.0,0.0,0.0,0.0,0.0
2001-05-01,WI_2,371.7550048828125,344.5957946777344,341.3507385253906,342.8406677246094,0.0,0.0,0.0,0.0,0.0,0.0,0.0,0.0,0.0,0.0,0.0,0.0,2.0,0.0,0.0,0.0,0.0,0.0,184.36422729492188,0.0,0.0,0.0,0.0,5000.0,5000.0,1664990.0,1664990.0,0.0,0.0,0.0,0.0
2001-05-01,WI_3,291.9769592285156,288.8316345214844,287.5360107421875,288.172607421875,0.0,0.0,0.0,0.0,0.0,0.0,0.0,0.0,0.0,0.0,0.0,0.0,2.0,0.0,0.0,0.0,0.0,0.0,1651.9949951171875,0.0,0.0,0.0,0.0,5000.0,5000.0,299978.0,299978.0,0.0,0.0,0.0,0.0
2001-06-01,OP_1,245.4779052734375,246.92041015625,247.7039031982422,247.39630126953125,0.0,0.0,0.0,0.0,0.0,184.0,184.04873657226562,358657.65625,358711.0,304260032.0,304293984.0,1949.2274169921875,5.0,0.0,1949.2264404296875,1949.0,1653587.0,1653464.0,1362.2451171875,0.0,3146.634521484375,5.128495672579447e-07,0.0,0.0,0.0,0.0,0.0,0.0009996604640036821,0.0,0.9131408333778381,0.0
2001-06-01,OP_2,249.4302215576172,269.3564758300781,272.09442138671875,270.8663635253906,0.0,0.0,0.0,0.0,0.0,184.0,184.2781982421875,216738.15625,59076.03125,112457048.0,74856432.0,3337.115478515625,5.0,0.0,1177.9246826171875,320.5806884765625,611179.5625,406551.0,59.04407501220703,0.0,4131.876953125,0.64702308177948,0.9160613417625427,0.0,0.0,0.0,0.0,2159.190673828125,3498.64501953125,296762.53125,615894.0
2001-06-01,OP_3,259.1755676269531,259.81622314453125,260.0292663574219,259.94000244140625,0.0,0.0,0.0,0.0,0.0,184.0,184.11325073242188,182031.484375,182088.0,221547440.0,221577664.0,989.3023681640625,5.0,0.0,989.301513671875,989.0,1204062.125,1203941.0,1557.6322021484375,0.0,1597.0289306640625,8.265811857199878e-07,0.0,0.0,0.0,0.0,0.0,0.0008177387062460184,0.0,1.0963969230651855,0.0
2001-06-01,OP_4,260.18890380859375,262.11700439453125,262.6156311035156,262.39923095703125,0.0,0.0,0.0,0.0,0.0,184.0,184.04283142089844,423910.71875,416055.5,72263568.0,71892296.0,2303.866455078125,5.0,0.0,2303.862548828125,2260.64501953125,392736.78125,390611.0,1215.4598388671875,0.0,3719.126220703125,1.7243305592273828e-06,0.028865208849310875,0.0,0.0,0.0,0.0,0.003972627688199282,67.19355010986328,0.7329272031784058,3248.0
2001-06-01,OP_5,256.95513916015625,257.8401184082031,258.1659851074219,257.7132568359375,0.0,0.0,0.0,0.0,0.0,184.0,184.1269073486328,252350.953125,252438.0,42361240.0,42370068.0,1371.4739990234375,5.0,0.0,1371.4725341796875,1371.0,230224.140625,230180.0,1592.759033203125,0.0,2213.9677734375,1.0726037089625606e-06,0.0,0.0,0.0,0.0,0.0,0.0014710481045767665,0.0,0.4175299406051636,0.0
2001-06-01,WI_1,316.30914306640625,297.7698669433594,292.793212890625,294.9139404296875,0.0,0.0,0.0,0.0,0.0,0.0,0.0,0.0,0.0,0.0,0.0,0.0,2.0,0.0,0.0,0.0,0.0,0.0,270.1033020019531,0.0,0.0,0.0,0.0,5000.0,5000.0,2424983.0,2424983.0,0.0,0.0,0.0,0.0
2001-06-01,WI_2,372.6573486328125,345.86517333984375,342.66864013671875,344.1372375488281,0.0,0.0,0.0,0.0,0.0,0.0,0.0,0.0,0.0,0.0,0.0,0.0,2.0,0.0,0.0,0.0,0.0,0.0,186.89048767089844,0.0,0.0,0.0,0.0,5000.0,5000.0,1819990.0,1819990.0,0.0,0.0,0.0,0.0
2001-06-01,WI_3,292.2199401855469,289.07562255859375,287.7630920410156,288.4054870605469,0.0,0.0,0.0,0.0,0.0,0.0,0.0,0.0,0.0,0.0,0.0,0.0,2.0,0.0,0.0,0.0,0.0,0.0,1652.3297119140625,0.0,0.0,0.0,0.0,5000.0,5000.0,454978.0,454978.0,0.0,0.0,0.0,0.0
2001-07-01,OP_1,245.7635955810547,247.22328186035156,248.0145721435547,247.7039031982422,0.0,0.0,0.0,0.0,0.0,184.0,184.0649871826172,362723.21875,362792.09375,315141728.0,315177760.0,1971.3228759765625,5.0,0.0,1971.3218994140625,1971.0,1712726.75,1712594.0,1361.556640625,0.0,3181.999755859375,5.12677956976404e-07,0.0,0.0,0.0,0.0,0.0,0.0010106537956744432,0.0,0.943463921546936,0.0
2001-07-01,OP_2,248.34776306152344,269.1029052734375,272.012939453125,270.7059326171875,0.0,0.0,0.0,0.0,0.0,184.0,184.25120544433594,209186.015625,50638.37109375,118951448.0,76375584.0,3526.260986328125,5.0,0.0,1136.8804931640625,274.83331298828125,646475.25,414796.0,54.70378494262695,0.0,4303.1845703125,0.6775960326194763,0.9314801096916199,0.0,0.0,0.0,0.0,2389.38037109375,3736.1669921875,366583.96875,727979.0
2001-07-01,OP_3,259.6788330078125,260.3106384277344,260.52081298828125,260.4327697753906,0.0,0.0,0.0,0.0,0.0,184.0,184.02871704101562,179410.296875,179428.0,226929744.0,226960512.0,975.0567626953125,5.0,0.0,975.0559692382812,975.0,1233313.875,1233191.0,1556.4193115234375,0.0,1573.8822021484375,8.264400435109565e-07,0.0,0.0,0.0,0.0,0.0,0.0008058259845711291,0.0,1.12057363986969,0.0
2001-07-01,OP_4,260.9327087402344,262.7481384277344,263.23565673828125,263.0242004394531,0.0,0.0,0.0,0.0,0.0,184.0,184.03836059570312,398481.875,386437.6875,84218024.0,83485424.0,2165.67138671875,5.0,0.0,2165.662353515625,2099.76708984375,457706.65625,453604.03125,1212.5406494140625,0.0,3495.70166015625,4.112475380679825e-06,0.04662952572107315,0.0,0.0,0.0,0.0,0.008906269446015358,102.69999694824219,0.9113469123840332,6329.0
2001-07-01,OP_5,257.30029296875,258.2319641113281,258.57513427734375,258.11090087890625,0.0,0.0,0.0,0.0,0.0,184.0,184.088134765625,265205.1875,265271.0,50317396.0,50328200.0,1441.333984375,5.0,0.0,1441.33251953125,1441.0,273464.125,273410.0,1591.7432861328125,0.0,2326.520751953125,1.070835651262314e-06,0.0,0.0,0.0,0.0,0.0,0.0015434318920597434,0.0,0.4638194739818573,0.0
2001-07-01,WI_1,316.6212463378906,298.08221435546875,293.1053771972656,295.2261962890625,0.0,0.0,0.0,0.0,0.0,0.0,0.0,0.0,0.0,0.0,0.0,0.0,2.0,0.0,0.0,0.0,0.0,0.0,270.10711669921875,0.0,0.0,0.0,0.0,5000.0,5000.0,2574983.0,2574983.0,0.0,0.0,0.0,0.0
2001-07-01,WI_2,373.3218078613281,346.83856201171875,343.6827087402344,345.13348388671875,0.0,0.0,0.0,0.0,0.0,0.0,0.0,0.0,0.0,0.0,0.0,0.0,2.0,0.0,0.0,0.0,0.0,0.0,189.07110595703125,0.0,0.0,0.0,0.0,5000.0,5000.0,1969990.0,1969990.0,0.0,0.0,0.0,0.0
2001-07-01,WI_3,292.4005126953125,289.2574768066406,287.9329833984375,288.5794372558594,0.0,0.0,0.0,0.0,0.0,0.0,0.0,0.0,0.0,0.0,0.0,0.0,2.0,0.0,0.0,0.0,0.0,0.0,1652.6224365234375,0.0,0.0,0.0,0.0,5000.0,5000.0,604978.0,604978.0,0.0,0.0,0.0,0.0
2001-08-01,OP_1,245.96481323242188,247.43600463867188,248.23216247558594,247.91957092285156,0.0,0.0,0.0,0.0,0.0,184.0,184.0095672607422,365430.90625,365443.0,326470080.0,326506496.0,1986.03857421875,5.0,0.0,1986.03759765625,1986.0,1774293.875,1774160.0,1361.0731201171875,0.0,3205.443603515625,5.125429538566095e-07,0.0,0.0,0.0,0.0,0.0,0.0010179301025345922,0.0,0.9750226736068726,0.0
2001-08-01,OP_2,247.83908081054688,269.13543701171875,272.1448974609375,270.79345703125,0.0,0.0,0.0,0.0,0.0,184.0,184.41981506347656,200727.859375,45004.390625,125361632.0,77770720.0,3661.66943359375,5.0,0.0,1090.9122314453125,244.0323028564453,681313.25,422361.0,51.156158447265625,0.0,4416.12744140625,0.7020724415779114,0.9410210251808167,0.0,0.0,0.0,0.0,2570.757080078125,3893.5810546875,444682.53125,848680.0
2001-08-01,OP_3,260.1835632324219,260.8073425292969,261.0147399902344,260.9278564453125,0.0,0.0,0.0,0.0,0.0,184.0,184.0093536376953,177011.234375,177017.0,232417088.0,232448032.0,962.0184326171875,5.0,0.0,962.017578125,962.0,1263136.375,1263013.0,1555.2010498046875,0.0,1552.6865234375,8.261537232101546e-07,0.0,0.0,0.0,0.0,0.0,0.0007947750855237246,0.0,1.1452165842056274,0.0
2001-08-01,OP_4,261.9133605957031,263.5679931640625,264.02410888671875,263.82696533203125,0.0,0.0,0.0,0.0,0.0,184.0,184.03741455078125,361538.875,346572.09375,95425760.0,94229160.0,1964.915283203125,5.0,0.0,1964.88525390625,1883.1610107421875,518618.25,511982.03125,1206.2333984375,0.0,3171.333984375,1.5311867173295468e-05,0.06340448558330536,0.0,0.0,0.0,0.0,0.030086524784564972,127.48390197753906,1.4530951976776123,10281.0009765625
2001-08-01,OP_5,257.6470947265625,258.64215087890625,259.0079650878906,258.52508544921875,0.0,0.0,0.0,0.0,0.0,184.0,184.001953125,282624.9375,282627.0,59078768.0,59089636.0,1536.0067138671875,5.0,0.0,1536.0050048828125,1536.0,321080.28125,321026.0,1590.68115234375,0.0,2479.0966796875,1.0694145657907939e-06,0.0,0.0,0.0,0.0,0.0,0.0016426279908046126,0.0,0.5147108435630798,0.0
2001-08-01,WI_1,317.03369140625,298.4949951171875,293.51806640625,295.63897705078125,0.0,0.0,0.0,0.0,0.0,0.0,0.0,0.0,0.0,0.0,0.0,0.0,2.0,0.0,0.0,0.0,0.0,0.0,270.11212158203125,0.0,0.0,0.0,0.0,5000.0,5000.0,2729983.0,2729983.0,0.0,0.0,0.0,0.0
2001-08-01,WI_2,373.8395080566406,347.6327209472656,344.5130920410156,345.947998046875,0.0,0.0,0.0,0.0,0.0,0.0,0.0,0.0,0.0,0.0,0.0,0.0,2.0,0.0,0.0,0.0,0.0,0.0,191.06600952148438,0.0,0.0,0.0,0.0,5000.0,5000.0,2124990.0,2124990.0,0.0,0.0,0.0,0.0
2001-08-01,WI_3,292.7182922363281,289.57672119140625,288.24114990234375,288.8913269042969,0.0,0.0,0.0,0.0,0.0,0.0,0.0,0.0,0.0,0.0,0.0,0.0,2.0,0.0,0.0,0.0,0.0,0.0,1652.9129638671875,0.0,0.0,0.0,0.0,5000.0,5000.0,759978.0,759978.0,0.0,0.0,0.0,0.0
2001-09-01,OP_1,246.15805053710938,247.6336212158203,248.43162536621094,248.11831665039062,0.0,0.0,0.0,0.0,0.0,184.0,184.0542449951172,366392.0625,366452.0,337828224.0,337866496.0,1991.2623291015625,5.0,0.0,1991.26123046875,1991.0,1836023.0,1835881.0,1360.6240234375,0.0,3213.604736328125,5.124687163515773e-07,0.0,0.0,0.0,0.0,0.0,0.0010204596910625696,0.0,1.0066585540771484,0.0
2001-09-01,OP_2,247.5248565673828,269.2656555175781,272.3455810546875,270.9637756347656,0.0,0.0,0.0,0.0,0.0,184.0,184.39657592773438,193786.984375,40650.51953125,131523920.0,79030888.0,3776.003173828125,5.0,0.0,1053.190185546875,220.45159912109375,714803.9375,429195.0,48.379119873046875,0.0,4512.1279296875,0.7210833430290222,0.9480552673339844,0.0,0.0,0.0,0.0,2722.81298828125,4023.51611328125,527773.125,973409.0
2001-09-01,OP_3,260.63861083984375,261.25006103515625,261.4533386230469,261.3681640625,0.0,0.0,0.0,0.0,0.0,184.0,184.18789672851562,173418.40625,173505.0,237793072.0,237826688.0,942.4920654296875,5.0,0.0,942.4913330078125,942.0,1292353.625,1292215.0,1554.115234375,0.0,1521.0435791015625,8.259723358605697e-07,0.0,0.0,0.0,0.0,0.0,0.0007784724002704024,0.0,1.169351577758789,0.0
2001-09-01,OP_4,262.56353759765625,264.15435791015625,264.5985107421875,264.40753173828125,0.0,0.0,0.0,0.0,0.0,184.0,184.045654296875,343378.34375,325434.3125,106070696.0,104317624.0,1866.32763671875,5.0,0.0,1866.1866455078125,1768.2259521484375,576471.1875,566797.0,1193.2271728515625,0.0,3011.897216796875,7.553496834589168e-05,0.07959027588367462,0.0,0.0,0.0,0.0,0.14097298681735992,152.9031982421875,3.893038511276245,15021.0
2001-09-01,OP_5,257.88897705078125,258.9418640136719,259.3289489746094,258.83160400390625,0.0,0.0,0.0,0.0,0.0,184.0,184.0770721435547,298506.9375,298573.0,68332488.0,68345400.0,1622.3221435546875,5.0,0.0,1622.3203125,1622.0,371372.21875,371308.0,1589.9053955078125,0.0,2618.18896484375,1.0673197721189354e-06,0.0,0.0,0.0,0.0,0.0,0.0017315363511443138,0.0,0.5683614015579224,0.0
2001-09-01,WI_1,317.379638671875,298.84124755859375,293.8641662597656,295.98516845703125,0.0,0.0,0.0,0.0,0.0,0.0,0.0,0.0,0.0,0.0,0.0,0.0,2.0,0.0,0.0,0.0,0.0,0.0,270.1163635253906,0.0,0.0,0.0,0.0,5000.0,5000.0,2884983.0,2884983.0,0.0,0.0,0.0,0.0
2001-09-01,WI_2,374.2539367675781,348.2994689941406,345.21221923828125,346.6329345703125,0.0,0.0,0.0,0.0,0.0,0.0,0.0,0.0,0.0,0.0,0.0,0.0,2.0,0.0,0.0,0.0,0.0,0.0,192.92431640625,0.0,0.0,0.0,0.0,5000.0,5000.0,2279990.0,2279990.0,0.0,0.0,0.0,0.0
2001-09-01,WI_3,293.06536865234375,289.9252624511719,288.5809631347656,289.23406982421875,0.0,0.0,0.0,0.0,0.0,0.0,0.0,0.0,0.0,0.0,0.0,0.0,2.0,0.0,0.0,0.0,0.0,0.0,1653.184326171875,0.0,0.0,0.0,0.0,5000.0,5000.0,914978.0,914978.0,0.0,0.0,0.0,0.0
2001-10-01,OP_1,246.5193328857422,247.97796630859375,248.767822265625,248.45770263671875,0.0,0.0,0.0,0.0,0.0,184.0,184.08897399902344,362012.0625,362103.0,348688608.0,348729600.0,1967.4578857421875,5.0,0.0,1967.4569091796875,1967.0,1895046.75,1894891.0,1359.84130859375,0.0,3174.924072265625,5.124834956404811e-07,0.0,0.0,0.0,0.0,0.0,0.0010082897497341037,0.0,1.0369077920913696,0.0
2001-10-01,OP_2,247.29502868652344,269.3894958496094,272.527587890625,271.120849609375,0.0,0.0,0.0,0.0,0.0,184.0,184.5224609375,187790.828125,37427.30078125,137288176.0,80153704.0,3876.295654296875,5.0,0.0,1020.6023559570312,202.8332977294922,746131.375,435280.0,46.13300704956055,0.0,4596.615234375,0.7367067933082581,0.9532174468040466,0.0,0.0,0.0,0.0,2855.693359375,4132.8330078125,612334.375,1097394.0
2001-10-01,OP_3,261.0842590332031,261.67681884765625,261.87384033203125,261.7912902832031,0.0,0.0,0.0,0.0,0.0,184.0,184.00328063964844,167993.03125,167995.0,242832864.0,242866544.0,913.00634765625,5.0,0.0,913.005615234375,913.0,1319743.75,1319605.0,1553.068115234375,0.0,1473.33544921875,8.259445394287468e-07,0.0,0.0,0.0,0.0,0.0,0.0007540925871580839,0.0,1.1919751167297363,0.0
2001-10-01,OP_4,263.0138244628906,264.5946044921875,265.03955078125,264.848876953125,0.0,0.0,0.0,0.0,0.0,184.0,184.0517120361328,333471.65625,312716.1875,116075528.0,113699112.0,1812.86376953125,5.0,0.0,1812.345947265625,1699.0670166015625,630845.3125,617769.0625,1170.5787353515625,0.0,2925.15234375,0.0002856086066458374,0.09442677348852158,0.0,0.0,0.0,0.0,0.517769455909729,177.1667022705078,13.448351860046387,20336.001953125
2001-10-01,OP_5,258.11895751953125,259.21368408203125,259.6165771484375,259.11260986328125,0.0,0.0,0.0,0.0,0.0,184.0,184.10302734375,309940.59375,310029.5,77630704.0,77646288.0,1684.46142578125,5.0,0.0,1684.459716796875,1684.0,421906.0,421828.0,1589.2022705078125,0.0,2718.246826171875,1.0665473837434547e-06,0.0,0.0,0.0,0.0,0.0,0.0017965579172596335,0.0,0.6222346425056458,0.0
2001-10-01,WI_1,317.6745910644531,299.1364440917969,294.15924072265625,296.28033447265625,0.0,0.0,0.0,0.0,0.0,0.0,0.0,0.0,0.0,0.0,0.0,0.0,2.0,0.0,0.0,0.0,0.0,0.0,270.11993408203125,0.0,0.0,0.0,0.0,5000.0,5000.0,3034983.0,3034983.0,0.0,0.0,0.0,0.0
2001-10-01,WI_2,374.5833435058594,348.8664855957031,345.80889892578125,347.2165222167969,0.0,0.0,0.0,0.0,0.0,0.0,0.0,0.0,0.0,0.0,0.0,0.0,2.0,0.0,0.0,0.0,0.0,0.0,194.7079315185547,0.0,0.0,0.0,0.0,5000.0,5000.0,2429990.0,2429990.0,0.0,0.0,0.0,0.0
2001-10-01,WI_3,293.3683166503906,290.2295227050781,288.8791198730469,289.53424072265625,0.0,0.0,0.0,0.0,0.0,0.0,0.0,0.0,0.0,0.0,0.0,0.0,2.0,0.0,0.0,0.0,0.0,0.0,1653.4248046875,0.0,0.0,0.0,0.0,5000.0,5000.0,1064978.0,1064978.0,0.0,0.0,0.0,0.0
2001-11-01,OP_1,247.12606811523438,248.54869079589844,249.3214569091797,249.01803588867188,0.0,0.0,0.0,0.0,0.0,184.0,184.0897216796875,352810.5625,352900.0,359625728.0,359669472.0,1917.44970703125,5.0,0.0,1917.44873046875,1917.0,1954487.625,1954318.0,1358.5440673828125,0.0,3093.928955078125,5.125612574374827e-07,0.0,0.0,0.0,0.0,0.0,0.0009828105103224516,0.0,1.0673750638961792,0.0
2001-11-01,OP_2,247.0321044921875,269.46112060546875,272.659423828125,271.2264404296875,0.0,0.0,0.0,0.0,0.0,184.0,184.54412841796875,181598.703125,34878.83984375,143059056.0,81234952.0,3982.15185546875,5.0,0.0,986.949462890625,189.0,777494.8125,441139.0,43.94618225097656,0.0,4686.2099609375,0.7521567344665527,0.9573391675949097,0.0,0.0,0.0,0.0,2995.202392578125,4241.291015625,703984.3125,1228874.0
2001-11-01,OP_3,261.5682067871094,262.13836669921875,262.3279724121094,262.2485046386719,0.0,0.0,0.0,0.0,0.0,184.0,184.0426025390625,161567.578125,161589.40625,247841456.0,247875808.0,878.0853881835938,5.0,0.0,878.0846557617188,878.0,1346964.375,1346823.0,1551.9359130859375,0.0,1416.8472900390625,8.257620720542036e-07,0.0,0.0,0.0,0.0,0.0,0.0007250896305777133,0.0,1.2144546508789062,0.0
2001-11-01,OP_4,263.4074401855469,265.0111083984375,265.45489501953125,265.26544189453125,0.0,0.0,0.0,0.0,0.0,184.0,184.02137756347656,324621.0625,301118.40625,126141016.0,123033784.0,1765.9361572265625,5.0,0.0,1764.244873046875,1636.322998046875,685549.0,668495.0625,1132.2244873046875,0.0,2848.470458984375,0.0009577229502610862,0.10960154235363007,0.0,0.0,0.0,0.0,1.6912775039672852,201.41940307617188,46.719642639160156,26580.001953125
2001-11-01,OP_5,258.36676025390625,259.49993896484375,259.9178466796875,259.41400146484375,0.0,0.0,0.0,0.0,0.0,184.0,184.09075927734375,320419.8125,320502.0,87563720.0,87581848.0,1741.4139404296875,5.0,0.0,1741.412109375,1741.0,475889.8125,475799.0,1588.470703125,0.0,2809.88330078125,1.0657532811819692e-06,0.0,0.0,0.0,0.0,0.0,0.0018559176241979003,0.0,0.6797392964363098,0.0
2001-11-01,WI_1,317.9664611816406,299.4285583496094,294.4512023925781,296.5723571777344,0.0,0.0,0.0,0.0,0.0,0.0,0.0,0.0,0.0,0.0,0.0,0.0,2.0,0.0,0.0,0.0,0.0,0.0,270.1235046386719,0.0,0.0,0.0,0.0,5000.0,5000.0,3189983.0,3189983.0,0.0,0.0,0.0,0.0
2001-11-01,WI_2,374.89031982421875,349.3968505859375,346.36767578125,347.7627258300781,0.0,0.0,0.0,0.0,0.0,0.0,0.0,0.0,0.0,0.0,0.0,0.0,2.0,0.0,0.0,0.0,0.0,0.0,196.4153289794922,0.0,0.0,0.0,0.0,5000.0,5000.0,2584990.0,2584990.0,0.0,0.0,0.0,0.0
2001-11-01,WI_3,293.62493896484375,290.48736572265625,289.1328125,289.7892761230469,0.0,0.0,0.0,0.0,0.0,0.0,0.0,0.0,0.0,0.0,0.0,0.0,2.0,0.0,0.0,0.0,0.0,0.0,1653.650634765625,0.0,0.0,0.0,0.0,5000.0,5000.0,1219978.0,1219978.0,0.0,0.0,0.0,0.0
2001-12-01,OP_1,247.725341796875,249.12164306640625,249.88204956054688,249.58348083496094,0.0,0.0,0.0,0.0,0.0,184.0,184.09414672851562,346005.28125,346097.0,370005888.0,370052384.0,1880.4644775390625,5.0,0.0,1880.4635009765625,1880.0,2010901.5,2010718.0,1357.2418212890625,0.0,3033.967041015625,5.126086080053938e-07,0.0,0.0,0.0,0.0,0.0,0.0009639423224143684,0.0,1.0962938070297241,0.0
2001-12-01,OP_2,246.75050354003906,269.47125244140625,272.7277526855469,271.26959228515625,0.0,0.0,0.0,0.0,0.0,184.0,184.456298828125,175381.1875,33066.87109375,148455072.0,82226952.0,4089.4521484375,5.0,0.0,953.1586303710938,179.26669311523438,806821.0625,446517.0,41.895503997802734,0.0,4777.2265625,0.766922652721405,0.9603748917579651,0.0,0.0,0.0,0.0,3136.29345703125,4344.7998046875,796929.125,1359218.0
2001-12-01,OP_3,261.96875,262.52294921875,262.7073669433594,262.63006591796875,0.0,0.0,0.0,0.0,0.0,184.0,184.0887451171875,156988.203125,157027.703125,252551104.0,252586640.0,853.1974487304688,5.0,0.0,853.1967163085938,853.0,1372560.375,1372413.0,1550.9923095703125,0.0,1376.5601806640625,8.25715744667832e-07,0.0,0.0,0.0,0.0,0.0,0.0007044985541142523,0.0,1.2355897426605225,0.0
2001-12-01,OP_4,263.68341064453125,265.3475341796875,265.7880554199219,265.6010437011719,0.0,0.0,0.0,0.0,0.0,184.0,184.05702209472656,316892.6875,291221.09375,135653008.0,131770416.0,1726.8807373046875,5.0,0.0,1722.242919921875,1582.2330322265625,737244.5625,715962.0625,1079.9744873046875,0.0,2783.48095703125,0.0026856698095798492,0.12352975457906723,0.0,0.0,0.0,0.0,4.637831687927246,223.0,141.39578247070312,33270.00390625
2001-12-01,OP_5,258.51385498046875,259.692626953125,260.12921142578125,259.6279296875,0.0,0.0,0.0,0.0,0.0,184.0,184.04698181152344,332892.1875,332941.0,97550488.0,97570080.0,1809.1986083984375,5.0,0.0,1809.1966552734375,1809.0,530165.6875,530069.0,1587.983154296875,0.0,2918.985107421875,1.0661788110155612e-06,0.0,0.0,0.0,0.0,0.0,0.0019289292395114899,0.0,0.7375173568725586,0.0
2001-12-01,WI_1,318.1991271972656,299.6614074707031,294.6839294433594,296.80517578125,0.0,0.0,0.0,0.0,0.0,0.0,0.0,0.0,0.0,0.0,0.0,0.0,2.0,0.0,0.0,0.0,0.0,0.0,270.1263427734375,0.0,0.0,0.0,0.0,5000.0,5000.0,3339983.0,3339983.0,0.0,0.0,0.0,0.0
2001-12-01,WI_2,375.1549377441406,349.8586120605469,346.8545837402344,348.23846435546875,0.0,0.0,0.0,0.0,0.0,0.0,0.0,0.0,0.0,0.0,0.0,0.0,2.0,0.0,0.0,0.0,0.0,0.0,197.94676208496094,0.0,0.0,0.0,0.0,5000.0,5000.0,2734990.0,2734990.0,0.0,0.0,0.0,0.0
2001-12-01,WI_3,293.813720703125,290.6772155761719,289.32049560546875,289.9776611328125,0.0,0.0,0.0,0.0,0.0,0.0,0.0,0.0,0.0,0.0,0.0,0.0,2.0,0.0,0.0,0.0,0.0,0.0,1653.8563232421875,0.0,0.0,0.0,0.0,5000.0,5000.0,1369978.0,1369978.0,0.0,0.0,0.0,0.0
2002-01-01,OP_1,248.32583618164062,249.69776916503906,250.44642639160156,250.15245056152344,0.0,0.0,0.0,0.0,0.0,184.0,184.0292510986328,339683.90625,339718.0,380536096.0,380583648.0,1846.109130859375,5.0,0.0,1846.108154296875,1846.0,2068130.875,2067944.0,1355.9322509765625,0.0,2978.290283203125,5.126287305756705e-07,0.0,0.0,0.0,0.0,0.0,0.0009463686146773398,0.0,1.1256325244903564,0.0
2002-01-01,OP_2,246.57179260253906,269.4794921875,272.7901916503906,271.3079833984375,0.0,0.0,0.0,0.0,0.0,184.0,184.41232299804688,168406.40625,31552.359375,153813552.0,83205080.0,4186.80810546875,5.0,0.0,915.252197265625,171.0968017578125,835943.25,451821.0,39.898521423339844,0.0,4855.6103515625,0.781396210193634,0.9628428816795349,0.0,0.0,0.0,0.0,3271.5556640625,4433.5810546875,897175.75,1496659.0
2002-01-01,OP_3,262.2497863769531,262.7998046875,262.98297119140625,262.90618896484375,0.0,0.0,0.0,0.0,0.0,184.0,184.1914825439453,155746.421875,155826.0,257379248.0,257417248.0,846.4486694335938,5.0,0.0,846.4479370117188,846.0,1398800.25,1398639.0,1550.31298828125,0.0,1365.5582275390625,8.257603667516378e-07,0.0,0.0,0.0,0.0,0.0,0.0006989637622609735,0.0,1.2572578191757202,0.0
2002-01-01,OP_4,263.8353271484375,265.59576416015625,266.0380859375,265.85089111328125,0.0,0.0,0.0,0.0,0.0,184.0,184.08204650878906,310074.78125,282672.90625,145276816.0,140533280.0,1696.111083984375,5.0,0.0,1685.1890869140625,1535.5810546875,789547.9375,763565.0625,1019.9686279296875,0.0,2729.962646484375,0.0064394534565508366,0.1371578574180603,0.0,0.0,0.0,0.0,10.922028541564941,244.0968017578125,382.16973876953125,40837.00390625
2002-01-01,OP_5,258.57025146484375,259.7959289550781,260.2531433105469,259.7574462890625,0.0,0.0,0.0,0.0,0.0,184.0,184.005859375,345739.84375,345747.0,108268424.0,108288232.0,1879.0228271484375,5.0,0.0,1879.020751953125,1879.0,588415.375,588318.0,1587.713134765625,0.0,3031.388671875,1.0725599395300378e-06,0.0,0.0,0.0,0.0,0.0,0.0020153645891696215,0.0,0.7997073531150818,0.0
2002-01-01,WI_1,318.36358642578125,299.8260192871094,294.848388671875,296.9697265625,0.0,0.0,0.0,0.0,0.0,0.0,0.0,0.0,0.0,0.0,0.0,0.0,2.0,0.0,0.0,0.0,0.0,0.0,270.12835693359375,0.0,0.0,0.0,0.0,5000.0,5000.0,3494983.0,3494983.0,0.0,0.0,0.0,0.0
2002-01-01,WI_2,375.42132568359375,350.3115539550781,347.33154296875,348.7048034667969,0.0,0.0,0.0,0.0,0.0,0.0,0.0,0.0,0.0,0.0,0.0,0.0,2.0,0.0,0.0,0.0,0.0,0.0,199.41847229003906,0.0,0.0,0.0,0.0,5000.0,5000.0,2889990.0,2889990.0,0.0,0.0,0.0,0.0
2002-01-01,WI_3,293.9723205566406,290.83685302734375,289.4790954589844,290.1365966796875,0.0,0.0,0.0,0.0,0.0,0.0,0.0,0.0,0.0,0.0,0.0,0.0,2.0,0.0,0.0,0.0,0.0,0.0,1654.046630859375,0.0,0.0,0.0,0.0,5000.0,5000.0,1524978.0,1524978.0,0.0,0.0,0.0,0.0
2002-02-01,OP_1,248.9478759765625,250.2891082763672,251.02255249023438,250.7345428466797,0.0,0.0,0.0,0.0,0.0,184.0,184.07376098632812,331813.875,331885.0,390822304.0,390872096.0,1803.337158203125,5.0,0.0,1803.3363037109375,1803.0,2124034.25,2123837.0,1354.5882568359375,0.0,2909.0673828125,5.126483415551775e-07,0.0,0.0,0.0,0.0,0.0,0.0009244778193533421,0.0,1.1542930603027344,0.0
2002-02-01,OP_2,246.47384643554688,269.48858642578125,272.8523254394531,271.3454895019531,0.0,0.0,0.0,0.0,0.0,184.0,184.59024047851562,161358.890625,30356.16015625,158946480.0,84146120.0,4273.85400390625,5.0,0.0,876.9505004882812,164.45159912109375,863839.625,456919.0,38.048179626464844,0.0,4923.1376953125,0.7948103547096252,0.9648137092590332,0.0,0.0,0.0,0.0,3396.903564453125,4509.291015625,1001368.375,1636447.125
2002-02-01,OP_3,262.4261474609375,262.97967529296875,263.1641540527344,263.08685302734375,0.0,0.0,0.0,0.0,0.0,184.0,184.18629455566406,156688.21875,156766.296875,262236576.0,262277008.0,851.5670776367188,5.0,0.0,851.56640625,851.1290283203125,1425198.75,1425024.0,1549.87158203125,0.0,1373.7119140625,8.257654258159164e-07,0.0,0.0,0.0,0.0,0.0,0.0007031946443021297,0.0,1.2790571451187134,0.0
2002-02-01,OP_4,263.8514709472656,265.7503662109375,266.1980895996094,266.0086669921875,0.0,0.0,0.0,0.0,0.0,184.0,184.0499267578125,302570.59375,275338.6875,154697248.0,149068768.0,1675.730224609375,5.0,0.0,1644.4053955078125,1496.0,840745.875,809941.0625,951.5367431640625,0.0,2685.03955078125,0.018693245947360992,0.1494387835264206,0.0,0.0,0.0,0.0,31.32483673095703,262.8387145996094,1007.222412109375,48985.00390625
2002-02-01,OP_5,258.572021484375,259.8382568359375,260.3162841796875,259.82855224609375,0.0,0.0,0.0,0.0,0.0,184.0,184.0856170654297,356854.6875,356942.0,119330920.0,119353432.0,1939.429931640625,5.0,0.0,1939.427734375,1939.0,648537.625,648427.0,1587.5552978515625,0.0,3128.605712890625,1.1112670108559541e-06,0.0,0.0,0.0,0.0,0.0,0.0021552243269979954,0.0,0.8651831150054932,0.0
2002-02-01,WI_1,318.4654235839844,299.9279479980469,294.9501953125,297.07159423828125,0.0,0.0,0.0,0.0,0.0,0.0,0.0,0.0,0.0,0.0,0.0,0.0,2.0,0.0,0.0,0.0,0.0,0.0,270.12957763671875,0.0,0.0,0.0,0.0,5000.0,5000.0,3649983.0,3649983.0,0.0,0.0,0.0,0.0
2002-02-01,WI_2,375.699951171875,350.7618408203125,347.8038635253906,349.1673583984375,0.0,0.0,0.0,0.0,0.0,0.0,0.0,0.0,0.0,0.0,0.0,0.0,2.0,0.0,0.0,0.0,0.0,0.0,200.79168701171875,0.0,0.0,0.0,0.0,5000.0,5000.0,3044990.0,3044990.0,0.0,0.0,0.0,0.0
2002-02-01,WI_3,294.1107482910156,290.9762878417969,289.61822509765625,290.2757873535156,0.0,0.0,0.0,0.0,0.0,0.0,0.0,0.0,0.0,0.0,0.0,0.0,2.0,0.0,0.0,0.0,0.0,0.0,1654.224853515625,0.0,0.0,0.0,0.0,5000.0,5000.0,1679978.0,1679978.0,0.0,0.0,0.0,0.0
2002-03-01,OP_1,249.5360870361328,250.84417724609375,251.56100463867188,251.2794952392578,0.0,0.0,0.0,0.0,0.0,184.0,184.10301208496094,323375.71875,323469.0,399876832.0,399929216.0,1757.4776611328125,5.0,0.0,1757.4766845703125,1757.0,2173243.75,2173033.0,1353.3265380859375,0.0,2834.9140625,5.126739210936648e-07,0.0,0.0,0.0,0.0,0.0,0.0009010129142552614,0.0,1.1795228719711304,0.0
2002-03-01,OP_2,246.4105224609375,269.4891052246094,272.8992919921875,271.37066650390625,0.0,0.0,0.0,0.0,0.0,184.0,184.7021942138672,155096.4375,29460.0,163389648.0,84971000.0,4348.96875,5.0,0.0,842.9154052734375,159.5,887987.1875,461385.0,36.46762466430664,0.0,4980.85009765625,0.8061804175376892,0.9662961363792419,0.0,0.0,0.0,0.0,3506.05322265625,4572.89306640625,1098684.5,1764488.125
2002-03-01,OP_3,262.5313415527344,263.0913391113281,263.2780456542969,263.1998291015625,0.0,0.0,0.0,0.0,0.0,184.0,184.1132354736328,158471.65625,158521.5,266673776.0,266715600.0,861.2597045898438,5.0,0.0,861.259033203125,861.0,1449314.0,1449132.0,1549.5975341796875,0.0,1389.2620849609375,8.257750323537039e-07,0.0,0.0,0.0,0.0,0.0,0.0007112067542038858,0.0,1.2989710569381714,0.0
2002-03-01,OP_4,263.79095458984375,265.8264465332031,266.2791748046875,266.0876159667969,0.0,0.0,0.0,0.0,0.0,184.0,184.05062866210938,294324.46875,269752.5,162996032.0,156621840.0,1670.060791015625,5.0,0.0,1599.5894775390625,1465.6429443359375,885848.0,850979.0625,892.5490112304688,0.0,2653.01708984375,0.0421968474984169,0.16010725498199463,0.0,0.0,0.0,0.0,70.47129821777344,279.3929138183594,2490.4794921875,56808.00390625
2002-03-01,OP_5,258.5518798828125,259.8477478027344,260.3456115722656,259.8658447265625,0.0,0.0,0.0,0.0,0.0,184.0,184.0821990966797,364948.71875,365035.0,129549488.0,129574416.0,1983.41943359375,5.0,0.0,1983.4169921875,1983.0,704073.3125,703951.0,1587.3638916015625,0.0,3199.37060546875,1.2417132211339776e-06,0.0,0.0,0.0,0.0,0.0,0.002462838077917695,0.0,0.9303597211837769,0.0
2002-03-01,WI_1,318.52154541015625,299.9841003417969,295.0061950683594,297.127685546875,0.0,0.0,0.0,0.0,0.0,0.0,0.0,0.0,0.0,0.0,0.0,0.0,2.0,0.0,0.0,0.0,0.0,0.0,270.1302795410156,0.0,0.0,0.0,0.0,5000.0,5000.0,3789983.0,3789983.0,0.0,0.0,0.0,0.0
2002-03-01,WI_2,375.9645690917969,351.17034912109375,348.231201171875,349.5863952636719,0.0,0.0,0.0,0.0,0.0,0.0,0.0,0.0,0.0,0.0,0.0,0.0,2.0,0.0,0.0,0.0,0.0,0.0,201.95774841308594,0.0,0.0,0.0,0.0,5000.0,5000.0,3184990.0,3184990.0,0.0,0.0,0.0,0.0
2002-03-01,WI_3,294.220947265625,291.08740234375,289.7295837402344,290.38702392578125,0.0,0.0,0.0,0.0,0.0,0.0,0.0,0.0,0.0,0.0,0.0,0.0,2.0,0.0,0.0,0.0,0.0,0.0,1654.3819580078125,0.0,0.0,0.0,0.0,5000.0,5000.0,1819978.0,1819978.0,0.0,0.0,0.0,0.0
2002-04-01,OP_1,250.1500244140625,251.42630004882812,252.1268310546875,251.85169982910156,0.0,0.0,0.0,0.0,0.0,184.0,184.08056640625,315256.84375,315330.0,409649792.0,409704448.0,1713.353271484375,5.0,0.0,1713.3524169921875,1713.0,2226357.5,2226136.0,1352.00341796875,0.0,2763.55126953125,5.126713631398161e-07,0.0,0.0,0.0,0.0,0.0,0.0008783871307969093,0.0,1.20675528049469,0.0
2002-04-01,OP_2,246.40383911132812,269.50128173828125,272.95098876953125,271.4037780761719,0.0,0.0,0.0,0.0,0.0,184.0,184.89476013183594,147992.609375,28730.259765625,168098576.0,85861640.0,4422.81298828125,5.0,0.0,804.3076171875,155.38710021972656,913579.25,466202.0,34.76613235473633,0.0,5034.5908203125,0.8181456923484802,0.9675375819206238,0.0,0.0,0.0,0.0,3618.505126953125,4631.291015625,1209828.875,1908058.125
2002-04-01,OP_3,262.6163330078125,263.18408203125,263.37353515625,263.2941589355469,0.0,0.0,0.0,0.0,0.0,184.0,184.0018310546875,160632.515625,160633.59375,271653376.0,271695232.0,873.0034790039062,5.0,0.0,873.0027465820312,873.0,1476377.125,1476195.0,1549.369873046875,0.0,1408.10986328125,8.258204502453736e-07,0.0,0.0,0.0,0.0,0.0,0.000720944139175117,0.0,1.3213196992874146,0.0
2002-04-01,OP_4,263.6983337402344,265.872314453125,266.3306884765625,266.1365051269531,0.0,0.0,0.0,0.0,0.0,184.0,184.06813049316406,286015.625,265022.40625,171938176.0,164837536.0,1672.674560546875,5.0,0.0,1554.4327392578125,1439.8060302734375,934446.625,895613.0625,842.421630859375,0.0,2629.34423828125,0.07069029659032822,0.17094197869300842,0.0,0.0,0.0,0.0,118.24186706542969,296.8710021972656,5513.6865234375,66011.0078125
2002-04-01,OP_5,258.5180969238281,259.8393249511719,260.3613586425781,259.8885803222656,0.0,0.0,0.0,0.0,0.0,184.0,184.0589141845703,371732.78125,371799.0,141073200.0,141100192.0,2020.2901611328125,5.0,0.0,2020.286865234375,2020.0,766702.1875,766571.0,1586.829833984375,0.0,3258.62353515625,1.6768517525633797e-06,0.0,0.0,0.0,0.0,0.0,0.0033877273090183735,0.0,1.0213919878005981,0.0
2002-04-01,WI_1,318.5540466308594,300.01666259765625,295.03863525390625,297.16015625,0.0,0.0,0.0,0.0,0.0,0.0,0.0,0.0,0.0,0.0,0.0,0.0,2.0,0.0,0.0,0.0,0.0,0.0,270.13067626953125,0.0,0.0,0.0,0.0,5000.0,5000.0,3944983.0,3944983.0,0.0,0.0,0.0,0.0
2002-04-01,WI_2,376.2659606933594,351.6221008300781,348.70257568359375,350.049072265625,0.0,0.0,0.0,0.0,0.0,0.0,0.0,0.0,0.0,0.0,0.0,0.0,2.0,0.0,0.0,0.0,0.0,0.0,203.19065856933594,0.0,0.0,0.0,0.0,5000.0,5000.0,3339990.0,3339990.0,0.0,0.0,0.0,0.0
2002-04-01,WI_3,294.32940673828125,291.19683837890625,289.8395690917969,290.49676513671875,0.0,0.0,0.0,0.0,0.0,0.0,0.0,0.0,0.0,0.0,0.0,0.0,2.0,0.0,0.0,0.0,0.0,0.0,1654.5421142578125,0.0,0.0,0.0,0.0,5000.0,5000.0,1974978.0,1974978.0,0.0,0.0,0.0,0.0
2002-05-01,OP_1,250.8765411376953,252.10557556152344,252.7823028564453,252.5164794921875,0.0,0.0,0.0,0.0,0.0,184.0,184.10922241210938,303319.53125,303412.0,418749376.0,418806816.0,1648.4765625,5.0,0.0,1648.4757080078125,1648.0,2275812.0,2275576.0,1350.45947265625,0.0,2658.724609375,5.127361646373174e-07,0.0,0.0,0.0,0.0,0.0,0.000845233618747443,0.0,1.232114315032959,0.0
2002-05-01,OP_2,246.41566467285156,269.4994201660156,272.9822692871094,271.4196472167969,0.0,0.0,0.0,0.0,0.0,184.0,184.61163330078125,141632.59375,28122.5,172452912.0,86705312.0,4493.482421875,5.0,0.0,769.7423706054688,152.3332977294922,937244.0625,470772.0,33.289512634277344,0.0,5087.40087890625,0.8286980390548706,0.9685248136520386,0.0,0.0,0.0,0.0,3723.739990234375,4687.466796875,1320646.25,2048682.125
2002-05-01,OP_3,262.694091796875,263.2699890136719,263.4622802734375,263.3817443847656,0.0,0.0,0.0,0.0,0.0,184.0,184.1316375732422,162897.578125,162956.5,276540320.0,276583936.0,885.313720703125,5.0,0.0,885.31298828125,885.0,1502936.5,1502745.0,1549.1591796875,0.0,1427.8668212890625,8.257782155851601e-07,0.0,0.0,0.0,0.0,0.0,0.0007310727960430086,0.0,1.3432525396347046,0.0
2002-05-01,OP_4,263.64312744140625,265.91680908203125,266.380859375,266.18414306640625,0.0,0.0,0.0,0.0,0.0,184.0,184.0506134033203,279571.46875,260879.40625,180380720.0,172663920.0,1675.5924072265625,5.0,0.0,1519.41015625,1417.4329833984375,980330.0,938136.0,810.1756591796875,0.0,2611.869140625,0.0932101458311081,0.1819039285182953,0.0,0.0,0.0,0.0,156.18222045898438,315.16668701171875,9728.84375,75466.0078125
2002-05-01,OP_5,258.4906005859375,259.8326416015625,260.38250732421875,259.91583251953125,0.0,0.0,0.0,0.0,0.0,184.0,184.0392608642578,376863.3125,376912.40625,152379120.0,152407552.0,2048.178466796875,5.0,0.0,2048.170166015625,2048.0,828147.375,828011.0,1585.2086181640625,0.0,3303.37451171875,4.105498192075174e-06,0.0,0.0,0.0,0.0,0.0,0.00840879324823618,0.0,1.201680064201355,0.0
2002-05-01,WI_1,318.58343505859375,300.0460510253906,295.0679016113281,297.18951416015625,0.0,0.0,0.0,0.0,0.0,0.0,0.0,0.0,0.0,0.0,0.0,0.0,2.0,0.0,0.0,0.0,0.0,0.0,270.13104248046875,0.0,0.0,0.0,0.0,5000.0,5000.0,4094983.0,4094983.0,0.0,0.0,0.0,0.0
2002-05-01,WI_2,376.55780029296875,352.05438232421875,349.1529235839844,350.4913635253906,0.0,0.0,0.0,0.0,0.0,0.0,0.0,0.0,0.0,0.0,0.0,0.0,2.0,0.0,0.0,0.0,0.0,0.0,204.35592651367188,0.0,0.0,0.0,0.0,5000.0,5000.0,3489990.0,3489990.0,0.0,0.0,0.0,0.0
2002-05-01,WI_3,294.4147033691406,291.2829284667969,289.9266357421875,290.5834655761719,0.0,0.0,0.0,0.0,0.0,0.0,0.0,0.0,0.0,0.0,0.0,0.0,2.0,0.0,0.0,0.0,0.0,0.0,1654.6837158203125,0.0,0.0,0.0,0.0,5000.0,5000.0,2124978.0,2124978.0,0.0,0.0,0.0,0.0
2002-06-01,OP_1,251.5926971435547,252.78231811523438,253.43902587890625,253.18101501464844,0.0,0.0,0.0,0.0,0.0,184.0,184.0420379638672,293323.3125,293363.0,427842400.0,427901056.0,1594.1492919921875,5.0,0.0,1594.1485595703125,1594.0,2325230.5,2324990.0,1348.9212646484375,0.0,2570.927734375,5.127709528096602e-07,0.0,0.0,0.0,0.0,0.0,0.0008174334652721882,0.0,1.2574571371078491,0.0
2002-06-01,OP_2,246.3796844482422,269.4732360839844,272.9870300292969,271.4101867675781,0.0,0.0,0.0,0.0,0.0,184.0,184.6905975341797,135846.3125,27685.7109375,176765216.0,87563568.0,4565.013671875,5.0,0.0,738.295166015625,149.9031982421875,960680.5625,475419.0,31.913997650146484,0.0,5142.916015625,0.8382709622383118,0.9693758487701416,0.0,0.0,0.0,0.0,3826.718505859375,4745.0322265625,1438415.875,2195778.0
2002-06-01,OP_3,262.76556396484375,263.35076904296875,263.5462951660156,263.4644470214844,0.0,0.0,0.0,0.0,0.0,184.0,184.17552185058594,165495.53125,165573.796875,281670688.0,281716736.0,899.4329223632812,5.0,0.0,899.4321899414062,899.0,1530818.875,1530614.0,1548.9608154296875,0.0,1450.5396728515625,8.25830909434444e-07,0.0,0.0,0.0,0.0,0.0,0.0007427795208059251,0.0,1.3662775754928589,0.0
2002-06-01,OP_4,263.58892822265625,265.9519348144531,266.421875,266.22283935546875,0.0,0.0,0.0,0.0,0.0,184.0,184.06106567382812,274559.125,257216.5,188939792.0,180637632.0,1678.7216796875,5.0,0.0,1492.169189453125,1397.4520263671875,1026846.6875,981457.0625,785.229736328125,0.0,2599.134033203125,0.11112771183252335,0.19296179711818695,0.0,0.0,0.0,0.0,186.552490234375,334.1289978027344,15106.76953125,85824.0078125
2002-06-01,OP_5,258.4322509765625,259.7981262207031,260.3858337402344,259.92095947265625,0.0,0.0,0.0,0.0,0.0,184.0,184.03611755371094,381771.8125,381144.6875,164214096.0,164223040.0,2074.878662109375,5.0,0.0,2074.846923828125,2071.031982421875,892467.875,892213.0,1580.9063720703125,0.0,3346.195068359375,1.53138335008407e-05,0.0027648338582366705,0.0,0.0,0.0,0.0,0.03177434578537941,5.741934776306152,1.7904267311096191,177.99998474121094
2002-06-01,WI_1,318.6073303222656,300.0699462890625,295.0916748046875,297.21331787109375,0.0,0.0,0.0,0.0,0.0,0.0,0.0,0.0,0.0,0.0,0.0,0.0,2.0,0.0,0.0,0.0,0.0,0.0,270.1313171386719,0.0,0.0,0.0,0.0,5000.0,5000.0,4249983.0,4249983.0,0.0,0.0,0.0,0.0
2002-06-01,WI_2,376.8459167480469,352.47802734375,349.5939025878906,350.92462158203125,0.0,0.0,0.0,0.0,0.0,0.0,0.0,0.0,0.0,0.0,0.0,0.0,2.0,0.0,0.0,0.0,0.0,0.0,205.4933319091797,0.0,0.0,0.0,0.0,5000.0,5000.0,3644990.0,3644990.0,0.0,0.0,0.0,0.0
2002-06-01,WI_3,294.474365234375,291.3433837890625,289.988525390625,290.6448059082031,0.0,0.0,0.0,0.0,0.0,0.0,0.0,0.0,0.0,0.0,0.0,0.0,2.0,0.0,0.0,0.0,0.0,0.0,1654.818603515625,0.0,0.0,0.0,0.0,5000.0,5000.0,2279978.0,2279978.0,0.0,0.0,0.0,0.0
2002-07-01,OP_1,252.15005493164062,253.31675720214844,253.9615478515625,253.7081756591797,0.0,0.0,0.0,0.0,0.0,184.0,184.06216430664062,287451.5,287505.09375,436465952.0,436526208.0,1562.2373046875,5.0,0.0,1562.2364501953125,1562.0,2372097.5,2371850.0,1347.70654296875,0.0,2519.31298828125,5.127512849867344e-07,0.0,0.0,0.0,0.0,0.0,0.0008010391029529274,0.0,1.2814903259277344,0.0
2002-07-01,OP_2,246.36978149414062,269.45916748046875,272.9964599609375,271.4088134765625,0.0,0.0,0.0,0.0,0.0,184.0,184.74139404296875,130781.40625,27317.099609375,180772288.0,88383080.0,4626.09619140625,5.0,0.0,710.7685546875,147.86669921875,982458.125,479855.0,30.728307723999023,0.0,5189.93408203125,0.8463567495346069,0.970077395439148,0.0,0.0,0.0,0.0,3915.32763671875,4793.76708984375,1555165.5,2339591.0
2002-07-01,OP_3,262.8094177246094,263.404296875,263.6031494140625,263.5199279785156,0.0,0.0,0.0,0.0,0.0,184.0,184.0918731689453,168192.421875,168161.796875,286716448.0,286761568.0,914.0899658203125,5.0,0.0,914.0892333984375,913.4666748046875,1558241.625,1558018.0,1548.829833984375,0.0,1474.090087890625,8.256715204879583e-07,0.0006928454386070371,0.0,0.0,0.0,0.0,0.0007547380519099534,0.6333299875259399,1.3889206647872925,18.99989891052246
2002-07-01,OP_4,263.53973388671875,265.97711181640625,266.4526672363281,266.251220703125,0.0,0.0,0.0,0.0,0.0,184.0,184.07276916503906,269514.375,253149.203125,197067568.0,188232112.0,1678.052978515625,5.0,0.0,1464.7520751953125,1375.2669677734375,1071019.375,1022715.0625,764.2261352539062,0.0,2582.401611328125,0.12711217999458313,0.20408198237419128,0.0,0.0,0.0,0.0,213.30096435546875,352.63330078125,21146.28125,96403.0078125
2002-07-01,OP_5,258.3152160644531,259.7140808105469,260.3514404296875,259.8795471191406,0.0,0.0,0.0,0.0,0.0,184.0,184.04843139648438,386980.84375,373968.0,175823680.0,175442080.0,2103.28271484375,5.0,0.0,2103.15673828125,2031.9000244140625,955563.5,953170.0,1571.2723388671875,0.0,3391.74755859375,5.996561958454549e-05,0.051813699305057526,0.0,0.0,0.0,0.0,0.12612466514110565,111.0333023071289,4.054011344909668,3508.9990234375
2002-07-01,WI_1,318.6199645996094,300.0826110839844,295.1042175292969,297.2259216308594,0.0,0.0,0.0,0.0,0.0,0.0,0.0,0.0,0.0,0.0,0.0,0.0,2.0,0.0,0.0,0.0,0.0,0.0,270.1314697265625,0.0,0.0,0.0,0.0,5000.0,5000.0,4399983.0,4399983.0,0.0,0.0,0.0,0.0
2002-07-01,WI_2,377.0903015136719,352.84478759765625,349.9761657714844,351.29998779296875,0.0,0.0,0.0,0.0,0.0,0.0,0.0,0.0,0.0,0.0,0.0,0.0,2.0,0.0,0.0,0.0,0.0,0.0,206.5311737060547,0.0,0.0,0.0,0.0,5000.0,5000.0,3794990.0,3794990.0,0.0,0.0,0.0,0.0
2002-07-01,WI_3,294.5255126953125,291.3953552246094,290.0420227050781,290.69775390625,0.0,0.0,0.0,0.0,0.0,0.0,0.0,0.0,0.0,0.0,0.0,0.0,2.0,0.0,0.0,0.0,0.0,0.0,1654.9520263671875,0.0,0.0,0.0,0.0,5000.0,5000.0,2429978.0,2429978.0,0.0,0.0,0.0,0.0
2002-08-01,OP_1,252.71180725097656,253.85244750976562,254.48406982421875,254.23583984375,0.0,0.0,0.0,0.0,0.0,184.0,184.0517120361328,280817.9375,280862.90625,445171328.0,445232960.0,1526.185302734375,5.0,0.0,1526.1845703125,1526.0,2419409.25,2419156.0,1346.4888916015625,0.0,2461.037841796875,5.127770350554783e-07,0.0,0.0,0.0,0.0,0.0,0.000782592745963484,0.0,1.3057522773742676,0.0
2002-08-01,OP_2,246.42886352539062,269.4682312011719,273.0223388671875,271.42694091796875,0.0,0.0,0.0,0.0,0.0,184.0,184.48825073242188,125963.96875,26982.900390625,184756256.0,89219552.0,4678.5751953125,5.0,0.0,684.5867919921875,146.2581024169922,1004110.125,484389.0,29.659404754638672,0.0,5228.8564453125,0.8536762595176697,0.9706335067749023,0.0,0.0,0.0,0.0,3993.988525390625,4834.19287109375,1678307.375,2489451.0
2002-08-01,OP_3,262.84832763671875,263.45355224609375,263.6559753417969,263.5712890625,0.0,0.0,0.0,0.0,0.0,184.0,184.05648803710938,171085.015625,170038.5,292020096.0,292032768.0,929.8106689453125,5.0,0.0,929.8098754882812,923.8386840820312,1587065.75,1586657.0,1548.7081298828125,0.0,1499.3585205078125,8.260225854428427e-07,0.009784938767552376,0.0,0.0,0.0,0.0,0.0007680446142330766,9.129032135009766,1.4127250909805298,301.9999084472656
2002-08-01,OP_4,263.4914855957031,266.0059814453125,266.4864501953125,266.2828674316406,0.0,0.0,0.0,0.0,0.0,184.0,184.07415771484375,263909.0625,248761.296875,205295888.0,195943712.0,1675.486572265625,5.0,0.0,1434.2884521484375,1351.4189453125,1115738.5,1064609.0,743.2844848632812,0.0,2561.95654296875,0.14395709335803986,0.21502721309661865,0.0,0.0,0.0,0.0,241.19818115234375,370.1935119628906,28223.361328125,107879.0
2002-08-01,OP_5,258.1551818847656,259.60406494140625,260.29595947265625,259.8138427734375,0.0,0.0,0.0,0.0,0.0,184.0,184.03990173339844,391058.75,357363.90625,187947360.0,186520368.0,2125.874755859375,5.0,0.0,2125.3193359375,1941.7740478515625,1021453.0,1013365.0,1548.3724365234375,0.0,3427.740966796875,0.0002613024553284049,0.12871991097927094,0.0,0.0,0.0,0.0,0.555496335029602,286.8710021972656,13.917075157165527,12402.0
2002-08-01,WI_1,318.63238525390625,300.09503173828125,295.11651611328125,297.2382507324219,0.0,0.0,0.0,0.0,0.0,0.0,0.0,0.0,0.0,0.0,0.0,0.0,2.0,0.0,0.0,0.0,0.0,0.0,270.1316223144531,0.0,0.0,0.0,0.0,5000.0,5000.0,4554983.0,4554983.0,0.0,0.0,0.0,0.0
2002-08-01,WI_2,377.2986755371094,353.1715393066406,350.3178405761719,351.6349792480469,0.0,0.0,0.0,0.0,0.0,0.0,0.0,0.0,0.0,0.0,0.0,0.0,2.0,0.0,0.0,0.0,0.0,0.0,207.54481506347656,0.0,0.0,0.0,0.0,5000.0,5000.0,3949990.0,3949990.0,0.0,0.0,0.0,0.0
2002-08-01,WI_3,294.585205078125,291.4558410644531,290.1039733886719,290.7591552734375,0.0,0.0,0.0,0.0,0.0,0.0,0.0,0.0,0.0,0.0,0.0,0.0,2.0,0.0,0.0,0.0,0.0,0.0,1655.0819091796875,0.0,0.0,0.0,0.0,5000.0,5000.0,2584978.0,2584978.0,0.0,0.0,0.0,0.0
2002-09-01,OP_1,253.38417053222656,254.48622131347656,255.09901428222656,254.85812377929688,0.0,0.0,0.0,0.0,0.0,184.0,184.07684326171875,271084.46875,271145.1875,453574944.0,453638464.0,1473.285888671875,5.0,0.0,1473.28515625,1473.0,2465081.25,2464819.0,1345.04833984375,0.0,2375.58056640625,5.129171540829702e-07,0.0,0.0,0.0,0.0,0.0,0.0007556736236438155,0.0,1.3291785717010498,0.0
2002-09-01,OP_2,246.53610229492188,269.509521484375,273.07470703125,271.4741516113281,0.0,0.0,0.0,0.0,0.0,184.0,184.57815551757812,121523.3828125,26662.609375,188594528.0,90046096.0,4722.98193359375,5.0,0.0,660.453125,144.45159912109375,1024970.3125,488867.0,28.695098876953125,0.0,5260.61572265625,0.8601618409156799,0.9711801409721375,0.0,0.0,0.0,0.0,4062.529052734375,4867.77392578125,1803642.375,2640352.0
2002-09-01,OP_3,262.9176940917969,263.534423828125,263.7407531738281,263.6544494628906,0.0,0.0,0.0,0.0,0.0,184.0,184.10621643066406,174288.953125,169633.09375,297423040.0,297291392.0,947.223388671875,5.0,0.0,947.2225952148438,921.3870849609375,1616429.625,1615220.0,1548.5103759765625,0.0,1527.3377685546875,8.257210311057861e-07,0.04154222458600998,0.0,0.0,0.0,0.0,0.0007821422768756747,39.93547821044922,1.4369738101959229,1539.999755859375
2002-09-01,OP_4,263.46771240234375,266.0719299316406,266.5549621582031,266.35009765625,0.0,0.0,0.0,0.0,0.0,184.0,184.0789794921875,258473.40625,244973.40625,213359840.0,203537888.0,1676.205078125,5.0,0.0,1404.746826171875,1330.8060302734375,1159564.375,1105864.0,722.8411865234375,0.0,2545.421142578125,0.16194812953472137,0.225054532289505,0.0,0.0,0.0,0.0,271.4582824707031,386.48388671875,36203.41015625,119860.0078125
2002-09-01,OP_5,257.98260498046875,259.52203369140625,260.257568359375,259.7705993652344,0.0,0.0,0.0,0.0,0.0,184.0,184.0270538330078,391419.125,341833.1875,200086288.0,197117184.0,2130.2333984375,5.0,0.0,2127.27783203125,1857.5159912109375,1087425.5,1070948.0,1495.45361328125,0.0,3433.154296875,0.0013873804127797484,0.18582983314990997,0.0,0.0,0.0,0.0,2.955444097518921,423.96771240234375,63.24386215209961,25545.0
2002-09-01,WI_1,318.6775207519531,300.14019775390625,295.1615905761719,297.28338623046875,0.0,0.0,0.0,0.0,0.0,0.0,0.0,0.0,0.0,0.0,0.0,0.0,2.0,0.0,0.0,0.0,0.0,0.0,270.1321716308594,0.0,0.0,0.0,0.0,5000.0,5000.0,4709983.0,4709983.0,0.0,0.0,0.0,0.0
2002-09-01,WI_2,377.47161865234375,353.4548645019531,350.61505126953125,351.9259948730469,0.0,0.0,0.0,0.0,0.0,0.0,0.0,0.0,0.0,0.0,0.0,0.0,2.0,0.0,0.0,0.0,0.0,0.0,208.49935913085938,0.0,0.0,0.0,0.0,5000.0,5000.0,4104990.0,4104990.0,0.0,0.0,0.0,0.0
2002-09-01,WI_3,294.6619567871094,291.53338623046875,290.1825866699219,290.8373718261719,0.0,0.0,0.0,0.0,0.0,0.0,0.0,0.0,0.0,0.0,0.0,0.0,2.0,0.0,0.0,0.0,0.0,0.0,1655.205078125,0.0,0.0,0.0,0.0,5000.0,5000.0,2739978.0,2739978.0,0.0,0.0,0.0,0.0
2002-10-01,OP_1,254.15818786621094,255.21481323242188,255.80560302734375,255.57330322265625,0.0,0.0,0.0,0.0,0.0,184.0,184.04550170898438,259650.5625,259688.203125,461364448.0,461429120.0,1411.1451416015625,5.0,0.0,1411.1444091796875,1411.0,2507415.5,2507149.0,1343.3922119140625,0.0,2275.192138671875,5.131252578394196e-07,0.0,0.0,0.0,0.0,0.0,0.000724094221368432,0.0,1.350901484489441,0.0
2002-10-01,OP_2,246.66476440429688,269.58062744140625,273.15472412109375,271.550048828125,0.0,0.0,0.0,0.0,0.0,184.0,184.60337829589844,117674.4609375,26385.970703125,192184592.0,90837672.0,4763.07861328125,5.0,0.0,639.5350952148438,142.9333038330078,1044481.5,493155.0,27.855194091796875,0.0,5289.759765625,0.8657307028770447,0.9716479182243347,0.0,0.0,0.0,0.0,4123.54345703125,4898.43310546875,1926840.125,2787305.0
2002-10-01,OP_3,263.05145263671875,263.6828308105469,263.89410400390625,263.8057556152344,0.0,0.0,0.0,0.0,0.0,184.0,184.05490112304688,178344.890625,168858.09375,302773376.0,302357152.0,969.2665405273438,5.0,0.0,969.2657470703125,917.4332885742188,1645507.5,1642743.0,1548.146240234375,0.0,1562.750244140625,8.25715744667832e-07,0.08088161796331406,0.0,0.0,0.0,0.0,0.0008003386319614947,80.73332977294922,1.4609836339950562,3961.99951171875
2002-10-01,OP_4,263.485107421875,266.1988830566406,266.68743896484375,266.48016357421875,0.0,0.0,0.0,0.0,0.0,184.0,184.0789337158203,254544.78125,243045.5,221047936.0,210829248.0,1688.7896728515625,5.0,0.0,1383.3955078125,1320.3330078125,1201347.5,1145474.0,703.8699340820312,0.0,2545.85107421875,0.18083611130714417,0.2340417504310608,0.0,0.0,0.0,0.0,305.3941650390625,403.43328857421875,44925.96484375,131963.0
2002-10-01,OP_5,257.9004211425781,259.5793151855469,260.3392333984375,259.8543701171875,0.0,0.0,0.0,0.0,0.0,184.0,184.053955078125,383271.09375,322217.1875,211607920.0,206783712.0,2097.9931640625,5.0,0.0,2082.9951171875,1750.6669921875,1150043.125,1123468.0,1407.957275390625,0.0,3373.9072265625,0.007148762233555317,0.23355317115783691,0.0,0.0,0.0,0.0,14.998054504394531,533.4666748046875,313.2549743652344,41549.0
2002-10-01,WI_1,318.79400634765625,300.2568054199219,295.278076171875,297.3998718261719,0.0,0.0,0.0,0.0,0.0,0.0,0.0,0.0,0.0,0.0,0.0,0.0,2.0,0.0,0.0,0.0,0.0,0.0,270.13360595703125,0.0,0.0,0.0,0.0,5000.0,5000.0,4859983.0,4859983.0,0.0,0.0,0.0,0.0
2002-10-01,WI_2,377.63238525390625,353.7164611816406,350.8893127441406,352.194580078125,0.0,0.0,0.0,0.0,0.0,0.0,0.0,0.0,0.0,0.0,0.0,0.0,2.0,0.0,0.0,0.0,0.0,0.0,209.37892150878906,0.0,0.0,0.0,0.0,5000.0,5000.0,4254990.0,4254990.0,0.0,0.0,0.0,0.0
2002-10-01,WI_3,294.7696228027344,291.6417236328125,290.29150390625,290.9460754394531,0.0,0.0,0.0,0.0,0.0,0.0,0.0,0.0,0.0,0.0,0.0,0.0,2.0,0.0,0.0,0.0,0.0,0.0,1655.319580078125,0.0,0.0,0.0,0.0,5000.0,5000.0,2889978.0,2889978.0,0.0,0.0,0.0,0.0
2002-11-01,OP_1,254.80186462402344,255.83929443359375,256.42059326171875,256.1919860839844,0.0,0.0,0.0,0.0,0.0,184.0,184.0538330078125,254688.109375,254730.5,469259776.0,469325760.0,1384.17529296875,5.0,0.0,1384.174560546875,1384.0,2550325.0,2550053.0,1341.9727783203125,0.0,2231.46875,5.131480520503828e-07,0.0,0.0,0.0,0.0,0.0,0.0007102867821231484,0.0,1.3729217052459717,0.0
2002-11-01,OP_2,246.85812377929688,269.71746826171875,273.3011169433594,271.6920471191406,0.0,0.0,0.0,0.0,0.0,184.0,184.50889587402344,114095.296875,26152.640625,195780304.0,91648408.0,4803.80224609375,5.0,0.0,620.0831298828125,141.7418975830078,1064023.375,497549.0,27.07356834411621,0.0,5320.36474609375,0.8709182739257812,0.9720531702041626,0.0,0.0,0.0,0.0,4183.71875,4930.09716796875,2056036.0,2940138.0
2002-11-01,OP_3,263.3526916503906,264.00274658203125,264.2202453613281,264.12933349609375,0.0,0.0,0.0,0.0,0.0,184.0,184.12173461914062,183494.28125,169243.5,308461696.0,307603680.0,997.2523803710938,5.0,0.0,997.2515869140625,919.1934814453125,1676422.25,1671238.0,1547.361572265625,0.0,1607.6990966796875,8.255898364950554e-07,0.11665324866771698,0.0,0.0,0.0,0.0,0.00082332146121189,121.38710021972656,1.4865096807479858,7724.99951171875
2002-11-01,OP_4,263.6562805175781,266.4964294433594,266.9950866699219,266.78375244140625,0.0,0.0,0.0,0.0,0.0,184.0,184.0960235595703,253029.765625,243386.90625,228940496.0,218374240.0,1714.8865966796875,5.0,0.0,1375.1617431640625,1322.06494140625,1244241.875,1186458.0,687.4241333007812,0.0,2567.787109375,0.1981033831834793,0.24200554192066193,0.0,0.0,0.0,0.0,339.7248229980469,422.0968017578125,55044.67578125,145048.0
2002-11-01,OP_5,258.2347106933594,260.0111083984375,260.7568359375,260.2801208496094,0.0,0.0,0.0,0.0,0.0,184.0,184.0648956298828,356679.25,292111.0,222738592.0,215839152.0,1992.113525390625,5.0,0.0,1938.4742431640625,1587.0,1210535.875,1172665.0,1315.9725341796875,0.0,3180.46630859375,0.026925833895802498,0.2749793529510498,0.0,0.0,0.0,0.0,53.63931655883789,601.9031982421875,1350.8546142578125,60208.0
2002-11-01,WI_1,319.09014892578125,300.5531921386719,295.5743713378906,297.6961669921875,0.0,0.0,0.0,0.0,0.0,0.0,0.0,0.0,0.0,0.0,0.0,0.0,2.0,0.0,0.0,0.0,0.0,0.0,270.13720703125,0.0,0.0,0.0,0.0,5000.0,5000.0,5014983.0,5014983.0,0.0,0.0,0.0,0.0
2002-11-01,WI_2,377.8077392578125,353.9903869628906,351.17596435546875,352.47552490234375,0.0,0.0,0.0,0.0,0.0,0.0,0.0,0.0,0.0,0.0,0.0,0.0,2.0,0.0,0.0,0.0,0.0,0.0,210.24578857421875,0.0,0.0,0.0,0.0,5000.0,5000.0,4409990.0,4409990.0,0.0,0.0,0.0,0.0
2002-11-01,WI_3,294.9535827636719,291.8262939453125,290.4756774902344,291.13037109375,0.0,0.0,0.0,0.0,0.0,0.0,0.0,0.0,0.0,0.0,0.0,0.0,2.0,0.0,0.0,0.0,0.0,0.0,1655.4365234375,0.0,0.0,0.0,0.0,5000.0,5000.0,3044978.0,3044978.0,0.0,0.0,0.0,0.0
2002-12-01,OP_1,255.1910858154297,256.23529052734375,256.8197326660156,256.58990478515625,0.0,0.0,0.0,0.0,0.0,184.0,184.07241821289062,256173.984375,256228.796875,476945024.0,477012608.0,1392.2506103515625,5.0,0.0,1392.2498779296875,1392.0,2592092.5,2591813.0,1341.07275390625,0.0,2244.261474609375,5.130103204464831e-07,0.0,0.0,0.0,0.0,0.0,0.000714238965883851,0.0,1.3943506479263306,0.0
2002-12-01,OP_2,247.05690002441406,269.892578125,273.4878845214844,271.8736267089844,0.0,0.0,0.0,0.0,0.0,184.0,184.5791778564453,111085.296875,25982.599609375,199163552.0,92427880.0,4846.630859375,5.0,0.0,603.7244262695312,140.76669311523438,1082410.625,501772.0,26.385526657104492,0.0,5354.95166015625,0.8754342198371887,0.9724307656288147,0.0,0.0,0.0,0.0,4242.90625,4965.1669921875,2182892.5,3089093.0
2002-12-01,OP_3,263.62420654296875,264.2978515625,264.5231628417969,264.4289855957031,0.0,0.0,0.0,0.0,0.0,184.0,184.0697479248047,190001.046875,170743.09375,314161696.0,312725984.0,1032.615234375,5.0,0.0,1032.6143798828125,927.5999755859375,1707400.5,1699066.0,1546.637451171875,0.0,1664.541015625,8.255841521531693e-07,0.1499786376953125,0.0,0.0,0.0,0.0,0.0008525107405148447,163.6667022705078,1.512087345123291,12635.0009765625
2002-12-01,OP_4,263.8601989746094,266.8139343261719,267.3222961425781,267.1072998046875,0.0,0.0,0.0,0.0,0.0,184.0,184.07321166992188,252313.640625,244154.703125,236551136.0,225698880.0,1741.97705078125,5.0,0.0,1371.269775390625,1326.4000244140625,1285604.0,1226250.0,675.1062622070312,0.0,2593.28125,0.21280834078788757,0.24925005435943604,0.0,0.0,0.0,0.0,370.7072448730469,440.36669921875,65816.1015625,158259.0
2002-12-01,OP_5,258.5037841796875,260.3893127441406,261.1240539550781,260.650146484375,0.0,0.0,0.0,0.0,0.0,184.0,184.0467529296875,333866.25,269916.90625,232854464.0,223936656.0,1929.4315185546875,5.0,0.0,1814.490478515625,1466.5670166015625,1265513.375,1216662.0,1237.8828125,0.0,3043.601318359375,0.059572454541921616,0.30963435769081116,0.0,0.0,0.0,0.0,114.94097137451172,657.7667236328125,3951.063720703125,79941.0
2002-12-01,WI_1,319.4087829589844,300.8720703125,295.8931884765625,298.0149841308594,0.0,0.0,0.0,0.0,0.0,0.0,0.0,0.0,0.0,0.0,0.0,0.0,2.0,0.0,0.0,0.0,0.0,0.0,270.1410827636719,0.0,0.0,0.0,0.0,5000.0,5000.0,5164983.0,5164983.0,0.0,0.0,0.0,0.0
2002-12-01,WI_2,377.97821044921875,354.25091552734375,351.4481201171875,352.742431640625,0.0,0.0,0.0,0.0,0.0,0.0,0.0,0.0,0.0,0.0,0.0,0.0,2.0,0.0,0.0,0.0,0.0,0.0,211.04373168945312,0.0,0.0,0.0,0.0,5000.0,5000.0,4559990.0,4559990.0,0.0,0.0,0.0,0.0
2002-12-01,WI_3,295.18316650390625,292.0564270019531,290.7049560546875,291.3599548339844,0.0,0.0,0.0,0.0,0.0,0.0,0.0,0.0,0.0,0.0,0.0,0.0,2.0,0.0,0.0,0.0,0.0,0.0,1655.5482177734375,0.0,0.0,0.0,0.0,5000.0,5000.0,3194978.0,3194978.0,0.0,0.0,0.0,0.0
2003-01-01,OP_1,255.8199462890625,256.83502197265625,257.40496826171875,257.1808166503906,0.0,0.0,0.0,0.0,0.0,184.0,184.08740234375,248811.390625,248874.203125,484658176.0,484727712.0,1352.2364501953125,5.0,0.0,1352.23583984375,1351.93505859375,2634011.75,2633723.0,1339.7095947265625,0.0,2179.534423828125,5.13086718001432e-07,0.0,0.0,0.0,0.0,0.0,0.0006938145379535854,0.0,1.4158604145050049,0.0
2003-01-01,OP_2,248.3544158935547,270.37432861328125,273.86956787109375,272.30096435546875,0.0,0.0,0.0,0.0,0.0,184.0,184.55154418945312,104389.3515625,25021.609375,202440928.0,93203552.0,4733.0009765625,5.0,0.0,567.3334350585938,135.58059692382812,1100222.5,505975.0,25.707597732543945,0.0,5216.3603515625,0.8801323771476746,0.9727463722229004,0.0,0.0,0.0,0.0,4165.66748046875,4839.19287109375,2311676.75,3239108.0
2003-01-01,OP_3,263.9863586425781,264.65869140625,264.8837585449219,264.7897033691406,0.0,0.0,0.0,0.0,0.0,184.0,184.12245178222656,189537.296875,166221.0,320037312.0,317878848.0,1030.0948486328125,5.0,0.0,1030.093994140625,902.774169921875,1739333.25,1727052.0,1545.751220703125,0.0,1660.306396484375,8.25927315872832e-07,0.18006566166877747,0.0,0.0,0.0,0.0,0.0008507834863848984,198.2581024169922,1.5384539365768433,18781.001953125
2003-01-01,OP_4,264.3058776855469,267.224365234375,267.7210998535156,267.5115661621094,0.0,0.0,0.0,0.0,0.0,184.0,184.05572509765625,240726.546875,234439.5,244053984.0,232966512.0,1693.6910400390625,5.0,0.0,1308.29638671875,1273.741943359375,1326380.375,1265736.0,665.7470703125,0.0,2506.713623046875,0.22754718363285065,0.25634217262268066,0.0,0.0,0.0,0.0,385.3946228027344,439.06451416015625,77421.2578125,171870.0
2003-01-01,OP_5,258.6022033691406,260.6599426269531,261.39056396484375,260.9232177734375,0.0,0.0,0.0,0.0,0.0,184.0,184.06698608398438,317738.21875,255265.203125,242801024.0,231849872.0,1901.4244384765625,5.0,0.0,1726.838134765625,1386.8060302734375,1319570.875,1259653.0,1164.5147705078125,0.0,2963.614990234375,0.09181872010231018,0.33700889348983765,0.0,0.0,0.0,0.0,174.5863494873047,704.9354858398438,8542.51953125,101794.0
2003-01-01,WI_1,318.2378845214844,300.299560546875,295.4803466796875,297.5340270996094,0.0,0.0,0.0,0.0,0.0,0.0,0.0,0.0,0.0,0.0,0.0,0.0,2.0,0.0,0.0,0.0,0.0,0.0,270.1341247558594,0.0,0.0,0.0,0.0,4838.708984375,4838.708984375,5314983.0,5314983.0,0.0,0.0,0.0,0.0
2003-01-01,WI_2,375.88134765625,352.98388671875,350.2811279296875,351.5287780761719,0.0,0.0,0.0,0.0,0.0,0.0,0.0,0.0,0.0,0.0,0.0,0.0,2.0,0.0,0.0,0.0,0.0,0.0,211.63040161132812,0.0,0.0,0.0,0.0,4838.708984375,4838.708984375,4709990.0,4709990.0,0.0,0.0,0.0,0.0
2003-01-01,WI_3,295.0688171386719,292.0457763671875,290.739013671875,291.3725280761719,0.0,0.0,0.0,0.0,0.0,0.0,0.0,0.0,0.0,0.0,0.0,0.0,2.0,0.0,0.0,0.0,0.0,0.0,1655.650146484375,0.0,0.0,0.0,0.0,4838.708984375,4838.708984375,3344978.0,3344978.0,0.0,0.0,0.0,0.0
2003-02-01,OP_1,255.83384704589844,256.84893798828125,257.41888427734375,257.19476318359375,0.0,0.0,0.0,0.0,0.0,0.0,0.0,0.0,0.0,484906976.0,484976608.0,0.0,5.0,0.0,0.0,0.0,2635364.0,2635075.0,1339.677978515625,0.0,2179.511962890625,0.0,0.0,0.0,0.0,0.0,0.0,0.0,0.0,1.4165542125701904,0.0
2003-02-01,OP_2,248.3683319091797,270.38214111328125,273.876953125,272.3085632324219,0.0,0.0,0.0,0.0,0.0,0.0,0.0,0.0,0.0,202545216.0,93228576.0,0.0,5.0,0.0,0.0,0.0,1100789.25,506110.59375,25.69036102294922,0.0,5216.35009765625,0.0,0.0,0.0,0.0,0.0,0.0,0.0,0.0,2315843.25,3243947.25
2003-02-01,OP_3,263.9969787597656,264.6693420410156,264.8944091796875,264.80035400390625,0.0,0.0,0.0,0.0,0.0,0.0,0.0,0.0,0.0,320226880.0,318045056.0,0.0,5.0,0.0,0.0,0.0,1740363.375,1727954.75,1545.72509765625,0.0,1660.2911376953125,0.0,0.0,0.0,0.0,0.0,0.0,0.0,0.0,1.5393047332763672,18979.259765625
2003-02-01,OP_4,264.31329345703125,267.23382568359375,267.7305908203125,267.52105712890625,0.0,0.0,0.0,0.0,0.0,0.0,0.0,0.0,0.0,244294608.0,233200944.0,0.0,5.0,0.0,0.0,0.0,1327688.0,1267009.75,665.4498291015625,0.0,2506.69189453125,0.0,0.0,0.0,0.0,0.0,0.0,0.0,0.0,77807.5078125,172309.0625
2003-02-01,OP_5,258.59954833984375,260.66455078125,261.3955078125,260.92816162109375,0.0,0.0,0.0,0.0,0.0,0.0,0.0,0.0,0.0,243118528.0,232105136.0,0.0,5.0,0.0,0.0,0.0,1321296.375,1261039.75,1162.4056396484375,0.0,2963.5908203125,0.0,0.0,0.0,0.0,0.0,0.0,0.0,0.0,8719.1025390625,102498.9375
2003-02-01,WI_1,318.2454528808594,300.30712890625,295.4879150390625,297.5415954589844,0.0,0.0,0.0,0.0,0.0,0.0,0.0,0.0,0.0,0.0,0.0,0.0,2.0,0.0,0.0,0.0,0.0,0.0,270.13421630859375,0.0,0.0,0.0,0.0,0.0,0.0,5319821.5,5319821.5,0.0,0.0,0.0,0.0
2003-02-01,WI_2,375.86553955078125,352.97039794921875,350.2679443359375,351.51544189453125,0.0,0.0,0.0,0.0,0.0,0.0,0.0,0.0,0.0,0.0,0.0,0.0,2.0,0.0,0.0,0.0,0.0,0.0,211.65188598632812,0.0,0.0,0.0,0.0,0.0,0.0,4714828.5,4714828.5,0.0,0.0,0.0,0.0
2003-02-01,WI_3,295.0760498046875,292.0530090332031,290.7462158203125,291.3797607421875,0.0,0.0,0.0,0.0,0.0,0.0,0.0,0.0,0.0,0.0,0.0,0.0,2.0,0.0,0.0,0.0,0.0,0.0,1655.6539306640625,0.0,0.0,0.0,0.0,0.0,0.0,3349816.75,3349816.75,0.0,0.0,0.0,0.0
