ENSEMBLE,REAL,FIPNUM,STOIIP_OIL,ASSOCIATEDOIL_GAS,STOIIP_TOTAL,WATER_TOTAL,GIIP_GAS,ASSOCIATEDGAS_OIL,GIIP_TOTAL,PORV_TOTAL,HCPV_OIL,WATER_PORV,HCPV_GAS,HCPV_TOTAL,INTERPOLATE_RELPERM:INTERPOLATE_GO,INTERPOLATE_RELPERM:INTERPOLATE_WO,LOG10_MULTFLT:MULTFLT_F1,LOG10_MULTFLT:MULTFLT_F2,LOG10_MULTFLT:MULTFLT_F3,LOG10_MULTFLT:MULTFLT_F4,LOG10_MULTFLT:MULTFLT_F5,LOG10_MULTZ:MULTZ_MIDREEK,MULTFLT:MULTFLT_F1,MULTFLT:MULTFLT_F2,MULTFLT:MULTFLT_F3,MULTFLT:MULTFLT_F4,MULTFLT:MULTFLT_F5,MULTZ:MULTZ_MIDREEK,RMSGLOBPARAMS:COHIBA_MODEL_MODE,RMSGLOBPARAMS:FWL,INTERPOLATE_GO,INTERPOLATE_WO,MULTFLT_F1,MULTFLT_F2,MULTFLT_F3,MULTFLT_F4,MULTFLT_F5,MULTZ_MIDREEK,COHIBA_MODEL_MODE,FWL
iter-0,3,1,17893811.0,0,17893811.0,44589620.0,0.0,3292461178.0,3292461178.0,74500420.0,28545723.0,45954697.0,0.0,28545723.0,-0.307419,0.306254,-0.102147,-4.56349,-0.53127,-0.549943,-3.07068,-5.22893,0.79041,2.73217e-05,0.294259,0.281875,0.000849807,5.90293e-06,1,1697.51,-0.307419,0.306254,0.79041,2.73217e-05,0.294259,0.281875,0.000849807,5.90293e-06,1,1697.51
iter-0,3,2,0.0,0,0.0,71657853.0,0.0,0.0,0.0,73859311.0,0.0,73859311.0,0.0,0.0,-0.307419,0.306254,-0.102147,-4.56349,-0.53127,-0.549943,-3.07068,-5.22893,0.79041,2.73217e-05,0.294259,0.281875,0.000849807,5.90293e-06,1,1697.51,-0.307419,0.306254,0.79041,2.73217e-05,0.294259,0.281875,0.000849807,5.90293e-06,1,1697.51
iter-0,3,3,16843048.0,0,16843048.0,58706613.0,0.0,3099120921.0,3099120921.0,87369852.0,26867847.0,60502006.0,0.0,26867847.0,-0.307419,0.306254,-0.102147,-4.56349,-0.53127,-0.549943,-3.07068,-5.22893,0.79041,2.73217e-05,0.294259,0.281875,0.000849807,5.90293e-06,1,1697.51,-0.307419,0.306254,0.79041,2.73217e-05,0.294259,0.281875,0.000849807,5.90293e-06,1,1697.51
iter-0,3,4,0.0,0,0.0,84039702.0,0.0,0.0,0.0,86615069.0,0.0,86615069.0,0.0,0.0,-0.307419,0.306254,-0.102147,-4.56349,-0.53127,-0.549943,-3.07068,-5.22893,0.79041,2.73217e-05,0.294259,0.281875,0.000849807,5.90293e-06,1,1697.51,-0.307419,0.306254,0.79041,2.73217e-05,0.294259,0.281875,0.000849807,5.90293e-06,1,1697.51
iter-0,3,5,12724426.0,0,12724426.0,51347163.0,0.0,2341294367.0,2341294367.0,73210620.0,20295926.0,52914694.0,0.0,20295926.0,-0.307419,0.306254,-0.102147,-4.56349,-0.53127,-0.549943,-3.07068,-5.22893,0.79041,2.73217e-05,0.294259,0.281875,0.000849807,5.90293e-06,1,1697.51,-0.307419,0.306254,0.79041,2.73217e-05,0.294259,0.281875,0.000849807,5.90293e-06,1,1697.51
iter-0,3,6,0.0,0,0.0,59208902.0,0.0,0.0,0.0,61019784.0,0.0,61019784.0,0.0,0.0,-0.307419,0.306254,-0.102147,-4.56349,-0.53127,-0.549943,-3.07068,-5.22893,0.79041,2.73217e-05,0.294259,0.281875,0.000849807,5.90293e-06,1,1697.51,-0.307419,0.306254,0.79041,2.73217e-05,0.294259,0.281875,0.000849807,5.90293e-06,1,1697.51
iter-0,2,1,17975128.0,0,17975128.0,45149720.0,0.0,3307423510.0,3307423510.0,75208709.0,28675994.0,46532715.0,0.0,28675994.0,0.745325,0.652839,-0.921186,-2.3249,-1.89277,-2.7666,-0.669218,-0.527615,0.119899,0.00473258,0.0128005,0.00171159,0.214182,0.296746,1,1702.84,0.745325,0.652839,0.119899,0.00473258,0.0128005,0.00171159,0.214182,0.296746,1,1702.84
iter-0,2,2,0.0,0,0.0,73568048.0,0.0,0.0,0.0,75829502.0,0.0,75829502.0,0.0,0.0,0.745325,0.652839,-0.921186,-2.3249,-1.89277,-2.7666,-0.669218,-0.527615,0.119899,0.00473258,0.0128005,0.00171159,0.214182,0.296746,1,1702.84,0.745325,0.652839,0.119899,0.00473258,0.0128005,0.00171159,0.214182,0.296746,1,1702.84
iter-0,2,3,18935459.0,0,18935459.0,49609973.0,0.0,3484124421.0,3484124421.0,81325729.0,30201996.0,51123733.0,0.0,30201996.0,0.745325,0.652839,-0.921186,-2.3249,-1.89277,-2.7666,-0.669218,-0.527615,0.119899,0.00473258,0.0128005,0.00171159,0.214182,0.296746,1,1702.84,0.745325,0.652839,0.119899,0.00473258,0.0128005,0.00171159,0.214182,0.296746,1,1702.84
iter-0,2,4,0.0,0,0.0,66742251.0,0.0,0.0,0.0,68789981.0,0.0,68789981.0,0.0,0.0,0.745325,0.652839,-0.921186,-2.3249,-1.89277,-2.7666,-0.669218,-0.527615,0.119899,0.00473258,0.0128005,0.00171159,0.214182,0.296746,1,1702.84,0.745325,0.652839,0.119899,0.00473258,0.0128005,0.00171159,0.214182,0.296746,1,1702.84
iter-0,2,5,11830547.0,0,11830547.0,32157572.0,0.0,2176820694.0,2176820694.0,52006471.0,18868648.0,33137823.0,0.0,18868648.0,0.745325,0.652839,-0.921186,-2.3249,-1.89277,-2.7666,-0.669218,-0.527615,0.119899,0.00473258,0.0128005,0.00171159,0.214182,0.296746,1,1702.84,0.745325,0.652839,0.119899,0.00473258,0.0128005,0.00171159,0.214182,0.296746,1,1702.84
iter-0,2,6,0.0,0,0.0,43882121.0,0.0,0.0,0.0,45225924.0,0.0,45225924.0,0.0,0.0,0.745325,0.652839,-0.921186,-2.3249,-1.89277,-2.7666,-0.669218,-0.527615,0.119899,0.00473258,0.0128005,0.00171159,0.214182,0.296746,1,1702.84,0.745325,0.652839,0.119899,0.00473258,0.0128005,0.00171159,0.214182,0.296746,1,1702.84
iter-0,5,1,17359941.0,0,17359941.0,40738121.0,0.0,3194229125.0,3194229125.0,69678353.0,27692924.0,41985429.0,0.0,27692924.0,-0.239558,-0.549917,-1.45374,-4.43951,-1.99547,-3.42652,-4.38718,-0.583385,0.0351775,3.6349e-05,0.0101048,0.000374524,4.10038e-05,0.260985,1,1707.96,-0.239558,-0.549917,0.0351775,3.6349e-05,0.0101048,0.000374524,4.10038e-05,0.260985,1,1707.96
iter-0,5,2,0.0,0,0.0,65174147.0,0.0,0.0,0.0,67176727.0,0.0,67176727.0,0.0,0.0,-0.239558,-0.549917,-1.45374,-4.43951,-1.99547,-3.42652,-4.38718,-0.583385,0.0351775,3.6349e-05,0.0101048,0.000374524,4.10038e-05,0.260985,1,1707.96,-0.239558,-0.549917,0.0351775,3.6349e-05,0.0101048,0.000374524,4.10038e-05,0.260985,1,1707.96
iter-0,5,3,17324452.0,0,17324452.0,44600975.0,0.0,3187699149.0,3187699149.0,73595102.0,27630492.0,45964609.0,0.0,27630492.0,-0.239558,-0.549917,-1.45374,-4.43951,-1.99547,-3.42652,-4.38718,-0.583385,0.0351775,3.6349e-05,0.0101048,0.000374524,4.10038e-05,0.260985,1,1707.96,-0.239558,-0.549917,0.0351775,3.6349e-05,0.0101048,0.000374524,4.10038e-05,0.260985,1,1707.96
iter-0,5,4,0.0,0,0.0,75692816.0,0.0,0.0,0.0,78013481.0,0.0,78013481.0,0.0,0.0,-0.239558,-0.549917,-1.45374,-4.43951,-1.99547,-3.42652,-4.38718,-0.583385,0.0351775,3.6349e-05,0.0101048,0.000374524,4.10038e-05,0.260985,1,1707.96,-0.239558,-0.549917,0.0351775,3.6349e-05,0.0101048,0.000374524,4.10038e-05,0.260985,1,1707.96
iter-0,5,5,12191710.0,0,12191710.0,38708911.0,0.0,2243274715.0,2243274715.0,59333897.0,19442678.0,39891218.0,0.0,19442678.0,-0.239558,-0.549917,-1.45374,-4.43951,-1.99547,-3.42652,-4.38718,-0.583385,0.0351775,3.6349e-05,0.0101048,0.000374524,4.10038e-05,0.260985,1,1707.96,-0.239558,-0.549917,0.0351775,3.6349e-05,0.0101048,0.000374524,4.10038e-05,0.260985,1,1707.96
iter-0,5,6,0.0,0,0.0,50075593.0,0.0,0.0,0.0,51608176.0,0.0,51608176.0,0.0,0.0,-0.239558,-0.549917,-1.45374,-4.43951,-1.99547,-3.42652,-4.38718,-0.583385,0.0351775,3.6349e-05,0.0101048,0.000374524,4.10038e-05,0.260985,1,1707.96,-0.239558,-0.549917,0.0351775,3.6349e-05,0.0101048,0.000374524,4.10038e-05,0.260985,1,1707.96
iter-0,0,1,17052309.0,0,17052309.0,41815728.0,0.0,3137624822.0,3137624822.0,70299540.0,27203135.0,43096405.0,0.0,27203135.0,0.842532,-0.0558888,-0.0281363,-0.380878,-0.00315345,-3.50737,-2.52688,-3.89672,0.937268,0.416028,0.992765,0.000310908,0.00297247,0.000126847,1,1706.13,0.842532,-0.0558888,0.937268,0.416028,0.992765,0.000310908,0.00297247,0.000126847,1,1706.13
iter-0,0,2,0.0,0,0.0,69796727.0,0.0,0.0,0.0,71942390.0,0.0,71942390.0,0.0,0.0,0.842532,-0.0558888,-0.0281363,-0.380878,-0.00315345,-3.50737,-2.52688,-3.89672,0.937268,0.416028,0.992765,0.000310908,0.00297247,0.000126847,1,1706.13,0.842532,-0.0558888,0.937268,0.416028,0.992765,0.000310908,0.00297247,0.000126847,1,1706.13
iter-0,0,3,21617994.0,0,21617994.0,51758065.0,0.0,3977710940.0,3977710940.0,87817415.0,34478244.0,53339172.0,0.0,34478244.0,0.842532,-0.0558888,-0.0281363,-0.380878,-0.00315345,-3.50737,-2.52688,-3.89672,0.937268,0.416028,0.992765,0.000310908,0.00297247,0.000126847,1,1706.13,0.842532,-0.0558888,0.937268,0.416028,0.992765,0.000310908,0.00297247,0.000126847,1,1706.13
iter-0,0,4,0.0,0,0.0,67577112.0,0.0,0.0,0.0,69650080.0,0.0,69650080.0,0.0,0.0,0.842532,-0.0558888,-0.0281363,-0.380878,-0.00315345,-3.50737,-2.52688,-3.89672,0.937268,0.416028,0.992765,0.000310908,0.00297247,0.000126847,1,1706.13,0.842532,-0.0558888,0.937268,0.416028,0.992765,0.000310908,0.00297247,0.000126847,1,1706.13
iter-0,0,5,12288196.0,0,12288196.0,30423082.0,0.0,2261028059.0,2261028059.0,50948891.0,19596751.0,31352140.0,0.0,19596751.0,0.842532,-0.0558888,-0.0281363,-0.380878,-0.00315345,-3.50737,-2.52688,-3.89672,0.937268,0.416028,0.992765,0.000310908,0.00297247,0.000126847,1,1706.13,0.842532,-0.0558888,0.937268,0.416028,0.992765,0.000310908,0.00297247,0.000126847,1,1706.13
iter-0,0,6,0.0,0,0.0,39315298.0,0.0,0.0,0.0,40518750.0,0.0,40518750.0,0.0,0.0,0.842532,-0.0558888,-0.0281363,-0.380878,-0.00315345,-3.50737,-2.52688,-3.89672,0.937268,0.416028,0.992765,0.000310908,0.00297247,0.000126847,1,1706.13,0.842532,-0.0558888,0.937268,0.416028,0.992765,0.000310908,0.00297247,0.000126847,1,1706.13
iter-0,9,1,17886658.0,0,17886658.0,44241778.0,0.0,3291145162.0,3291145162.0,74127375.0,28530719.0,45596656.0,0.0,28530719.0,-0.309242,-0.633242,-0.369589,-2.30875,-1.45748,-2.01434,-1.96,-0.392913,0.426984,0.00491196,0.0348753,0.00967516,0.0109647,0.404657,1,1709.88,-0.309242,-0.633242,0.426984,0.00491196,0.0348753,0.00967516,0.0109647,0.404657,1,1709.88
iter-0,9,2,0.0,0,0.0,70478860.0,0.0,0.0,0.0,72644396.0,0.0,72644396.0,0.0,0.0,-0.309242,-0.633242,-0.369589,-2.30875,-1.45748,-2.01434,-1.96,-0.392913,0.426984,0.00491196,0.0348753,0.00967516,0.0109647,0.404657,1,1709.88,-0.309242,-0.633242,0.426984,0.00491196,0.0348753,0.00967516,0.0109647,0.404657,1,1709.88
iter-0,9,3,23198468.0,0,23198468.0,58526769.0,0.0,4268518177.0,4268518177.0,97309809.0,36995943.0,60313866.0,0.0,36995943.0,-0.309242,-0.633242,-0.369589,-2.30875,-1.45748,-2.01434,-1.96,-0.392913,0.426984,0.00491196,0.0348753,0.00967516,0.0109647,0.404657,1,1709.88,-0.309242,-0.633242,0.426984,0.00491196,0.0348753,0.00967516,0.0109647,0.404657,1,1709.88
iter-0,9,4,0.0,0,0.0,76242862.0,0.0,0.0,0.0,78580463.0,0.0,78580463.0,0.0,0.0,-0.309242,-0.633242,-0.369589,-2.30875,-1.45748,-2.01434,-1.96,-0.392913,0.426984,0.00491196,0.0348753,0.00967516,0.0109647,0.404657,1,1709.88,-0.309242,-0.633242,0.426984,0.00491196,0.0348753,0.00967516,0.0109647,0.404657,1,1709.88
iter-0,9,5,14504990.0,0,14504990.0,36131647.0,0.0,2668918098.0,2668918098.0,60364567.0,23130725.0,37233842.0,0.0,23130725.0,-0.309242,-0.633242,-0.369589,-2.30875,-1.45748,-2.01434,-1.96,-0.392913,0.426984,0.00491196,0.0348753,0.00967516,0.0109647,0.404657,1,1709.88,-0.309242,-0.633242,0.426984,0.00491196,0.0348753,0.00967516,0.0109647,0.404657,1,1709.88
iter-0,9,6,0.0,0,0.0,56692700.0,0.0,0.0,0.0,58427809.0,0.0,58427809.0,0.0,0.0,-0.309242,-0.633242,-0.369589,-2.30875,-1.45748,-2.01434,-1.96,-0.392913,0.426984,0.00491196,0.0348753,0.00967516,0.0109647,0.404657,1,1709.88,-0.309242,-0.633242,0.426984,0.00491196,0.0348753,0.00967516,0.0109647,0.404657,1,1709.88
iter-0,4,1,21952861.0,0,21952861.0,44906474.0,0.0,4039326378.0,4039326378.0,81292560.0,35012668.0,46279891.0,0.0,35012668.0,0.588676,-0.0409747,-1.78301,-2.62143,-1.90978,-1.5776,-1.13189,-9.64548,0.0164811,0.00239094,0.012309,0.0264486,0.0738097,2.26214e-10,1,1714.85,0.588676,-0.0409747,0.0164811,0.00239094,0.012309,0.0264486,0.0738097,2.26214e-10,1,1714.85
iter-0,4,2,0.0,0,0.0,62695856.0,0.0,0.0,0.0,64621836.0,0.0,64621836.0,0.0,0.0,0.588676,-0.0409747,-1.78301,-2.62143,-1.90978,-1.5776,-1.13189,-9.64548,0.0164811,0.00239094,0.012309,0.0264486,0.0738097,2.26214e-10,1,1714.85,0.588676,-0.0409747,0.0164811,0.00239094,0.012309,0.0264486,0.0738097,2.26214e-10,1,1714.85
iter-0,4,3,20352740.0,0,20352740.0,44291352.0,0.0,3744904176.0,3744904176.0,78099872.0,32456572.0,45643300.0,0.0,32456572.0,0.588676,-0.0409747,-1.78301,-2.62143,-1.90978,-1.5776,-1.13189,-9.64548,0.0164811,0.00239094,0.012309,0.0264486,0.0738097,2.26214e-10,1,1714.85,0.588676,-0.0409747,0.0164811,0.00239094,0.012309,0.0264486,0.0738097,2.26214e-10,1,1714.85
iter-0,4,4,0.0,0,0.0,74378926.0,0.0,0.0,0.0,76658780.0,0.0,76658780.0,0.0,0.0,0.588676,-0.0409747,-1.78301,-2.62143,-1.90978,-1.5776,-1.13189,-9.64548,0.0164811,0.00239094,0.012309,0.0264486,0.0738097,2.26214e-10,1,1714.85,0.588676,-0.0409747,0.0164811,0.00239094,0.012309,0.0264486,0.0738097,2.26214e-10,1,1714.85
iter-0,4,5,13475833.0,0,13475833.0,41420145.0,0.0,2479553277.0,2479553277.0,64168070.0,21486899.0,42681171.0,0.0,21486899.0,0.588676,-0.0409747,-1.78301,-2.62143,-1.90978,-1.5776,-1.13189,-9.64548,0.0164811,0.00239094,0.012309,0.0264486,0.0738097,2.26214e-10,1,1714.85,0.588676,-0.0409747,0.0164811,0.00239094,0.012309,0.0264486,0.0738097,2.26214e-10,1,1714.85
iter-0,4,6,0.0,0,0.0,55534537.0,0.0,0.0,0.0,57234412.0,0.0,57234412.0,0.0,0.0,0.588676,-0.0409747,-1.78301,-2.62143,-1.90978,-1.5776,-1.13189,-9.64548,0.0164811,0.00239094,0.012309,0.0264486,0.0738097,2.26214e-10,1,1714.85,0.588676,-0.0409747,0.0164811,0.00239094,0.012309,0.0264486,0.0738097,2.26214e-10,1,1714.85
iter-0,7,1,23137279.0,0,23137279.0,54293538.0,0.0,4257259357.0,4257259357.0,92859449.0,36904898.0,55954551.0,0.0,36904898.0,-0.68878,-0.922789,-0.13485,-2.28283,-1.80368,-2.40299,-3.09993,-9.11961,0.733078,0.00521396,0.0157151,0.00395379,0.00079445,7.59263e-10,1,1709.84,-0.68878,-0.922789,0.733078,0.00521396,0.0157151,0.00395379,0.00079445,7.59263e-10,1,1709.84
iter-0,7,2,0.0,0,0.0,81400436.0,0.0,0.0,0.0,83902381.0,0.0,83902381.0,0.0,0.0,-0.68878,-0.922789,-0.13485,-2.28283,-1.80368,-2.40299,-3.09993,-9.11961,0.733078,0.00521396,0.0157151,0.00395379,0.00079445,7.59263e-10,1,1709.84,-0.68878,-0.922789,0.733078,0.00521396,0.0157151,0.00395379,0.00079445,7.59263e-10,1,1709.84
iter-0,7,3,17018422.0,0,17018422.0,49185633.0,0.0,3131389661.0,3131389661.0,77831343.0,27141911.0,50689431.0,0.0,27141911.0,-0.68878,-0.922789,-0.13485,-2.28283,-1.80368,-2.40299,-3.09993,-9.11961,0.733078,0.00521396,0.0157151,0.00395379,0.00079445,7.59263e-10,1,1709.84,-0.68878,-0.922789,0.733078,0.00521396,0.0157151,0.00395379,0.00079445,7.59263e-10,1,1709.84
iter-0,7,4,0.0,0,0.0,76227631.0,0.0,0.0,0.0,78565107.0,0.0,78565107.0,0.0,0.0,-0.68878,-0.922789,-0.13485,-2.28283,-1.80368,-2.40299,-3.09993,-9.11961,0.733078,0.00521396,0.0157151,0.00395379,0.00079445,7.59263e-10,1,1709.84,-0.68878,-0.922789,0.733078,0.00521396,0.0157151,0.00395379,0.00079445,7.59263e-10,1,1709.84
iter-0,7,5,11892655.0,0,11892655.0,29847852.0,0.0,2188248527.0,2188248527.0,49724705.0,18965176.0,30759529.0,0.0,18965176.0,-0.68878,-0.922789,-0.13485,-2.28283,-1.80368,-2.40299,-3.09993,-9.11961,0.733078,0.00521396,0.0157151,0.00395379,0.00079445,7.59263e-10,1,1709.84,-0.68878,-0.922789,0.733078,0.00521396,0.0157151,0.00395379,0.00079445,7.59263e-10,1,1709.84
iter-0,7,6,0.0,0,0.0,46916497.0,0.0,0.0,0.0,48352859.0,0.0,48352859.0,0.0,0.0,-0.68878,-0.922789,-0.13485,-2.28283,-1.80368,-2.40299,-3.09993,-9.11961,0.733078,0.00521396,0.0157151,0.00395379,0.00079445,7.59263e-10,1,1709.84,-0.68878,-0.922789,0.733078,0.00521396,0.0157151,0.00395379,0.00079445,7.59263e-10,1,1709.84
iter-0,1,1,18917799.0,0,18917799.0,41869639.0,0.0,3480874936.0,3480874936.0,73331003.0,30180554.0,43150449.0,0.0,30180554.0,0.478716,-0.0439124,-1.86374,-3.31795,-0.897679,-0.387685,-3.06589,-5.64196,0.0136856,0.0004809,0.126567,0.409557,0.000859223,2.28058e-06,1,1704.8,0.478716,-0.0439124,0.0136856,0.0004809,0.126567,0.409557,0.000859223,2.28058e-06,1,1704.8
iter-0,1,2,0.0,0,0.0,66588631.0,0.0,0.0,0.0,68634974.0,0.0,68634974.0,0.0,0.0,0.478716,-0.0439124,-1.86374,-3.31795,-0.897679,-0.387685,-3.06589,-5.64196,0.0136856,0.0004809,0.126567,0.409557,0.000859223,2.28058e-06,1,1704.8,0.478716,-0.0439124,0.0136856,0.0004809,0.126567,0.409557,0.000859223,2.28058e-06,1,1704.8
iter-0,1,3,17481096.0,0,17481096.0,66649843.0,0.0,3216521648.0,3216521648.0,96568011.0,27881712.0,68686298.0,0.0,27881712.0,0.478716,-0.0439124,-1.86374,-3.31795,-0.897679,-0.387685,-3.06589,-5.64196,0.0136856,0.0004809,0.126567,0.409557,0.000859223,2.28058e-06,1,1704.8,0.478716,-0.0439124,0.0136856,0.0004809,0.126567,0.409557,0.000859223,2.28058e-06,1,1704.8
iter-0,1,4,0.0,0,0.0,76385550.0,0.0,0.0,0.0,78727522.0,0.0,78727522.0,0.0,0.0,0.478716,-0.0439124,-1.86374,-3.31795,-0.897679,-0.387685,-3.06589,-5.64196,0.0136856,0.0004809,0.126567,0.409557,0.000859223,2.28058e-06,1,1704.8,0.478716,-0.0439124,0.0136856,0.0004809,0.126567,0.409557,0.000859223,2.28058e-06,1,1704.8
iter-0,1,5,9544891.0,0,9544891.0,37277523.0,0.0,1756259967.0,1756259967.0,53638864.0,15222955.0,38415909.0,0.0,15222955.0,0.478716,-0.0439124,-1.86374,-3.31795,-0.897679,-0.387685,-3.06589,-5.64196,0.0136856,0.0004809,0.126567,0.409557,0.000859223,2.28058e-06,1,1704.8,0.478716,-0.0439124,0.0136856,0.0004809,0.126567,0.409557,0.000859223,2.28058e-06,1,1704.8
iter-0,1,6,0.0,0,0.0,44797483.0,0.0,0.0,0.0,46167672.0,0.0,46167672.0,0.0,0.0,0.478716,-0.0439124,-1.86374,-3.31795,-0.897679,-0.387685,-3.06589,-5.64196,0.0136856,0.0004809,0.126567,0.409557,0.000859223,2.28058e-06,1,1704.8,0.478716,-0.0439124,0.0136856,0.0004809,0.126567,0.409557,0.000859223,2.28058e-06,1,1704.8
iter-0,8,1,21928581.0,0,21928581.0,40837072.0,0.0,4034858827.0,4034858827.0,77067580.0,34980141.0,42087439.0,0.0,34980141.0,-0.871574,-0.967636,-1.44246,-0.900512,-0.0619956,-4.3001,-3.57966,-3.36088,0.0361029,0.125744,0.866971,5.01075e-05,0.000263233,0.00043563,1,1707.18,-0.871574,-0.967636,0.0361029,0.125744,0.866971,5.01075e-05,0.000263233,0.00043563,1,1707.18
iter-0,8,2,0.0,0,0.0,73266416.0,0.0,0.0,0.0,75518430.0,0.0,75518430.0,0.0,0.0,-0.871574,-0.967636,-1.44246,-0.900512,-0.0619956,-4.3001,-3.57966,-3.36088,0.0361029,0.125744,0.866971,5.01075e-05,0.000263233,0.00043563,1,1707.18,-0.871574,-0.967636,0.0361029,0.125744,0.866971,5.01075e-05,0.000263233,0.00043563,1,1707.18
iter-0,8,3,23778948.0,0,23778948.0,54911861.0,0.0,4375326467.0,4375326467.0,94513785.0,37925143.0,56588642.0,0.0,37925143.0,-0.871574,-0.967636,-1.44246,-0.900512,-0.0619956,-4.3001,-3.57966,-3.36088,0.0361029,0.125744,0.866971,5.01075e-05,0.000263233,0.00043563,1,1707.18,-0.871574,-0.967636,0.0361029,0.125744,0.866971,5.01075e-05,0.000263233,0.00043563,1,1707.18
iter-0,8,4,0.0,0,0.0,78827617.0,0.0,0.0,0.0,81246051.0,0.0,81246051.0,0.0,0.0,-0.871574,-0.967636,-1.44246,-0.900512,-0.0619956,-4.3001,-3.57966,-3.36088,0.0361029,0.125744,0.866971,5.01075e-05,0.000263233,0.00043563,1,1707.18,-0.871574,-0.967636,0.0361029,0.125744,0.866971,5.01075e-05,0.000263233,0.00043563,1,1707.18
iter-0,8,5,14376997.0,0,14376997.0,38925860.0,0.0,2645367503.0,2645367503.0,63041019.0,22926664.0,40114354.0,0.0,22926664.0,-0.871574,-0.967636,-1.44246,-0.900512,-0.0619956,-4.3001,-3.57966,-3.36088,0.0361029,0.125744,0.866971,5.01075e-05,0.000263233,0.00043563,1,1707.18,-0.871574,-0.967636,0.0361029,0.125744,0.866971,5.01075e-05,0.000263233,0.00043563,1,1707.18
iter-0,8,6,0.0,0,0.0,48701680.0,0.0,0.0,0.0,50192867.0,0.0,50192867.0,0.0,0.0,-0.871574,-0.967636,-1.44246,-0.900512,-0.0619956,-4.3001,-3.57966,-3.36088,0.0361029,0.125744,0.866971,5.01075e-05,0.000263233,0.00043563,1,1707.18,-0.871574,-0.967636,0.0361029,0.125744,0.866971,5.01075e-05,0.000263233,0.00043563,1,1707.18
iter-0,6,1,23663486.0,0,23663486.0,41625981.0,0.0,4354081428.0,4354081428.0,80643797.0,37745112.0,42898685.0,0.0,37745112.0,-0.977712,-0.320676,-1.53861,-1.83894,-0.174555,-3.18943,-2.5808,-8.97556,0.0289326,0.0144896,0.669029,0.000646499,0.00262542,1.05788e-09,1,1712.51,-0.977712,-0.320676,0.0289326,0.0144896,0.669029,0.000646499,0.00262542,1.05788e-09,1,1712.51
iter-0,6,2,0.0,0,0.0,60475915.0,0.0,0.0,0.0,62335087.0,0.0,62335087.0,0.0,0.0,-0.977712,-0.320676,-1.53861,-1.83894,-0.174555,-3.18943,-2.5808,-8.97556,0.0289326,0.0144896,0.669029,0.000646499,0.00262542,1.05788e-09,1,1712.51,-0.977712,-0.320676,0.0289326,0.0144896,0.669029,0.000646499,0.00262542,1.05788e-09,1,1712.51
iter-0,6,3,20131224.0,0,20131224.0,45255646.0,0.0,3704145180.0,3704145180.0,78741019.0,32104233.0,46636787.0,0.0,32104233.0,-0.977712,-0.320676,-1.53861,-1.83894,-0.174555,-3.18943,-2.5808,-8.97556,0.0289326,0.0144896,0.669029,0.000646499,0.00262542,1.05788e-09,1,1712.51,-0.977712,-0.320676,0.0289326,0.0144896,0.669029,0.000646499,0.00262542,1.05788e-09,1,1712.51
iter-0,6,4,0.0,0,0.0,65650998.0,0.0,0.0,0.0,67664434.0,0.0,67664434.0,0.0,0.0,-0.977712,-0.320676,-1.53861,-1.83894,-0.174555,-3.18943,-2.5808,-8.97556,0.0289326,0.0144896,0.669029,0.000646499,0.00262542,1.05788e-09,1,1712.51,-0.977712,-0.320676,0.0289326,0.0144896,0.669029,0.000646499,0.00262542,1.05788e-09,1,1712.51
iter-0,6,5,13553863.0,0,13553863.0,34983630.0,0.0,2493910763.0,2493910763.0,57664041.0,21612458.0,36051582.0,0.0,21612458.0,-0.977712,-0.320676,-1.53861,-1.83894,-0.174555,-3.18943,-2.5808,-8.97556,0.0289326,0.0144896,0.669029,0.000646499,0.00262542,1.05788e-09,1,1712.51,-0.977712,-0.320676,0.0289326,0.0144896,0.669029,0.000646499,0.00262542,1.05788e-09,1,1712.51
iter-0,6,6,0.0,0,0.0,53681412.0,0.0,0.0,0.0,55324574.0,0.0,55324574.0,0.0,0.0,-0.977712,-0.320676,-1.53861,-1.83894,-0.174555,-3.18943,-2.5808,-8.97556,0.0289326,0.0144896,0.669029,0.000646499,0.00262542,1.05788e-09,1,1712.51,-0.977712,-0.320676,0.0289326,0.0144896,0.669029,0.000646499,0.00262542,1.05788e-09,1,1712.51
iter-1,6,1,22401289.0,0,22401289.0,42883527.0,0.0,4121837222.0,4121837222.0,79929466.0,35734448.0,44195018.0,0.0,35734448.0,-0.979539,-0.31451,-1.4569,-3.08024,-0.11764,-1.36473,-2.89809,-9.64532,0.0349221,0.000831303,0.76271,0.0431791,0.00126446,2.26299e-10,1,1706.78,-0.979539,-0.31451,0.0349221,0.000831303,0.76271,0.0431791,0.00126446,2.26299e-10,1,1706.78
iter-1,6,2,0.0,0,0.0,65360121.0,0.0,0.0,0.0,67369286.0,0.0,67369286.0,0.0,0.0,-0.979539,-0.31451,-1.4569,-3.08024,-0.11764,-1.36473,-2.89809,-9.64532,0.0349221,0.000831303,0.76271,0.0431791,0.00126446,2.26299e-10,1,1706.78,-0.979539,-0.31451,0.0349221,0.000831303,0.76271,0.0431791,0.00126446,2.26299e-10,1,1706.78
iter-1,6,3,19642468.0,0,19642468.0,54881973.0,0.0,3614214139.0,3614214139.0,87885580.0,31327281.0,56558299.0,0.0,31327281.0,-0.979539,-0.31451,-1.4569,-3.08024,-0.11764,-1.36473,-2.89809,-9.64532,0.0349221,0.000831303,0.76271,0.0431791,0.00126446,2.26299e-10,1,1706.78,-0.979539,-0.31451,0.0349221,0.000831303,0.76271,0.0431791,0.00126446,2.26299e-10,1,1706.78
iter-1,6,4,0.0,0,0.0,74934106.0,0.0,0.0,0.0,77231717.0,0.0,77231717.0,0.0,0.0,-0.979539,-0.31451,-1.4569,-3.08024,-0.11764,-1.36473,-2.89809,-9.64532,0.0349221,0.000831303,0.76271,0.0431791,0.00126446,2.26299e-10,1,1706.78,-0.979539,-0.31451,0.0349221,0.000831303,0.76271,0.0431791,0.00126446,2.26299e-10,1,1706.78
iter-1,6,5,13205179.0,0,13205179.0,41196753.0,0.0,2429753010.0,2429753010.0,63512818.0,21058623.0,42454195.0,0.0,21058623.0,-0.979539,-0.31451,-1.4569,-3.08024,-0.11764,-1.36473,-2.89809,-9.64532,0.0349221,0.000831303,0.76271,0.0431791,0.00126446,2.26299e-10,1,1706.78,-0.979539,-0.31451,0.0349221,0.000831303,0.76271,0.0431791,0.00126446,2.26299e-10,1,1706.78
iter-1,6,6,0.0,0,0.0,55266864.0,0.0,0.0,0.0,56958247.0,0.0,56958247.0,0.0,0.0,-0.979539,-0.31451,-1.4569,-3.08024,-0.11764,-1.36473,-2.89809,-9.64532,0.0349221,0.000831303,0.76271,0.0431791,0.00126446,2.26299e-10,1,1706.78,-0.979539,-0.31451,0.0349221,0.000831303,0.76271,0.0431791,0.00126446,2.26299e-10,1,1706.78
iter-1,4,1,18008010.0,0,18008010.0,41928638.0,0.0,3313473889.0,3313473889.0,71940700.0,28728422.0,43212278.0,0.0,28728422.0,-0.679879,-0.622526,-0.494239,-2.65539,-0.0751166,-1.8029,-3.53517,-7.64117,0.320451,0.00221108,0.841169,0.0157433,0.000291628,2.28472e-08,1,1703.78,-0.679879,-0.622526,0.320451,0.00221108,0.841169,0.0157433,0.000291628,2.28472e-08,1,1703.78
iter-1,4,2,0.0,0,0.0,63159087.0,0.0,0.0,0.0,65100053.0,0.0,65100053.0,0.0,0.0,-0.679879,-0.622526,-0.494239,-2.65539,-0.0751166,-1.8029,-3.53517,-7.64117,0.320451,0.00221108,0.841169,0.0157433,0.000291628,2.28472e-08,1,1703.78,-0.679879,-0.622526,0.320451,0.00221108,0.841169,0.0157433,0.000291628,2.28472e-08,1,1703.78
iter-1,4,3,17418759.0,0,17418759.0,57655361.0,0.0,3205051673.0,3205051673.0,87200802.0,27783906.0,59416897.0,0.0,27783906.0,-0.679879,-0.622526,-0.494239,-2.65539,-0.0751166,-1.8029,-3.53517,-7.64117,0.320451,0.00221108,0.841169,0.0157433,0.000291628,2.28472e-08,1,1703.78,-0.679879,-0.622526,0.320451,0.00221108,0.841169,0.0157433,0.000291628,2.28472e-08,1,1703.78
iter-1,4,4,0.0,0,0.0,79901828.0,0.0,0.0,0.0,82351329.0,0.0,82351329.0,0.0,0.0,-0.679879,-0.622526,-0.494239,-2.65539,-0.0751166,-1.8029,-3.53517,-7.64117,0.320451,0.00221108,0.841169,0.0157433,0.000291628,2.28472e-08,1,1703.78,-0.679879,-0.622526,0.320451,0.00221108,0.841169,0.0157433,0.000291628,2.28472e-08,1,1703.78
iter-1,4,5,13451200.0,0,13451200.0,43910153.0,0.0,2475020851.0,2475020851.0,66701591.0,21451649.0,45249941.0,0.0,21451649.0,-0.679879,-0.622526,-0.494239,-2.65539,-0.0751166,-1.8029,-3.53517,-7.64117,0.320451,0.00221108,0.841169,0.0157433,0.000291628,2.28472e-08,1,1703.78,-0.679879,-0.622526,0.320451,0.00221108,0.841169,0.0157433,0.000291628,2.28472e-08,1,1703.78
iter-1,4,6,0.0,0,0.0,52943134.0,0.0,0.0,0.0,54563485.0,0.0,54563485.0,0.0,0.0,-0.679879,-0.622526,-0.494239,-2.65539,-0.0751166,-1.8029,-3.53517,-7.64117,0.320451,0.00221108,0.841169,0.0157433,0.000291628,2.28472e-08,1,1703.78,-0.679879,-0.622526,0.320451,0.00221108,0.841169,0.0157433,0.000291628,2.28472e-08,1,1703.78
iter-1,9,1,19438315.0,0,19438315.0,41069225.0,0.0,3576649934.0,3576649934.0,73335287.0,31008872.0,42326415.0,0.0,31008872.0,-0.804256,-0.876162,-0.670197,-1.49352,-0.014517,-2.36931,-3.4882,-7.42381,0.213699,0.0320985,0.967126,0.00427262,0.000324936,3.7687e-08,1,1706.26,-0.804256,-0.876162,0.213699,0.0320985,0.967126,0.00427262,0.000324936,3.7687e-08,1,1706.26
iter-1,9,2,0.0,0,0.0,63109046.0,0.0,0.0,0.0,65048465.0,0.0,65048465.0,0.0,0.0,-0.804256,-0.876162,-0.670197,-1.49352,-0.014517,-2.36931,-3.4882,-7.42381,0.213699,0.0320985,0.967126,0.00427262,0.000324936,3.7687e-08,1,1706.26,-0.804256,-0.876162,0.213699,0.0320985,0.967126,0.00427262,0.000324936,3.7687e-08,1,1706.26
iter-1,9,3,20138174.0,0,20138174.0,59928076.0,0.0,3705424082.0,3705424082.0,93877685.0,32119226.0,61758459.0,0.0,32119226.0,-0.804256,-0.876162,-0.670197,-1.49352,-0.014517,-2.36931,-3.4882,-7.42381,0.213699,0.0320985,0.967126,0.00427262,0.000324936,3.7687e-08,1,1706.26,-0.804256,-0.876162,0.213699,0.0320985,0.967126,0.00427262,0.000324936,3.7687e-08,1,1706.26
iter-1,9,4,0.0,0,0.0,76982462.0,0.0,0.0,0.0,79342221.0,0.0,79342221.0,0.0,0.0,-0.804256,-0.876162,-0.670197,-1.49352,-0.014517,-2.36931,-3.4882,-7.42381,0.213699,0.0320985,0.967126,0.00427262,0.000324936,3.7687e-08,1,1706.26,-0.804256,-0.876162,0.213699,0.0320985,0.967126,0.00427262,0.000324936,3.7687e-08,1,1706.26
iter-1,9,5,14190135.0,0,14190135.0,42569960.0,0.0,2610984771.0,2610984771.0,66498067.0,22628855.0,43869212.0,0.0,22628855.0,-0.804256,-0.876162,-0.670197,-1.49352,-0.014517,-2.36931,-3.4882,-7.42381,0.213699,0.0320985,0.967126,0.00427262,0.000324936,3.7687e-08,1,1706.26,-0.804256,-0.876162,0.213699,0.0320985,0.967126,0.00427262,0.000324936,3.7687e-08,1,1706.26
iter-1,9,6,0.0,0,0.0,50147803.0,0.0,0.0,0.0,51682863.0,0.0,51682863.0,0.0,0.0,-0.804256,-0.876162,-0.670197,-1.49352,-0.014517,-2.36931,-3.4882,-7.42381,0.213699,0.0320985,0.967126,0.00427262,0.000324936,3.7687e-08,1,1706.26,-0.804256,-0.876162,0.213699,0.0320985,0.967126,0.00427262,0.000324936,3.7687e-08,1,1706.26
iter-1,5,1,18136034.0,0,18136034.0,42412565.0,0.0,3337030201.0,3337030201.0,72643434.0,28932153.0,43711281.0,0.0,28932153.0,-0.730371,-0.809214,-0.16975,-2.55559,-0.191289,-2.91566,-3.84053,-6.07493,0.676473,0.00278235,0.64374,0.00121433,0.000144366,8.41531e-07,1,1703.21,-0.730371,-0.809214,0.676473,0.00278235,0.64374,0.00121433,0.000144366,8.41531e-07,1,1703.21
iter-1,5,2,0.0,0,0.0,69619491.0,0.0,0.0,0.0,71758999.0,0.0,71758999.0,0.0,0.0,-0.730371,-0.809214,-0.16975,-2.55559,-0.191289,-2.91566,-3.84053,-6.07493,0.676473,0.00278235,0.64374,0.00121433,0.000144366,8.41531e-07,1,1703.21,-0.730371,-0.809214,0.676473,0.00278235,0.64374,0.00121433,0.000144366,8.41531e-07,1,1703.21
iter-1,5,3,17424094.0,0,17424094.0,53803712.0,0.0,3206033322.0,3206033322.0,83240987.0,27792712.0,55448276.0,0.0,27792712.0,-0.730371,-0.809214,-0.16975,-2.55559,-0.191289,-2.91566,-3.84053,-6.07493,0.676473,0.00278235,0.64374,0.00121433,0.000144366,8.41531e-07,1,1703.21,-0.730371,-0.809214,0.676473,0.00278235,0.64374,0.00121433,0.000144366,8.41531e-07,1,1703.21
iter-1,5,4,0.0,0,0.0,82031594.0,0.0,0.0,0.0,84546548.0,0.0,84546548.0,0.0,0.0,-0.730371,-0.809214,-0.16975,-2.55559,-0.191289,-2.91566,-3.84053,-6.07493,0.676473,0.00278235,0.64374,0.00121433,0.000144366,8.41531e-07,1,1703.21,-0.730371,-0.809214,0.676473,0.00278235,0.64374,0.00121433,0.000144366,8.41531e-07,1,1703.21
iter-1,5,5,13692107.0,0,13692107.0,43771295.0,0.0,2519347765.0,2519347765.0,66943753.0,21836382.0,45107372.0,0.0,21836382.0,-0.730371,-0.809214,-0.16975,-2.55559,-0.191289,-2.91566,-3.84053,-6.07493,0.676473,0.00278235,0.64374,0.00121433,0.000144366,8.41531e-07,1,1703.21,-0.730371,-0.809214,0.676473,0.00278235,0.64374,0.00121433,0.000144366,8.41531e-07,1,1703.21
iter-1,5,6,0.0,0,0.0,50004124.0,0.0,0.0,0.0,51534488.0,0.0,51534488.0,0.0,0.0,-0.730371,-0.809214,-0.16975,-2.55559,-0.191289,-2.91566,-3.84053,-6.07493,0.676473,0.00278235,0.64374,0.00121433,0.000144366,8.41531e-07,1,1703.21,-0.730371,-0.809214,0.676473,0.00278235,0.64374,0.00121433,0.000144366,8.41531e-07,1,1703.21
iter-1,7,1,18560481.0,0,18560481.0,45051221.0,0.0,3415128439.0,3415128439.0,76038610.0,29608481.0,46430129.0,0.0,29608481.0,-0.778092,-0.750882,-0.26112,-2.90377,-0.430481,-2.30533,-3.67079,-8.3894,0.548125,0.00124804,0.371124,0.00495072,0.000213408,4.07942e-09,1,1705.45,-0.778092,-0.750882,0.548125,0.00124804,0.371124,0.00495072,0.000213408,4.07942e-09,1,1705.45
iter-1,7,2,0.0,0,0.0,64136981.0,0.0,0.0,0.0,66108078.0,0.0,66108078.0,0.0,0.0,-0.778092,-0.750882,-0.26112,-2.90377,-0.430481,-2.30533,-3.67079,-8.3894,0.548125,0.00124804,0.371124,0.00495072,0.000213408,4.07942e-09,1,1705.45,-0.778092,-0.750882,0.548125,0.00124804,0.371124,0.00495072,0.000213408,4.07942e-09,1,1705.45
iter-1,7,3,17211619.0,0,17211619.0,52895439.0,0.0,3166937932.0,3166937932.0,81964544.0,27452433.0,54512111.0,0.0,27452433.0,-0.778092,-0.750882,-0.26112,-2.90377,-0.430481,-2.30533,-3.67079,-8.3894,0.548125,0.00124804,0.371124,0.00495072,0.000213408,4.07942e-09,1,1705.45,-0.778092,-0.750882,0.548125,0.00124804,0.371124,0.00495072,0.000213408,4.07942e-09,1,1705.45
iter-1,7,4,0.0,0,0.0,81011829.0,0.0,0.0,0.0,83495548.0,0.0,83495548.0,0.0,0.0,-0.778092,-0.750882,-0.26112,-2.90377,-0.430481,-2.30533,-3.67079,-8.3894,0.548125,0.00124804,0.371124,0.00495072,0.000213408,4.07942e-09,1,1705.45,-0.778092,-0.750882,0.548125,0.00124804,0.371124,0.00495072,0.000213408,4.07942e-09,1,1705.45
iter-1,7,5,13869801.0,0,13869801.0,41493306.0,0.0,2552043475.0,2552043475.0,64878175.0,22118379.0,42759796.0,0.0,22118379.0,-0.778092,-0.750882,-0.26112,-2.90377,-0.430481,-2.30533,-3.67079,-8.3894,0.548125,0.00124804,0.371124,0.00495072,0.000213408,4.07942e-09,1,1705.45,-0.778092,-0.750882,0.548125,0.00124804,0.371124,0.00495072,0.000213408,4.07942e-09,1,1705.45
iter-1,7,6,0.0,0,0.0,51725696.0,0.0,0.0,0.0,53308887.0,0.0,53308887.0,0.0,0.0,-0.778092,-0.750882,-0.26112,-2.90377,-0.430481,-2.30533,-3.67079,-8.3894,0.548125,0.00124804,0.371124,0.00495072,0.000213408,4.07942e-09,1,1705.45,-0.778092,-0.750882,0.548125,0.00124804,0.371124,0.00495072,0.000213408,4.07942e-09,1,1705.45
iter-1,8,1,23665817.0,0,23665817.0,42907775.0,0.0,4354510236.0,4354510236.0,81970050.0,37749108.0,44220941.0,0.0,37749108.0,-0.96393,-0.994827,-1.24257,-0.983559,-0.13932,-4.2315,-4.03763,-4.99249,0.0572039,0.103858,0.725572,5.86809e-05,9.16997e-05,1.01745e-05,1,1709.31,-0.96393,-0.994827,0.0572039,0.103858,0.725572,5.86809e-05,9.16997e-05,1.01745e-05,1,1709.31
iter-1,8,2,0.0,0,0.0,75023579.0,0.0,0.0,0.0,77329526.0,0.0,77329526.0,0.0,0.0,-0.96393,-0.994827,-1.24257,-0.983559,-0.13932,-4.2315,-4.03763,-4.99249,0.0572039,0.103858,0.725572,5.86809e-05,9.16997e-05,1.01745e-05,1,1709.31,-0.96393,-0.994827,0.0572039,0.103858,0.725572,5.86809e-05,9.16997e-05,1.01745e-05,1,1709.31
iter-1,8,3,22934245.0,0,22934245.0,54035607.0,0.0,4219900990.0,4219900990.0,92262505.0,36576648.0,55685856.0,0.0,36576648.0,-0.96393,-0.994827,-1.24257,-0.983559,-0.13932,-4.2315,-4.03763,-4.99249,0.0572039,0.103858,0.725572,5.86809e-05,9.16997e-05,1.01745e-05,1,1709.31,-0.96393,-0.994827,0.0572039,0.103858,0.725572,5.86809e-05,9.16997e-05,1.01745e-05,1,1709.31
iter-1,8,4,0.0,0,0.0,80732961.0,0.0,0.0,0.0,83209598.0,0.0,83209598.0,0.0,0.0,-0.96393,-0.994827,-1.24257,-0.983559,-0.13932,-4.2315,-4.03763,-4.99249,0.0572039,0.103858,0.725572,5.86809e-05,9.16997e-05,1.01745e-05,1,1709.31,-0.96393,-0.994827,0.0572039,0.103858,0.725572,5.86809e-05,9.16997e-05,1.01745e-05,1,1709.31
iter-1,8,5,14484999.0,0,14484999.0,37679710.0,0.0,2665239753.0,2665239753.0,61928555.0,23098196.0,38830360.0,0.0,23098196.0,-0.96393,-0.994827,-1.24257,-0.983559,-0.13932,-4.2315,-4.03763,-4.99249,0.0572039,0.103858,0.725572,5.86809e-05,9.16997e-05,1.01745e-05,1,1709.31,-0.96393,-0.994827,0.0572039,0.103858,0.725572,5.86809e-05,9.16997e-05,1.01745e-05,1,1709.31
iter-1,8,6,0.0,0,0.0,50936308.0,0.0,0.0,0.0,52495641.0,0.0,52495641.0,0.0,0.0,-0.96393,-0.994827,-1.24257,-0.983559,-0.13932,-4.2315,-4.03763,-4.99249,0.0572039,0.103858,0.725572,5.86809e-05,9.16997e-05,1.01745e-05,1,1709.31,-0.96393,-0.994827,0.0572039,0.103858,0.725572,5.86809e-05,9.16997e-05,1.01745e-05,1,1709.31
iter-1,0,1,17689804.0,0,17689804.0,42209731.0,0.0,3254924010.0,3254924010.0,71721445.0,28220679.0,43500765.0,0.0,28220679.0,0.566625,-0.384552,-0.0384678,-1.63268,-0.00329392,-1.43919,-3.66304,-7.71767,0.915234,0.0232982,0.992444,0.0363757,0.00021725,1.91569e-08,1,1702.81,0.566625,-0.384552,0.915234,0.0232982,0.992444,0.0363757,0.00021725,1.91569e-08,1,1702.81
iter-1,0,2,0.0,0,0.0,69405517.0,0.0,0.0,0.0,71537767.0,0.0,71537767.0,0.0,0.0,0.566625,-0.384552,-0.0384678,-1.63268,-0.00329392,-1.43919,-3.66304,-7.71767,0.915234,0.0232982,0.992444,0.0363757,0.00021725,1.91569e-08,1,1702.81,0.566625,-0.384552,0.915234,0.0232982,0.992444,0.0363757,0.00021725,1.91569e-08,1,1702.81
iter-1,0,3,18877456.0,0,18877456.0,57293584.0,0.0,3473451968.0,3473451968.0,89155282.0,30110147.0,59045135.0,0.0,30110147.0,0.566625,-0.384552,-0.0384678,-1.63268,-0.00329392,-1.43919,-3.66304,-7.71767,0.915234,0.0232982,0.992444,0.0363757,0.00021725,1.91569e-08,1,1702.81,0.566625,-0.384552,0.915234,0.0232982,0.992444,0.0363757,0.00021725,1.91569e-08,1,1702.81
iter-1,0,4,0.0,0,0.0,77177082.0,0.0,0.0,0.0,79542980.0,0.0,79542980.0,0.0,0.0,0.566625,-0.384552,-0.0384678,-1.63268,-0.00329392,-1.43919,-3.66304,-7.71767,0.915234,0.0232982,0.992444,0.0363757,0.00021725,1.91569e-08,1,1702.81,0.566625,-0.384552,0.915234,0.0232982,0.992444,0.0363757,0.00021725,1.91569e-08,1,1702.81
iter-1,0,5,11613507.0,0,11613507.0,40881874.0,0.0,2136885264.0,2136885264.0,60652291.0,18521850.0,42130441.0,0.0,18521850.0,0.566625,-0.384552,-0.0384678,-1.63268,-0.00329392,-1.43919,-3.66304,-7.71767,0.915234,0.0232982,0.992444,0.0363757,0.00021725,1.91569e-08,1,1702.81,0.566625,-0.384552,0.915234,0.0232982,0.992444,0.0363757,0.00021725,1.91569e-08,1,1702.81
iter-1,0,6,0.0,0,0.0,43657884.0,0.0,0.0,0.0,44993324.0,0.0,44993324.0,0.0,0.0,0.566625,-0.384552,-0.0384678,-1.63268,-0.00329392,-1.43919,-3.66304,-7.71767,0.915234,0.0232982,0.992444,0.0363757,0.00021725,1.91569e-08,1,1702.81,0.566625,-0.384552,0.915234,0.0232982,0.992444,0.0363757,0.00021725,1.91569e-08,1,1702.81
iter-1,1,1,19228646.0,0,19228646.0,43251927.0,0.0,3538070898.0,3538070898.0,75250379.0,30675649.0,44574730.0,0.0,30675649.0,-0.381092,-0.552465,-1.21841,-1.33027,-0.00178452,-1.05699,-3.30822,-8.20121,0.0604769,0.0467441,0.995899,0.0877023,0.000491791,6.29196e-09,1,1705.95,-0.381092,-0.552465,0.0604769,0.0467441,0.995899,0.0877023,0.000491791,6.29196e-09,1,1705.95
iter-1,1,2,0.0,0,0.0,66327001.0,0.0,0.0,0.0,68365777.0,0.0,68365777.0,0.0,0.0,-0.381092,-0.552465,-1.21841,-1.33027,-0.00178452,-1.05699,-3.30822,-8.20121,0.0604769,0.0467441,0.995899,0.0877023,0.000491791,6.29196e-09,1,1705.95,-0.381092,-0.552465,0.0604769,0.0467441,0.995899,0.0877023,0.000491791,6.29196e-09,1,1705.95
iter-1,1,3,19247882.0,0,19247882.0,66367797.0,0.0,3541610217.0,3541610217.0,99094281.0,30699049.0,68395233.0,0.0,30699049.0,-0.381092,-0.552465,-1.21841,-1.33027,-0.00178452,-1.05699,-3.30822,-8.20121,0.0604769,0.0467441,0.995899,0.0877023,0.000491791,6.29196e-09,1,1705.95,-0.381092,-0.552465,0.0604769,0.0467441,0.995899,0.0877023,0.000491791,6.29196e-09,1,1705.95
iter-1,1,4,0.0,0,0.0,72668213.0,0.0,0.0,0.0,74896281.0,0.0,74896281.0,0.0,0.0,-0.381092,-0.552465,-1.21841,-1.33027,-0.00178452,-1.05699,-3.30822,-8.20121,0.0604769,0.0467441,0.995899,0.0877023,0.000491791,6.29196e-09,1,1705.95,-0.381092,-0.552465,0.0604769,0.0467441,0.995899,0.0877023,0.000491791,6.29196e-09,1,1705.95
iter-1,1,5,11227894.0,0,11227894.0,37586199.0,0.0,2065932474.0,2065932474.0,56639965.0,17905729.0,38734236.0,0.0,17905729.0,-0.381092,-0.552465,-1.21841,-1.33027,-0.00178452,-1.05699,-3.30822,-8.20121,0.0604769,0.0467441,0.995899,0.0877023,0.000491791,6.29196e-09,1,1705.95,-0.381092,-0.552465,0.0604769,0.0467441,0.995899,0.0877023,0.000491791,6.29196e-09,1,1705.95
iter-1,1,6,0.0,0,0.0,46202227.0,0.0,0.0,0.0,47615750.0,0.0,47615750.0,0.0,0.0,-0.381092,-0.552465,-1.21841,-1.33027,-0.00178452,-1.05699,-3.30822,-8.20121,0.0604769,0.0467441,0.995899,0.0877023,0.000491791,6.29196e-09,1,1705.95,-0.381092,-0.552465,0.0604769,0.0467441,0.995899,0.0877023,0.000491791,6.29196e-09,1,1705.95
iter-1,2,1,19205466.0,0,19205466.0,44632392.0,0.0,3533805688.0,3533805688.0,76634988.0,30637691.0,45997297.0,0.0,30637691.0,-0.894188,-0.694939,-0.546575,-3.0467,-0.317349,-1.77955,-3.33286,-8.83391,0.28407,0.000898054,0.481561,0.016613,0.000464668,1.46584e-09,1,1705.19,-0.894188,-0.694939,0.28407,0.000898054,0.481561,0.016613,0.000464668,1.46584e-09,1,1705.19
iter-1,2,2,0.0,0,0.0,63227476.0,0.0,0.0,0.0,65170161.0,0.0,65170161.0,0.0,0.0,-0.894188,-0.694939,-0.546575,-3.0467,-0.317349,-1.77955,-3.33286,-8.83391,0.28407,0.000898054,0.481561,0.016613,0.000464668,1.46584e-09,1,1705.19,-0.894188,-0.694939,0.28407,0.000898054,0.481561,0.016613,0.000464668,1.46584e-09,1,1705.19
iter-1,2,3,17721922.0,0,17721922.0,57210398.0,0.0,3260833735.0,3260833735.0,87225483.0,28266910.0,58958573.0,0.0,28266910.0,-0.894188,-0.694939,-0.546575,-3.0467,-0.317349,-1.77955,-3.33286,-8.83391,0.28407,0.000898054,0.481561,0.016613,0.000464668,1.46584e-09,1,1705.19,-0.894188,-0.694939,0.28407,0.000898054,0.481561,0.016613,0.000464668,1.46584e-09,1,1705.19
iter-1,2,4,0.0,0,0.0,80639595.0,0.0,0.0,0.0,83111574.0,0.0,83111574.0,0.0,0.0,-0.894188,-0.694939,-0.546575,-3.0467,-0.317349,-1.77955,-3.33286,-8.83391,0.28407,0.000898054,0.481561,0.016613,0.000464668,1.46584e-09,1,1705.19,-0.894188,-0.694939,0.28407,0.000898054,0.481561,0.016613,0.000464668,1.46584e-09,1,1705.19
iter-1,2,5,13994252.0,0,13994252.0,42610404.0,0.0,2574942332.0,2574942332.0,66227683.0,22317199.0,43910484.0,0.0,22317199.0,-0.894188,-0.694939,-0.546575,-3.0467,-0.317349,-1.77955,-3.33286,-8.83391,0.28407,0.000898054,0.481561,0.016613,0.000464668,1.46584e-09,1,1705.19,-0.894188,-0.694939,0.28407,0.000898054,0.481561,0.016613,0.000464668,1.46584e-09,1,1705.19
iter-1,2,6,0.0,0,0.0,55563030.0,0.0,0.0,0.0,57263835.0,0.0,57263835.0,0.0,0.0,-0.894188,-0.694939,-0.546575,-3.0467,-0.317349,-1.77955,-3.33286,-8.83391,0.28407,0.000898054,0.481561,0.016613,0.000464668,1.46584e-09,1,1705.19,-0.894188,-0.694939,0.28407,0.000898054,0.481561,0.016613,0.000464668,1.46584e-09,1,1705.19
iter-1,3,1,19404014.0,0,19404014.0,46666605.0,0.0,3570338538.0,3570338538.0,79048903.0,30954189.0,48094714.0,0.0,30954189.0,-0.689038,-0.384862,-0.0770195,-3.25899,-0.265949,-2.0437,-3.54835,-8.28806,0.837492,0.000550815,0.542064,0.00904276,0.000282913,5.15161e-09,1,1702.67,-0.689038,-0.384862,0.837492,0.000550815,0.542064,0.00904276,0.000282913,5.15161e-09,1,1702.67
iter-1,3,2,0.0,0,0.0,64635027.0,0.0,0.0,0.0,66621541.0,0.0,66621541.0,0.0,0.0,-0.689038,-0.384862,-0.0770195,-3.25899,-0.265949,-2.0437,-3.54835,-8.28806,0.837492,0.000550815,0.542064,0.00904276,0.000282913,5.15161e-09,1,1702.67,-0.689038,-0.384862,0.837492,0.000550815,0.542064,0.00904276,0.000282913,5.15161e-09,1,1702.67
iter-1,3,3,16616973.0,0,16616973.0,51025668.0,0.0,3057522972.0,3057522972.0,79090984.0,26505256.0,52585728.0,0.0,26505256.0,-0.689038,-0.384862,-0.0770195,-3.25899,-0.265949,-2.0437,-3.54835,-8.28806,0.837492,0.000550815,0.542064,0.00904276,0.000282913,5.15161e-09,1,1702.67,-0.689038,-0.384862,0.837492,0.000550815,0.542064,0.00904276,0.000282913,5.15161e-09,1,1702.67
iter-1,3,4,0.0,0,0.0,77157241.0,0.0,0.0,0.0,79522534.0,0.0,79522534.0,0.0,0.0,-0.689038,-0.384862,-0.0770195,-3.25899,-0.265949,-2.0437,-3.54835,-8.28806,0.837492,0.000550815,0.542064,0.00904276,0.000282913,5.15161e-09,1,1702.67,-0.689038,-0.384862,0.837492,0.000550815,0.542064,0.00904276,0.000282913,5.15161e-09,1,1702.67
iter-1,3,5,13823708.0,0,13823708.0,41954182.0,0.0,2543562253.0,2543562253.0,65281478.0,22046801.0,43234678.0,0.0,22046801.0,-0.689038,-0.384862,-0.0770195,-3.25899,-0.265949,-2.0437,-3.54835,-8.28806,0.837492,0.000550815,0.542064,0.00904276,0.000282913,5.15161e-09,1,1702.67,-0.689038,-0.384862,0.837492,0.000550815,0.542064,0.00904276,0.000282913,5.15161e-09,1,1702.67
iter-1,3,6,0.0,0,0.0,52359707.0,0.0,0.0,0.0,53961657.0,0.0,53961657.0,0.0,0.0,-0.689038,-0.384862,-0.0770195,-3.25899,-0.265949,-2.0437,-3.54835,-8.28806,0.837492,0.000550815,0.542064,0.00904276,0.000282913,5.15161e-09,1,1702.67,-0.689038,-0.384862,0.837492,0.000550815,0.542064,0.00904276,0.000282913,5.15161e-09,1,1702.67
iter-2,7,1,18333133.0,0,18333133.0,42313355.0,0.0,3373296534.0,3373296534.0,72856398.0,29247150.0,43609248.0,0.0,29247150.0,-0.607673,-0.680233,-0.178426,-2.37285,-0.052154,-2.32645,-3.67087,-6.44582,0.663092,0.00423794,0.886841,0.00471569,0.00021337,3.58244e-07,1,1702.72,-0.607673,-0.680233,0.663092,0.00423794,0.886841,0.00471569,0.00021337,3.58244e-07,1,1702.72
iter-2,7,2,0.0,0,0.0,67926753.0,0.0,0.0,0.0,70014631.0,0.0,70014631.0,0.0,0.0,-0.607673,-0.680233,-0.178426,-2.37285,-0.052154,-2.32645,-3.67087,-6.44582,0.663092,0.00423794,0.886841,0.00471569,0.00021337,3.58244e-07,1,1702.72,-0.607673,-0.680233,0.663092,0.00423794,0.886841,0.00471569,0.00021337,3.58244e-07,1,1702.72
iter-2,7,3,17545368.0,0,17545368.0,56910202.0,0.0,3228347750.0,3228347750.0,86635191.0,27985826.0,58649365.0,0.0,27985826.0,-0.607673,-0.680233,-0.178426,-2.37285,-0.052154,-2.32645,-3.67087,-6.44582,0.663092,0.00423794,0.886841,0.00471569,0.00021337,3.58244e-07,1,1702.72,-0.607673,-0.680233,0.663092,0.00423794,0.886841,0.00471569,0.00021337,3.58244e-07,1,1702.72
iter-2,7,4,0.0,0,0.0,81854626.0,0.0,0.0,0.0,84364101.0,0.0,84364101.0,0.0,0.0,-0.607673,-0.680233,-0.178426,-2.37285,-0.052154,-2.32645,-3.67087,-6.44582,0.663092,0.00423794,0.886841,0.00471569,0.00021337,3.58244e-07,1,1702.72,-0.607673,-0.680233,0.663092,0.00423794,0.886841,0.00471569,0.00021337,3.58244e-07,1,1702.72
iter-2,7,5,13116709.0,0,13116709.0,43740057.0,0.0,2413474525.0,2413474525.0,65994118.0,20918758.0,45075361.0,0.0,20918758.0,-0.607673,-0.680233,-0.178426,-2.37285,-0.052154,-2.32645,-3.67087,-6.44582,0.663092,0.00423794,0.886841,0.00471569,0.00021337,3.58244e-07,1,1702.72,-0.607673,-0.680233,0.663092,0.00423794,0.886841,0.00471569,0.00021337,3.58244e-07,1,1702.72
iter-2,7,6,0.0,0,0.0,50343236.0,0.0,0.0,0.0,51884019.0,0.0,51884019.0,0.0,0.0,-0.607673,-0.680233,-0.178426,-2.37285,-0.052154,-2.32645,-3.67087,-6.44582,0.663092,0.00423794,0.886841,0.00471569,0.00021337,3.58244e-07,1,1702.72,-0.607673,-0.680233,0.663092,0.00423794,0.886841,0.00471569,0.00021337,3.58244e-07,1,1702.72
iter-2,3,1,18222707.0,0,18222707.0,43225688.0,0.0,3352978157.0,3352978157.0,73620012.0,29070778.0,44549234.0,0.0,29070778.0,-0.683935,-0.716484,-0.120804,-2.53546,-0.0899672,-2.63735,-3.73734,-6.06704,0.757175,0.00291432,0.812892,0.0023049,0.000183089,8.56961e-07,1,1702.39,-0.683935,-0.716484,0.757175,0.00291432,0.812892,0.0023049,0.000183089,8.56961e-07,1,1702.39
iter-2,3,2,0.0,0,0.0,68404506.0,0.0,0.0,0.0,70506961.0,0.0,70506961.0,0.0,0.0,-0.683935,-0.716484,-0.120804,-2.53546,-0.0899672,-2.63735,-3.73734,-6.06704,0.757175,0.00291432,0.812892,0.0023049,0.000183089,8.56961e-07,1,1702.39,-0.683935,-0.716484,0.757175,0.00291432,0.812892,0.0023049,0.000183089,8.56961e-07,1,1702.39
iter-2,3,3,17742352.0,0,17742352.0,56717299.0,0.0,3264592775.0,3264592775.0,86751542.0,28300643.0,58450899.0,0.0,28300643.0,-0.683935,-0.716484,-0.120804,-2.53546,-0.0899672,-2.63735,-3.73734,-6.06704,0.757175,0.00291432,0.812892,0.0023049,0.000183089,8.56961e-07,1,1702.39,-0.683935,-0.716484,0.757175,0.00291432,0.812892,0.0023049,0.000183089,8.56961e-07,1,1702.39
iter-2,3,4,0.0,0,0.0,80175604.0,0.0,0.0,0.0,82633828.0,0.0,82633828.0,0.0,0.0,-0.683935,-0.716484,-0.120804,-2.53546,-0.0899672,-2.63735,-3.73734,-6.06704,0.757175,0.00291432,0.812892,0.0023049,0.000183089,8.56961e-07,1,1702.39,-0.683935,-0.716484,0.757175,0.00291432,0.812892,0.0023049,0.000183089,8.56961e-07,1,1702.39
iter-2,3,5,14202175.0,0,14202175.0,45329677.0,0.0,2613200212.0,2613200212.0,69363716.0,22650301.0,46713416.0,0.0,22650301.0,-0.683935,-0.716484,-0.120804,-2.53546,-0.0899672,-2.63735,-3.73734,-6.06704,0.757175,0.00291432,0.812892,0.0023049,0.000183089,8.56961e-07,1,1702.39,-0.683935,-0.716484,0.757175,0.00291432,0.812892,0.0023049,0.000183089,8.56961e-07,1,1702.39
iter-2,3,6,0.0,0,0.0,50162738.0,0.0,0.0,0.0,51697913.0,0.0,51697913.0,0.0,0.0,-0.683935,-0.716484,-0.120804,-2.53546,-0.0899672,-2.63735,-3.73734,-6.06704,0.757175,0.00291432,0.812892,0.0023049,0.000183089,8.56961e-07,1,1702.39,-0.683935,-0.716484,0.757175,0.00291432,0.812892,0.0023049,0.000183089,8.56961e-07,1,1702.39
iter-2,5,1,18398963.0,0,18398963.0,40751155.0,0.0,3385409203.0,3385409203.0,71351490.0,29352379.0,41999111.0,0.0,29352379.0,-0.674206,-0.720486,-0.157877,-2.51238,-0.089919,-2.58102,-3.74581,-6.09718,0.695221,0.0030734,0.812982,0.00262409,0.000179553,7.99508e-07,1,1702.61,-0.674206,-0.720486,0.695221,0.0030734,0.812982,0.00262409,0.000179553,7.99508e-07,1,1702.61
iter-2,5,2,0.0,0,0.0,69198715.0,0.0,0.0,0.0,71325384.0,0.0,71325384.0,0.0,0.0,-0.674206,-0.720486,-0.157877,-2.51238,-0.089919,-2.58102,-3.74581,-6.09718,0.695221,0.0030734,0.812982,0.00262409,0.000179553,7.99508e-07,1,1702.61,-0.674206,-0.720486,0.695221,0.0030734,0.812982,0.00262409,0.000179553,7.99508e-07,1,1702.61
iter-2,5,3,17482895.0,0,17482895.0,55265880.0,0.0,3216852757.0,3216852757.0,84841490.0,27886530.0,56954960.0,0.0,27886530.0,-0.674206,-0.720486,-0.157877,-2.51238,-0.089919,-2.58102,-3.74581,-6.09718,0.695221,0.0030734,0.812982,0.00262409,0.000179553,7.99508e-07,1,1702.61,-0.674206,-0.720486,0.695221,0.0030734,0.812982,0.00262409,0.000179553,7.99508e-07,1,1702.61
iter-2,5,4,0.0,0,0.0,81808452.0,0.0,0.0,0.0,84316467.0,0.0,84316467.0,0.0,0.0,-0.674206,-0.720486,-0.157877,-2.51238,-0.089919,-2.58102,-3.74581,-6.09718,0.695221,0.0030734,0.812982,0.00262409,0.000179553,7.99508e-07,1,1702.61,-0.674206,-0.720486,0.695221,0.0030734,0.812982,0.00262409,0.000179553,7.99508e-07,1,1702.61
iter-2,5,5,13657603.0,0,13657603.0,44136205.0,0.0,2512998887.0,2512998887.0,67265032.0,21781618.0,45483415.0,0.0,21781618.0,-0.674206,-0.720486,-0.157877,-2.51238,-0.089919,-2.58102,-3.74581,-6.09718,0.695221,0.0030734,0.812982,0.00262409,0.000179553,7.99508e-07,1,1702.61,-0.674206,-0.720486,0.695221,0.0030734,0.812982,0.00262409,0.000179553,7.99508e-07,1,1702.61
iter-2,5,6,0.0,0,0.0,50456150.0,0.0,0.0,0.0,52000288.0,0.0,52000288.0,0.0,0.0,-0.674206,-0.720486,-0.157877,-2.51238,-0.089919,-2.58102,-3.74581,-6.09718,0.695221,0.0030734,0.812982,0.00262409,0.000179553,7.99508e-07,1,1702.61,-0.674206,-0.720486,0.695221,0.0030734,0.812982,0.00262409,0.000179553,7.99508e-07,1,1702.61
iter-2,1,1,18646405.0,0,18646405.0,44635520.0,0.0,3430938598.0,3430938598.0,75748229.0,29746926.0,46001303.0,0.0,29746926.0,-0.73154,-0.688101,-0.151867,-2.77293,-0.152339,-2.48324,-3.69283,-6.6412,0.704909,0.00168684,0.704144,0.00328669,0.000202847,2.28457e-07,1,1702.65,-0.73154,-0.688101,0.704909,0.00168684,0.704144,0.00328669,0.000202847,2.28457e-07,1,1702.65
iter-2,1,2,0.0,0,0.0,66449226.0,0.0,0.0,0.0,68491393.0,0.0,68491393.0,0.0,0.0,-0.73154,-0.688101,-0.151867,-2.77293,-0.152339,-2.48324,-3.69283,-6.6412,0.704909,0.00168684,0.704144,0.00328669,0.000202847,2.28457e-07,1,1702.65,-0.73154,-0.688101,0.704909,0.00168684,0.704144,0.00328669,0.000202847,2.28457e-07,1,1702.65
iter-2,1,3,17365414.0,0,17365414.0,54717391.0,0.0,3195236100.0,3195236100.0,84089180.0,27699432.0,56389747.0,0.0,27699432.0,-0.73154,-0.688101,-0.151867,-2.77293,-0.152339,-2.48324,-3.69283,-6.6412,0.704909,0.00168684,0.704144,0.00328669,0.000202847,2.28457e-07,1,1702.65,-0.73154,-0.688101,0.704909,0.00168684,0.704144,0.00328669,0.000202847,2.28457e-07,1,1702.65
iter-2,1,4,0.0,0,0.0,79380210.0,0.0,0.0,0.0,81813773.0,0.0,81813773.0,0.0,0.0,-0.73154,-0.688101,-0.151867,-2.77293,-0.152339,-2.48324,-3.69283,-6.6412,0.704909,0.00168684,0.704144,0.00328669,0.000202847,2.28457e-07,1,1702.65,-0.73154,-0.688101,0.704909,0.00168684,0.704144,0.00328669,0.000202847,2.28457e-07,1,1702.65
iter-2,1,5,13857939.0,0,13857939.0,44455185.0,0.0,2549860803.0,2549860803.0,67913495.0,22101068.0,45812427.0,0.0,22101068.0,-0.73154,-0.688101,-0.151867,-2.77293,-0.152339,-2.48324,-3.69283,-6.6412,0.704909,0.00168684,0.704144,0.00328669,0.000202847,2.28457e-07,1,1702.65,-0.73154,-0.688101,0.704909,0.00168684,0.704144,0.00328669,0.000202847,2.28457e-07,1,1702.65
iter-2,1,6,0.0,0,0.0,50078685.0,0.0,0.0,0.0,51611393.0,0.0,51611393.0,0.0,0.0,-0.73154,-0.688101,-0.151867,-2.77293,-0.152339,-2.48324,-3.69283,-6.6412,0.704909,0.00168684,0.704144,0.00328669,0.000202847,2.28457e-07,1,1702.65,-0.73154,-0.688101,0.704909,0.00168684,0.704144,0.00328669,0.000202847,2.28457e-07,1,1702.65
iter-2,0,1,17794434.0,0,17794434.0,43165806.0,0.0,3274175819.0,3274175819.0,72874637.0,28387764.0,44486872.0,0.0,28387764.0,-0.719257,-0.652155,-0.223454,-2.68226,-0.0978239,-2.30853,-3.6453,-6.66765,0.597787,0.00207846,0.798318,0.00491436,0.000226309,2.14958e-07,1,1702.63,-0.719257,-0.652155,0.597787,0.00207846,0.798318,0.00491436,0.000226309,2.14958e-07,1,1702.63
iter-2,0,2,0.0,0,0.0,66811633.0,0.0,0.0,0.0,68865090.0,0.0,68865090.0,0.0,0.0,-0.719257,-0.652155,-0.223454,-2.68226,-0.0978239,-2.30853,-3.6453,-6.66765,0.597787,0.00207846,0.798318,0.00491436,0.000226309,2.14958e-07,1,1702.63,-0.719257,-0.652155,0.597787,0.00207846,0.798318,0.00491436,0.000226309,2.14958e-07,1,1702.63
iter-2,0,3,18245364.0,0,18245364.0,57781405.0,0.0,3357146980.0,3357146980.0,88649637.0,29102640.0,59546997.0,0.0,29102640.0,-0.719257,-0.652155,-0.223454,-2.68226,-0.0978239,-2.30853,-3.6453,-6.66765,0.597787,0.00207846,0.798318,0.00491436,0.000226309,2.14958e-07,1,1702.63,-0.719257,-0.652155,0.597787,0.00207846,0.798318,0.00491436,0.000226309,2.14958e-07,1,1702.63
iter-2,0,4,0.0,0,0.0,81888982.0,0.0,0.0,0.0,84399674.0,0.0,84399674.0,0.0,0.0,-0.719257,-0.652155,-0.223454,-2.68226,-0.0978239,-2.30853,-3.6453,-6.66765,0.597787,0.00207846,0.798318,0.00491436,0.000226309,2.14958e-07,1,1702.63,-0.719257,-0.652155,0.597787,0.00207846,0.798318,0.00491436,0.000226309,2.14958e-07,1,1702.63
iter-2,0,5,13727679.0,0,13727679.0,43791868.0,0.0,2525893002.0,2525893002.0,67021724.0,21893246.0,45128478.0,0.0,21893246.0,-0.719257,-0.652155,-0.223454,-2.68226,-0.0978239,-2.30853,-3.6453,-6.66765,0.597787,0.00207846,0.798318,0.00491436,0.000226309,2.14958e-07,1,1702.63,-0.719257,-0.652155,0.597787,0.00207846,0.798318,0.00491436,0.000226309,2.14958e-07,1,1702.63
iter-2,0,6,0.0,0,0.0,50245386.0,0.0,0.0,0.0,51783263.0,0.0,51783263.0,0.0,0.0,-0.719257,-0.652155,-0.223454,-2.68226,-0.0978239,-2.30853,-3.6453,-6.66765,0.597787,0.00207846,0.798318,0.00491436,0.000226309,2.14958e-07,1,1702.63,-0.719257,-0.652155,0.597787,0.00207846,0.798318,0.00491436,0.000226309,2.14958e-07,1,1702.63
iter-2,9,1,18389668.0,0,18389668.0,42950799.0,0.0,3383698962.0,3383698962.0,73602917.0,29337090.0,44265827.0,0.0,29337090.0,-0.665712,-0.744768,-0.132727,-2.43352,-0.0765611,-2.6775,-3.75453,-5.98106,0.736671,0.0036854,0.838376,0.00210136,0.000175982,1.04457e-06,1,1702.61,-0.665712,-0.744768,0.736671,0.0036854,0.838376,0.00210136,0.000175982,1.04457e-06,1,1702.61
iter-2,9,2,0.0,0,0.0,65113462.0,0.0,0.0,0.0,67114307.0,0.0,67114307.0,0.0,0.0,-0.665712,-0.744768,-0.132727,-2.43352,-0.0765611,-2.6775,-3.75453,-5.98106,0.736671,0.0036854,0.838376,0.00210136,0.000175982,1.04457e-06,1,1702.61,-0.665712,-0.744768,0.736671,0.0036854,0.838376,0.00210136,0.000175982,1.04457e-06,1,1702.61
iter-2,9,3,17521828.0,0,17521828.0,57058812.0,0.0,3224016339.0,3224016339.0,86751278.0,27948448.0,58802830.0,0.0,27948448.0,-0.665712,-0.744768,-0.132727,-2.43352,-0.0765611,-2.6775,-3.75453,-5.98106,0.736671,0.0036854,0.838376,0.00210136,0.000175982,1.04457e-06,1,1702.61,-0.665712,-0.744768,0.736671,0.0036854,0.838376,0.00210136,0.000175982,1.04457e-06,1,1702.61
iter-2,9,4,0.0,0,0.0,80168153.0,0.0,0.0,0.0,82625641.0,0.0,82625641.0,0.0,0.0,-0.665712,-0.744768,-0.132727,-2.43352,-0.0765611,-2.6775,-3.75453,-5.98106,0.736671,0.0036854,0.838376,0.00210136,0.000175982,1.04457e-06,1,1702.61,-0.665712,-0.744768,0.736671,0.0036854,0.838376,0.00210136,0.000175982,1.04457e-06,1,1702.61
iter-2,9,5,13521904.0,0,13521904.0,45292818.0,0.0,2488030290.0,2488030290.0,68240151.0,21565075.0,46675076.0,0.0,21565075.0,-0.665712,-0.744768,-0.132727,-2.43352,-0.0765611,-2.6775,-3.75453,-5.98106,0.736671,0.0036854,0.838376,0.00210136,0.000175982,1.04457e-06,1,1702.61,-0.665712,-0.744768,0.736671,0.0036854,0.838376,0.00210136,0.000175982,1.04457e-06,1,1702.61
iter-2,9,6,0.0,0,0.0,49296939.0,0.0,0.0,0.0,50805736.0,0.0,50805736.0,0.0,0.0,-0.665712,-0.744768,-0.132727,-2.43352,-0.0765611,-2.6775,-3.75453,-5.98106,0.736671,0.0036854,0.838376,0.00210136,0.000175982,1.04457e-06,1,1702.61,-0.665712,-0.744768,0.736671,0.0036854,0.838376,0.00210136,0.000175982,1.04457e-06,1,1702.61
iter-2,2,1,17782426.0,0,17782426.0,42551211.0,0.0,3271966341.0,3271966341.0,72222485.0,28369100.0,43853385.0,0.0,28369100.0,-0.619754,-0.700281,-0.17472,-2.35327,-0.0558629,-2.42706,-3.70113,-6.36851,0.668775,0.00443336,0.8793,0.00374058,0.000199009,4.28043e-07,1,1702.88,-0.619754,-0.700281,0.668775,0.00443336,0.8793,0.00374058,0.000199009,4.28043e-07,1,1702.88
iter-2,2,2,0.0,0,0.0,67946809.0,0.0,0.0,0.0,70034733.0,0.0,70034733.0,0.0,0.0,-0.619754,-0.700281,-0.17472,-2.35327,-0.0558629,-2.42706,-3.70113,-6.36851,0.668775,0.00443336,0.8793,0.00374058,0.000199009,4.28043e-07,1,1702.88,-0.619754,-0.700281,0.668775,0.00443336,0.8793,0.00374058,0.000199009,4.28043e-07,1,1702.88
iter-2,2,3,18307276.0,0,18307276.0,57705839.0,0.0,3368538723.0,3368538723.0,88670447.0,29201055.0,59469392.0,0.0,29201055.0,-0.619754,-0.700281,-0.17472,-2.35327,-0.0558629,-2.42706,-3.70113,-6.36851,0.668775,0.00443336,0.8793,0.00374058,0.000199009,4.28043e-07,1,1702.88,-0.619754,-0.700281,0.668775,0.00443336,0.8793,0.00374058,0.000199009,4.28043e-07,1,1702.88
iter-2,2,4,0.0,0,0.0,81829096.0,0.0,0.0,0.0,84338070.0,0.0,84338070.0,0.0,0.0,-0.619754,-0.700281,-0.17472,-2.35327,-0.0558629,-2.42706,-3.70113,-6.36851,0.668775,0.00443336,0.8793,0.00374058,0.000199009,4.28043e-07,1,1702.88,-0.619754,-0.700281,0.668775,0.00443336,0.8793,0.00374058,0.000199009,4.28043e-07,1,1702.88
iter-2,2,5,13699119.0,0,13699119.0,44310342.0,0.0,2520637822.0,2520637822.0,67510455.0,21847653.0,45662802.0,0.0,21847653.0,-0.619754,-0.700281,-0.17472,-2.35327,-0.0558629,-2.42706,-3.70113,-6.36851,0.668775,0.00443336,0.8793,0.00374058,0.000199009,4.28043e-07,1,1702.88,-0.619754,-0.700281,0.668775,0.00443336,0.8793,0.00374058,0.000199009,4.28043e-07,1,1702.88
iter-2,2,6,0.0,0,0.0,50008743.0,0.0,0.0,0.0,51539440.0,0.0,51539440.0,0.0,0.0,-0.619754,-0.700281,-0.17472,-2.35327,-0.0558629,-2.42706,-3.70113,-6.36851,0.668775,0.00443336,0.8793,0.00374058,0.000199009,4.28043e-07,1,1702.88,-0.619754,-0.700281,0.668775,0.00443336,0.8793,0.00374058,0.000199009,4.28043e-07,1,1702.88
iter-2,6,1,18931739.0,0,18931739.0,42473871.0,0.0,3483439975.0,3483439975.0,73976274.0,30201763.0,43774511.0,0.0,30201763.0,-0.712211,-0.699838,-0.210641,-2.54384,-0.0857569,-2.4202,-3.67826,-6.4329,0.615686,0.00285863,0.820811,0.00380011,0.000209768,3.69065e-07,1,1702.81,-0.712211,-0.699838,0.615686,0.00285863,0.820811,0.00380011,0.000209768,3.69065e-07,1,1702.81
iter-2,6,2,0.0,0,0.0,69114707.0,0.0,0.0,0.0,71238906.0,0.0,71238906.0,0.0,0.0,-0.712211,-0.699838,-0.210641,-2.54384,-0.0857569,-2.4202,-3.67826,-6.4329,0.615686,0.00285863,0.820811,0.00380011,0.000209768,3.69065e-07,1,1702.81,-0.712211,-0.699838,0.615686,0.00285863,0.820811,0.00380011,0.000209768,3.69065e-07,1,1702.81
iter-2,6,3,17982492.0,0,17982492.0,55750106.0,0.0,3308778481.0,3308778481.0,86137278.0,28683562.0,57453716.0,0.0,28683562.0,-0.712211,-0.699838,-0.210641,-2.54384,-0.0857569,-2.4202,-3.67826,-6.4329,0.615686,0.00285863,0.820811,0.00380011,0.000209768,3.69065e-07,1,1702.81,-0.712211,-0.699838,0.615686,0.00285863,0.820811,0.00380011,0.000209768,3.69065e-07,1,1702.81
iter-2,6,4,0.0,0,0.0,83089024.0,0.0,0.0,0.0,85636561.0,0.0,85636561.0,0.0,0.0,-0.712211,-0.699838,-0.210641,-2.54384,-0.0857569,-2.4202,-3.67826,-6.4329,0.615686,0.00285863,0.820811,0.00380011,0.000209768,3.69065e-07,1,1702.81,-0.712211,-0.699838,0.615686,0.00285863,0.820811,0.00380011,0.000209768,3.69065e-07,1,1702.81
iter-2,6,5,13442802.0,0,13442802.0,43695390.0,0.0,2473475506.0,2473475506.0,66468243.0,21439011.0,45029232.0,0.0,21439011.0,-0.712211,-0.699838,-0.210641,-2.54384,-0.0857569,-2.4202,-3.67826,-6.4329,0.615686,0.00285863,0.820811,0.00380011,0.000209768,3.69065e-07,1,1702.81,-0.712211,-0.699838,0.615686,0.00285863,0.820811,0.00380011,0.000209768,3.69065e-07,1,1702.81
iter-2,6,6,0.0,0,0.0,50720435.0,0.0,0.0,0.0,52272791.0,0.0,52272791.0,0.0,0.0,-0.712211,-0.699838,-0.210641,-2.54384,-0.0857569,-2.4202,-3.67826,-6.4329,0.615686,0.00285863,0.820811,0.00380011,0.000209768,3.69065e-07,1,1702.81,-0.712211,-0.699838,0.615686,0.00285863,0.820811,0.00380011,0.000209768,3.69065e-07,1,1702.81
iter-2,4,1,18252299.0,0,18252299.0,43423379.0,0.0,3358422929.0,3358422929.0,73871510.0,29118452.0,44753058.0,0.0,29118452.0,-0.608847,-0.687952,-0.120307,-2.56872,-0.0897095,-2.52539,-3.75398,-6.0934,0.758041,0.0026995,0.813374,0.00298274,0.000176204,8.06489e-07,1,1702.24,-0.608847,-0.687952,0.758041,0.0026995,0.813374,0.00298274,0.000176204,8.06489e-07,1,1702.24
iter-2,4,2,0.0,0,0.0,68250114.0,0.0,0.0,0.0,70347561.0,0.0,70347561.0,0.0,0.0,-0.608847,-0.687952,-0.120307,-2.56872,-0.0897095,-2.52539,-3.75398,-6.0934,0.758041,0.0026995,0.813374,0.00298274,0.000176204,8.06489e-07,1,1702.24,-0.608847,-0.687952,0.758041,0.0026995,0.813374,0.00298274,0.000176204,8.06489e-07,1,1702.24
iter-2,4,3,17425192.0,0,17425192.0,55730009.0,0.0,3206235340.0,3206235340.0,85227765.0,27794368.0,57433397.0,0.0,27794368.0,-0.608847,-0.687952,-0.120307,-2.56872,-0.0897095,-2.52539,-3.75398,-6.0934,0.758041,0.0026995,0.813374,0.00298274,0.000176204,8.06489e-07,1,1702.24,-0.608847,-0.687952,0.758041,0.0026995,0.813374,0.00298274,0.000176204,8.06489e-07,1,1702.24
iter-2,4,4,0.0,0,0.0,80428818.0,0.0,0.0,0.0,82894672.0,0.0,82894672.0,0.0,0.0,-0.608847,-0.687952,-0.120307,-2.56872,-0.0897095,-2.52539,-3.75398,-6.0934,0.758041,0.0026995,0.813374,0.00298274,0.000176204,8.06489e-07,1,1702.24,-0.608847,-0.687952,0.758041,0.0026995,0.813374,0.00298274,0.000176204,8.06489e-07,1,1702.24
iter-2,4,5,13658707.0,0,13658707.0,44534869.0,0.0,2513202009.0,2513202009.0,67677679.0,21783549.0,45894129.0,0.0,21783549.0,-0.608847,-0.687952,-0.120307,-2.56872,-0.0897095,-2.52539,-3.75398,-6.0934,0.758041,0.0026995,0.813374,0.00298274,0.000176204,8.06489e-07,1,1702.24,-0.608847,-0.687952,0.758041,0.0026995,0.813374,0.00298274,0.000176204,8.06489e-07,1,1702.24
iter-2,4,6,0.0,0,0.0,49865292.0,0.0,0.0,0.0,51391399.0,0.0,51391399.0,0.0,0.0,-0.608847,-0.687952,-0.120307,-2.56872,-0.0897095,-2.52539,-3.75398,-6.0934,0.758041,0.0026995,0.813374,0.00298274,0.000176204,8.06489e-07,1,1702.24,-0.608847,-0.687952,0.758041,0.0026995,0.813374,0.00298274,0.000176204,8.06489e-07,1,1702.24
iter-2,8,1,18548847.0,0,18548847.0,44380735.0,0.0,3412987782.0,3412987782.0,75331183.0,29591822.0,45739362.0,0.0,29591822.0,-0.574942,-0.696017,-0.149755,-2.39111,-0.0614995,-2.54991,-3.77254,-5.89196,0.708345,0.00406339,0.867962,0.00281899,0.000168835,1.28244e-06,1,1702.39,-0.574942,-0.696017,0.708345,0.00406339,0.867962,0.00281899,0.000168835,1.28244e-06,1,1702.39
iter-2,8,2,0.0,0,0.0,69568812.0,0.0,0.0,0.0,71706480.0,0.0,71706480.0,0.0,0.0,-0.574942,-0.696017,-0.149755,-2.39111,-0.0614995,-2.54991,-3.77254,-5.89196,0.708345,0.00406339,0.867962,0.00281899,0.000168835,1.28244e-06,1,1702.39,-0.574942,-0.696017,0.708345,0.00406339,0.867962,0.00281899,0.000168835,1.28244e-06,1,1702.39
iter-2,8,3,18227161.0,0,18227161.0,55334630.0,0.0,3353797685.0,3353797685.0,86098815.0,29073515.0,57025300.0,0.0,29073515.0,-0.574942,-0.696017,-0.149755,-2.39111,-0.0614995,-2.54991,-3.77254,-5.89196,0.708345,0.00406339,0.867962,0.00281899,0.000168835,1.28244e-06,1,1702.39,-0.574942,-0.696017,0.708345,0.00406339,0.867962,0.00281899,0.000168835,1.28244e-06,1,1702.39
iter-2,8,4,0.0,0,0.0,82804761.0,0.0,0.0,0.0,85343729.0,0.0,85343729.0,0.0,0.0,-0.574942,-0.696017,-0.149755,-2.39111,-0.0614995,-2.54991,-3.77254,-5.89196,0.708345,0.00406339,0.867962,0.00281899,0.000168835,1.28244e-06,1,1702.39,-0.574942,-0.696017,0.708345,0.00406339,0.867962,0.00281899,0.000168835,1.28244e-06,1,1702.39
iter-2,8,5,13325274.0,0,13325274.0,44409050.0,0.0,2451850467.0,2451850467.0,67015870.0,21251473.0,45764397.0,0.0,21251473.0,-0.574942,-0.696017,-0.149755,-2.39111,-0.0614995,-2.54991,-3.77254,-5.89196,0.708345,0.00406339,0.867962,0.00281899,0.000168835,1.28244e-06,1,1702.39,-0.574942,-0.696017,0.708345,0.00406339,0.867962,0.00281899,0.000168835,1.28244e-06,1,1702.39
iter-2,8,6,0.0,0,0.0,50170728.0,0.0,0.0,0.0,51706231.0,0.0,51706231.0,0.0,0.0,-0.574942,-0.696017,-0.149755,-2.39111,-0.0614995,-2.54991,-3.77254,-5.89196,0.708345,0.00406339,0.867962,0.00281899,0.000168835,1.28244e-06,1,1702.39,-0.574942,-0.696017,0.708345,0.00406339,0.867962,0.00281899,0.000168835,1.28244e-06,1,1702.39
iter-3,7,1,18616284.0,0,18616284.0,43657883.0,0.0,3425396187.0,3425396187.0,74693169.0,29698454.0,44994714.0,0.0,29698454.0,-0.736997,-0.715663,-0.133644,-2.71861,-0.135911,-2.60226,-3.70969,-6.38243,0.735116,0.00191159,0.731289,0.00249886,0.000195124,4.14545e-07,1,1702.5,-0.736997,-0.715663,0.735116,0.00191159,0.731289,0.00249886,0.000195124,4.14545e-07,1,1702.5
iter-3,7,2,0.0,0,0.0,69719145.0,0.0,0.0,0.0,71862008.0,0.0,71862008.0,0.0,0.0,-0.736997,-0.715663,-0.133644,-2.71861,-0.135911,-2.60226,-3.70969,-6.38243,0.735116,0.00191159,0.731289,0.00249886,0.000195124,4.14545e-07,1,1702.5,-0.736997,-0.715663,0.735116,0.00191159,0.731289,0.00249886,0.000195124,4.14545e-07,1,1702.5
iter-3,7,3,16987030.0,0,16987030.0,55151143.0,0.0,3125613487.0,3125613487.0,83932105.0,27095190.0,56836915.0,0.0,27095190.0,-0.736997,-0.715663,-0.133644,-2.71861,-0.135911,-2.60226,-3.70969,-6.38243,0.735116,0.00191159,0.731289,0.00249886,0.000195124,4.14545e-07,1,1702.5,-0.736997,-0.715663,0.735116,0.00191159,0.731289,0.00249886,0.000195124,4.14545e-07,1,1702.5
iter-3,7,4,0.0,0,0.0,80333339.0,0.0,0.0,0.0,82796243.0,0.0,82796243.0,0.0,0.0,-0.736997,-0.715663,-0.133644,-2.71861,-0.135911,-2.60226,-3.70969,-6.38243,0.735116,0.00191159,0.731289,0.00249886,0.000195124,4.14545e-07,1,1702.5,-0.736997,-0.715663,0.735116,0.00191159,0.731289,0.00249886,0.000195124,4.14545e-07,1,1702.5
iter-3,7,5,13633587.0,0,13633587.0,43760253.0,0.0,2508580065.0,2508580065.0,66839484.0,21743295.0,45096189.0,0.0,21743295.0,-0.736997,-0.715663,-0.133644,-2.71861,-0.135911,-2.60226,-3.70969,-6.38243,0.735116,0.00191159,0.731289,0.00249886,0.000195124,4.14545e-07,1,1702.5,-0.736997,-0.715663,0.735116,0.00191159,0.731289,0.00249886,0.000195124,4.14545e-07,1,1702.5
iter-3,7,6,0.0,0,0.0,50937447.0,0.0,0.0,0.0,52496461.0,0.0,52496461.0,0.0,0.0,-0.736997,-0.715663,-0.133644,-2.71861,-0.135911,-2.60226,-3.70969,-6.38243,0.735116,0.00191159,0.731289,0.00249886,0.000195124,4.14545e-07,1,1702.5,-0.736997,-0.715663,0.735116,0.00191159,0.731289,0.00249886,0.000195124,4.14545e-07,1,1702.5
iter-3,9,1,18512797.0,0,18512797.0,43764838.0,0.0,3406354603.0,3406354603.0,74638068.0,29533506.0,45104562.0,0.0,29533506.0,-0.743173,-0.708857,-0.148077,-2.73159,-0.135008,-2.55131,-3.69327,-6.47759,0.711088,0.0018553,0.732811,0.0028099,0.000202644,3.32971e-07,1,1702.56,-0.743173,-0.708857,0.711088,0.0018553,0.732811,0.0028099,0.000202644,3.32971e-07,1,1702.56
iter-3,9,2,0.0,0,0.0,65076424.0,0.0,0.0,0.0,67076130.0,0.0,67076130.0,0.0,0.0,-0.743173,-0.708857,-0.148077,-2.73159,-0.135008,-2.55131,-3.69327,-6.47759,0.711088,0.0018553,0.732811,0.0028099,0.000202644,3.32971e-07,1,1702.56,-0.743173,-0.708857,0.711088,0.0018553,0.732811,0.0028099,0.000202644,3.32971e-07,1,1702.56
iter-3,9,3,17224498.0,0,17224498.0,56183439.0,0.0,3169307595.0,3169307595.0,85375109.0,27474480.0,57900629.0,0.0,27474480.0,-0.743173,-0.708857,-0.148077,-2.73159,-0.135008,-2.55131,-3.69327,-6.47759,0.711088,0.0018553,0.732811,0.0028099,0.000202644,3.32971e-07,1,1702.56,-0.743173,-0.708857,0.711088,0.0018553,0.732811,0.0028099,0.000202644,3.32971e-07,1,1702.56
iter-3,9,4,0.0,0,0.0,79691851.0,0.0,0.0,0.0,82134722.0,0.0,82134722.0,0.0,0.0,-0.743173,-0.708857,-0.148077,-2.73159,-0.135008,-2.55131,-3.69327,-6.47759,0.711088,0.0018553,0.732811,0.0028099,0.000202644,3.32971e-07,1,1702.56,-0.743173,-0.708857,0.711088,0.0018553,0.732811,0.0028099,0.000202644,3.32971e-07,1,1702.56
iter-3,9,5,13786583.0,0,13786583.0,45285144.0,0.0,2536731286.0,2536731286.0,68654418.0,21987187.0,46667231.0,0.0,21987187.0,-0.743173,-0.708857,-0.148077,-2.73159,-0.135008,-2.55131,-3.69327,-6.47759,0.711088,0.0018553,0.732811,0.0028099,0.000202644,3.32971e-07,1,1702.56,-0.743173,-0.708857,0.711088,0.0018553,0.732811,0.0028099,0.000202644,3.32971e-07,1,1702.56
iter-3,9,6,0.0,0,0.0,50321804.0,0.0,0.0,0.0,51862023.0,0.0,51862023.0,0.0,0.0,-0.743173,-0.708857,-0.148077,-2.73159,-0.135008,-2.55131,-3.69327,-6.47759,0.711088,0.0018553,0.732811,0.0028099,0.000202644,3.32971e-07,1,1702.56,-0.743173,-0.708857,0.711088,0.0018553,0.732811,0.0028099,0.000202644,3.32971e-07,1,1702.56
iter-3,0,1,18218137.0,0,18218137.0,44380751.0,0.0,3352137126.0,3352137126.0,74802302.0,29063299.0,45739002.0,0.0,29063299.0,-0.75035,-0.710765,-0.140297,-2.7514,-0.141959,-2.57859,-3.69631,-6.45943,0.72394,0.00177255,0.721175,0.00263885,0.000201228,3.47189e-07,1,1702.52,-0.75035,-0.710765,0.72394,0.00177255,0.721175,0.00263885,0.000201228,3.47189e-07,1,1702.52
iter-3,0,2,0.0,0,0.0,68608836.0,0.0,0.0,0.0,70717427.0,0.0,70717427.0,0.0,0.0,-0.75035,-0.710765,-0.140297,-2.7514,-0.141959,-2.57859,-3.69631,-6.45943,0.72394,0.00177255,0.721175,0.00263885,0.000201228,3.47189e-07,1,1702.52,-0.75035,-0.710765,0.72394,0.00177255,0.721175,0.00263885,0.000201228,3.47189e-07,1,1702.52
iter-3,0,3,17644404.0,0,17644404.0,56396507.0,0.0,3246570301.0,3246570301.0,86264390.0,28144228.0,58120163.0,0.0,28144228.0,-0.75035,-0.710765,-0.140297,-2.7514,-0.141959,-2.57859,-3.69631,-6.45943,0.72394,0.00177255,0.721175,0.00263885,0.000201228,3.47189e-07,1,1702.52,-0.75035,-0.710765,0.72394,0.00177255,0.721175,0.00263885,0.000201228,3.47189e-07,1,1702.52
iter-3,0,4,0.0,0,0.0,80920129.0,0.0,0.0,0.0,83401141.0,0.0,83401141.0,0.0,0.0,-0.75035,-0.710765,-0.140297,-2.7514,-0.141959,-2.57859,-3.69631,-6.45943,0.72394,0.00177255,0.721175,0.00263885,0.000201228,3.47189e-07,1,1702.52,-0.75035,-0.710765,0.72394,0.00177255,0.721175,0.00263885,0.000201228,3.47189e-07,1,1702.52
iter-3,0,5,13907715.0,0,13907715.0,44657232.0,0.0,2559019586.0,2559019586.0,68200821.0,22180562.0,46020260.0,0.0,22180562.0,-0.75035,-0.710765,-0.140297,-2.7514,-0.141959,-2.57859,-3.69631,-6.45943,0.72394,0.00177255,0.721175,0.00263885,0.000201228,3.47189e-07,1,1702.52,-0.75035,-0.710765,0.72394,0.00177255,0.721175,0.00263885,0.000201228,3.47189e-07,1,1702.52
iter-3,0,6,0.0,0,0.0,50064018.0,0.0,0.0,0.0,51596408.0,0.0,51596408.0,0.0,0.0,-0.75035,-0.710765,-0.140297,-2.7514,-0.141959,-2.57859,-3.69631,-6.45943,0.72394,0.00177255,0.721175,0.00263885,0.000201228,3.47189e-07,1,1702.52,-0.75035,-0.710765,0.72394,0.00177255,0.721175,0.00263885,0.000201228,3.47189e-07,1,1702.52
iter-3,5,1,18513691.0,0,18513691.0,41772800.0,0.0,3406519154.0,3406519154.0,72586789.0,29534972.0,43051817.0,0.0,29534972.0,-0.751624,-0.705242,-0.149443,-2.76063,-0.143452,-2.53501,-3.68576,-6.5355,0.708855,0.00173527,0.718701,0.00291739,0.000206178,2.91404e-07,1,1702.57,-0.751624,-0.705242,0.708855,0.00173527,0.718701,0.00291739,0.000206178,2.91404e-07,1,1702.57
iter-3,5,2,0.0,0,0.0,69594104.0,0.0,0.0,0.0,71732891.0,0.0,71732891.0,0.0,0.0,-0.751624,-0.705242,-0.149443,-2.76063,-0.143452,-2.53501,-3.68576,-6.5355,0.708855,0.00173527,0.718701,0.00291739,0.000206178,2.91404e-07,1,1702.57,-0.751624,-0.705242,0.708855,0.00173527,0.718701,0.00291739,0.000206178,2.91404e-07,1,1702.57
iter-3,5,3,17176276.0,0,17176276.0,54330094.0,0.0,3160434696.0,3160434696.0,83388314.0,27397638.0,55990676.0,0.0,27397638.0,-0.751624,-0.705242,-0.149443,-2.76063,-0.143452,-2.53501,-3.68576,-6.5355,0.708855,0.00173527,0.718701,0.00291739,0.000206178,2.91404e-07,1,1702.57,-0.751624,-0.705242,0.708855,0.00173527,0.718701,0.00291739,0.000206178,2.91404e-07,1,1702.57
iter-3,5,4,0.0,0,0.0,80656463.0,0.0,0.0,0.0,83129157.0,0.0,83129157.0,0.0,0.0,-0.751624,-0.705242,-0.149443,-2.76063,-0.143452,-2.53501,-3.68576,-6.5355,0.708855,0.00173527,0.718701,0.00291739,0.000206178,2.91404e-07,1,1702.57,-0.751624,-0.705242,0.708855,0.00173527,0.718701,0.00291739,0.000206178,2.91404e-07,1,1702.57
iter-3,5,5,13843988.0,0,13843988.0,44351368.0,0.0,2547293799.0,2547293799.0,67783964.0,22078812.0,45705152.0,0.0,22078812.0,-0.751624,-0.705242,-0.149443,-2.76063,-0.143452,-2.53501,-3.68576,-6.5355,0.708855,0.00173527,0.718701,0.00291739,0.000206178,2.91404e-07,1,1702.57,-0.751624,-0.705242,0.708855,0.00173527,0.718701,0.00291739,0.000206178,2.91404e-07,1,1702.57
iter-3,5,6,0.0,0,0.0,51286007.0,0.0,0.0,0.0,52855557.0,0.0,52855557.0,0.0,0.0,-0.751624,-0.705242,-0.149443,-2.76063,-0.143452,-2.53501,-3.68576,-6.5355,0.708855,0.00173527,0.718701,0.00291739,0.000206178,2.91404e-07,1,1702.57,-0.751624,-0.705242,0.708855,0.00173527,0.718701,0.00291739,0.000206178,2.91404e-07,1,1702.57
iter-3,8,1,19239263.0,0,19239263.0,45738606.0,0.0,3540024481.0,3540024481.0,77831339.0,30692842.0,47138496.0,0.0,30692842.0,-0.738467,-0.710119,-0.135015,-2.76228,-0.148632,-2.5863,-3.71045,-6.43211,0.732799,0.0017287,0.710179,0.00259241,0.000194782,3.69734e-07,1,1702.49,-0.738467,-0.710119,0.732799,0.0017287,0.710179,0.00259241,0.000194782,3.69734e-07,1,1702.49
iter-3,8,2,0.0,0,0.0,70461987.0,0.0,0.0,0.0,72627104.0,0.0,72627104.0,0.0,0.0,-0.738467,-0.710119,-0.135015,-2.76228,-0.148632,-2.5863,-3.71045,-6.43211,0.732799,0.0017287,0.710179,0.00259241,0.000194782,3.69734e-07,1,1702.49,-0.738467,-0.710119,0.732799,0.0017287,0.710179,0.00259241,0.000194782,3.69734e-07,1,1702.49
iter-3,8,3,17833591.0,0,17833591.0,54242665.0,0.0,3281380741.0,3281380741.0,84346207.0,28445916.0,55900291.0,0.0,28445916.0,-0.738467,-0.710119,-0.135015,-2.76228,-0.148632,-2.5863,-3.71045,-6.43211,0.732799,0.0017287,0.710179,0.00259241,0.000194782,3.69734e-07,1,1702.49,-0.738467,-0.710119,0.732799,0.0017287,0.710179,0.00259241,0.000194782,3.69734e-07,1,1702.49
iter-3,8,4,0.0,0,0.0,82101083.0,0.0,0.0,0.0,84618480.0,0.0,84618480.0,0.0,0.0,-0.738467,-0.710119,-0.135015,-2.76228,-0.148632,-2.5863,-3.71045,-6.43211,0.732799,0.0017287,0.710179,0.00259241,0.000194782,3.69734e-07,1,1702.49,-0.738467,-0.710119,0.732799,0.0017287,0.710179,0.00259241,0.000194782,3.69734e-07,1,1702.49
iter-3,8,5,13760055.0,0,13760055.0,44429382.0,0.0,2531850096.0,2531850096.0,67730102.0,21944845.0,45785256.0,0.0,21944845.0,-0.738467,-0.710119,-0.135015,-2.76228,-0.148632,-2.5863,-3.71045,-6.43211,0.732799,0.0017287,0.710179,0.00259241,0.000194782,3.69734e-07,1,1702.49,-0.738467,-0.710119,0.732799,0.0017287,0.710179,0.00259241,0.000194782,3.69734e-07,1,1702.49
iter-3,8,6,0.0,0,0.0,51557063.0,0.0,0.0,0.0,53135069.0,0.0,53135069.0,0.0,0.0,-0.738467,-0.710119,-0.135015,-2.76228,-0.148632,-2.5863,-3.71045,-6.43211,0.732799,0.0017287,0.710179,0.00259241,0.000194782,3.69734e-07,1,1702.49,-0.738467,-0.710119,0.732799,0.0017287,0.710179,0.00259241,0.000194782,3.69734e-07,1,1702.49
iter-3,1,1,19064237.0,0,19064237.0,44763018.0,0.0,3507819585.0,3507819585.0,76546235.0,30413522.0,46132714.0,0.0,30413522.0,-0.758654,-0.709822,-0.143468,-2.78705,-0.154908,-2.57663,-3.69787,-6.47112,0.718675,0.00163288,0.69999,0.00265076,0.000200509,3.37974e-07,1,1702.52,-0.758654,-0.709822,0.718675,0.00163288,0.69999,0.00265076,0.000200509,3.37974e-07,1,1702.52
iter-3,1,2,0.0,0,0.0,67408894.0,0.0,0.0,0.0,69480547.0,0.0,69480547.0,0.0,0.0,-0.758654,-0.709822,-0.143468,-2.78705,-0.154908,-2.57663,-3.69787,-6.47112,0.718675,0.00163288,0.69999,0.00265076,0.000200509,3.37974e-07,1,1702.52,-0.758654,-0.709822,0.718675,0.00163288,0.69999,0.00265076,0.000200509,3.37974e-07,1,1702.52
iter-3,1,3,17459887.0,0,17459887.0,54360418.0,0.0,3212619143.0,3212619143.0,83872106.0,27850191.0,56021916.0,0.0,27850191.0,-0.758654,-0.709822,-0.143468,-2.78705,-0.154908,-2.57663,-3.69787,-6.47112,0.718675,0.00163288,0.69999,0.00265076,0.000200509,3.37974e-07,1,1702.52,-0.758654,-0.709822,0.718675,0.00163288,0.69999,0.00265076,0.000200509,3.37974e-07,1,1702.52
iter-3,1,4,0.0,0,0.0,79671575.0,0.0,0.0,0.0,82114062.0,0.0,82114062.0,0.0,0.0,-0.758654,-0.709822,-0.143468,-2.78705,-0.154908,-2.57663,-3.69787,-6.47112,0.718675,0.00163288,0.69999,0.00265076,0.000200509,3.37974e-07,1,1702.52,-0.758654,-0.709822,0.718675,0.00163288,0.69999,0.00265076,0.000200509,3.37974e-07,1,1702.52
iter-3,1,5,13980281.0,0,13980281.0,44782073.0,0.0,2572371691.0,2572371691.0,68445568.0,22296263.0,46149305.0,0.0,22296263.0,-0.758654,-0.709822,-0.143468,-2.78705,-0.154908,-2.57663,-3.69787,-6.47112,0.718675,0.00163288,0.69999,0.00265076,0.000200509,3.37974e-07,1,1702.52,-0.758654,-0.709822,0.718675,0.00163288,0.69999,0.00265076,0.000200509,3.37974e-07,1,1702.52
iter-3,1,6,0.0,0,0.0,50292913.0,0.0,0.0,0.0,51832218.0,0.0,51832218.0,0.0,0.0,-0.758654,-0.709822,-0.143468,-2.78705,-0.154908,-2.57663,-3.69787,-6.47112,0.718675,0.00163288,0.69999,0.00265076,0.000200509,3.37974e-07,1,1702.52,-0.758654,-0.709822,0.718675,0.00163288,0.69999,0.00265076,0.000200509,3.37974e-07,1,1702.52
iter-3,2,1,18191132.0,0,18191132.0,43737036.0,0.0,3347168268.0,3347168268.0,74095806.0,29020461.0,45075345.0,0.0,29020461.0,-0.75105,-0.702798,-0.151069,-2.75707,-0.1391,-2.53032,-3.68154,-6.55284,0.706205,0.00174957,0.725938,0.00294901,0.000208188,2.80001e-07,1,1702.57,-0.75105,-0.702798,0.706205,0.00174957,0.725938,0.00294901,0.000208188,2.80001e-07,1,1702.57
iter-3,2,2,0.0,0,0.0,69157309.0,0.0,0.0,0.0,71282417.0,0.0,71282417.0,0.0,0.0,-0.75105,-0.702798,-0.151069,-2.75707,-0.1391,-2.53032,-3.68154,-6.55284,0.706205,0.00174957,0.725938,0.00294901,0.000208188,2.80001e-07,1,1702.57,-0.75105,-0.702798,0.706205,0.00174957,0.725938,0.00294901,0.000208188,2.80001e-07,1,1702.57
iter-3,2,3,17587356.0,0,17587356.0,55946690.0,0.0,3236073590.0,3236073590.0,85709952.0,28053300.0,57656652.0,0.0,28053300.0,-0.75105,-0.702798,-0.151069,-2.75707,-0.1391,-2.53032,-3.68154,-6.55284,0.706205,0.00174957,0.725938,0.00294901,0.000208188,2.80001e-07,1,1702.57,-0.75105,-0.702798,0.706205,0.00174957,0.725938,0.00294901,0.000208188,2.80001e-07,1,1702.57
iter-3,2,4,0.0,0,0.0,80125687.0,0.0,0.0,0.0,82582370.0,0.0,82582370.0,0.0,0.0,-0.75105,-0.702798,-0.151069,-2.75707,-0.1391,-2.53032,-3.68154,-6.55284,0.706205,0.00174957,0.725938,0.00294901,0.000208188,2.80001e-07,1,1702.57,-0.75105,-0.702798,0.706205,0.00174957,0.725938,0.00294901,0.000208188,2.80001e-07,1,1702.57
iter-3,2,5,14210001.0,0,14210001.0,44346708.0,0.0,2614640140.0,2614640140.0,68363040.0,22662734.0,45700305.0,0.0,22662734.0,-0.75105,-0.702798,-0.151069,-2.75707,-0.1391,-2.53032,-3.68154,-6.55284,0.706205,0.00174957,0.725938,0.00294901,0.000208188,2.80001e-07,1,1702.57,-0.75105,-0.702798,0.706205,0.00174957,0.725938,0.00294901,0.000208188,2.80001e-07,1,1702.57
iter-3,2,6,0.0,0,0.0,50716726.0,0.0,0.0,0.0,52269166.0,0.0,52269166.0,0.0,0.0,-0.75105,-0.702798,-0.151069,-2.75707,-0.1391,-2.53032,-3.68154,-6.55284,0.706205,0.00174957,0.725938,0.00294901,0.000208188,2.80001e-07,1,1702.57,-0.75105,-0.702798,0.706205,0.00174957,0.725938,0.00294901,0.000208188,2.80001e-07,1,1702.57
iter-3,6,1,18739233.0,0,18739233.0,44168876.0,0.0,3448018831.0,3448018831.0,75415522.0,29894204.0,45521318.0,0.0,29894204.0,-0.762742,-0.710036,-0.146882,-2.80479,-0.160463,-2.59951,-3.70738,-6.41989,0.713047,0.00156749,0.691094,0.0025147,0.000196163,3.80283e-07,1,1702.48,-0.762742,-0.710036,0.713047,0.00156749,0.691094,0.0025147,0.000196163,3.80283e-07,1,1702.48
iter-3,6,2,0.0,0,0.0,70433244.0,0.0,0.0,0.0,72597897.0,0.0,72597897.0,0.0,0.0,-0.762742,-0.710036,-0.146882,-2.80479,-0.160463,-2.59951,-3.70738,-6.41989,0.713047,0.00156749,0.691094,0.0025147,0.000196163,3.80283e-07,1,1702.48,-0.762742,-0.710036,0.713047,0.00156749,0.691094,0.0025147,0.000196163,3.80283e-07,1,1702.48
iter-3,6,3,17781358.0,0,17781358.0,53637860.0,0.0,3271769865.0,3271769865.0,83639959.0,28362731.0,55277228.0,0.0,28362731.0,-0.762742,-0.710036,-0.146882,-2.80479,-0.160463,-2.59951,-3.70738,-6.41989,0.713047,0.00156749,0.691094,0.0025147,0.000196163,3.80283e-07,1,1702.48,-0.762742,-0.710036,0.713047,0.00156749,0.691094,0.0025147,0.000196163,3.80283e-07,1,1702.48
iter-3,6,4,0.0,0,0.0,83145255.0,0.0,0.0,0.0,85694559.0,0.0,85694559.0,0.0,0.0,-0.762742,-0.710036,-0.146882,-2.80479,-0.160463,-2.59951,-3.70738,-6.41989,0.713047,0.00156749,0.691094,0.0025147,0.000196163,3.80283e-07,1,1702.48,-0.762742,-0.710036,0.713047,0.00156749,0.691094,0.0025147,0.000196163,3.80283e-07,1,1702.48
iter-3,6,5,13911091.0,0,13911091.0,44144690.0,0.0,2559640704.0,2559640704.0,67678543.0,22186251.0,45492292.0,0.0,22186251.0,-0.762742,-0.710036,-0.146882,-2.80479,-0.160463,-2.59951,-3.70738,-6.41989,0.713047,0.00156749,0.691094,0.0025147,0.000196163,3.80283e-07,1,1702.48,-0.762742,-0.710036,0.713047,0.00156749,0.691094,0.0025147,0.000196163,3.80283e-07,1,1702.48
iter-3,6,6,0.0,0,0.0,50532334.0,0.0,0.0,0.0,52079010.0,0.0,52079010.0,0.0,0.0,-0.762742,-0.710036,-0.146882,-2.80479,-0.160463,-2.59951,-3.70738,-6.41989,0.713047,0.00156749,0.691094,0.0025147,0.000196163,3.80283e-07,1,1702.48,-0.762742,-0.710036,0.713047,0.00156749,0.691094,0.0025147,0.000196163,3.80283e-07,1,1702.48
iter-3,4,1,18365242.0,0,18365242.0,43908202.0,0.0,3379204467.0,3379204467.0,74550793.0,29298234.0,45252559.0,0.0,29298234.0,-0.749293,-0.709598,-0.150005,-2.76039,-0.145725,-2.56562,-3.70093,-6.45419,0.707938,0.00173626,0.714949,0.00271884,0.000199099,3.5141e-07,1,1702.54,-0.749293,-0.709598,0.707938,0.00173626,0.714949,0.00271884,0.000199099,3.5141e-07,1,1702.54
iter-3,4,2,0.0,0,0.0,68355628.0,0.0,0.0,0.0,70456271.0,0.0,70456271.0,0.0,0.0,-0.749293,-0.709598,-0.150005,-2.76039,-0.145725,-2.56562,-3.70093,-6.45419,0.707938,0.00173626,0.714949,0.00271884,0.000199099,3.5141e-07,1,1702.54,-0.749293,-0.709598,0.707938,0.00173626,0.714949,0.00271884,0.000199099,3.5141e-07,1,1702.54
iter-3,4,3,17493753.0,0,17493753.0,55101372.0,0.0,3218850480.0,3218850480.0,84689059.0,27903584.0,56785475.0,0.0,27903584.0,-0.749293,-0.709598,-0.150005,-2.76039,-0.145725,-2.56562,-3.70093,-6.45419,0.707938,0.00173626,0.714949,0.00271884,0.000199099,3.5141e-07,1,1702.54,-0.749293,-0.709598,0.707938,0.00173626,0.714949,0.00271884,0.000199099,3.5141e-07,1,1702.54
iter-3,4,4,0.0,0,0.0,80060876.0,0.0,0.0,0.0,82515471.0,0.0,82515471.0,0.0,0.0,-0.749293,-0.709598,-0.150005,-2.76039,-0.145725,-2.56562,-3.70093,-6.45419,0.707938,0.00173626,0.714949,0.00271884,0.000199099,3.5141e-07,1,1702.54,-0.749293,-0.709598,0.707938,0.00173626,0.714949,0.00271884,0.000199099,3.5141e-07,1,1702.54
iter-3,4,5,14122151.0,0,14122151.0,44482813.0,0.0,2598475719.0,2598475719.0,68362937.0,22522552.0,45840384.0,0.0,22522552.0,-0.749293,-0.709598,-0.150005,-2.76039,-0.145725,-2.56562,-3.70093,-6.45419,0.707938,0.00173626,0.714949,0.00271884,0.000199099,3.5141e-07,1,1702.54,-0.749293,-0.709598,0.707938,0.00173626,0.714949,0.00271884,0.000199099,3.5141e-07,1,1702.54
iter-3,4,6,0.0,0,0.0,51081253.0,0.0,0.0,0.0,52644637.0,0.0,52644637.0,0.0,0.0,-0.749293,-0.709598,-0.150005,-2.76039,-0.145725,-2.56562,-3.70093,-6.45419,0.707938,0.00173626,0.714949,0.00271884,0.000199099,3.5141e-07,1,1702.54,-0.749293,-0.709598,0.707938,0.00173626,0.714949,0.00271884,0.000199099,3.5141e-07,1,1702.54
iter-3,3,1,18250431.0,0,18250431.0,43718085.0,0.0,3358079302.0,3358079302.0,74171184.0,29114658.0,45056526.0,0.0,29114658.0,-0.748693,-0.70906,-0.143658,-2.75734,-0.142533,-2.57406,-3.70043,-6.42123,0.71836,0.00174847,0.720223,0.0026665,0.000199327,3.79117e-07,1,1702.48,-0.748693,-0.70906,0.71836,0.00174847,0.720223,0.0026665,0.000199327,3.79117e-07,1,1702.48
iter-3,3,2,0.0,0,0.0,68231046.0,0.0,0.0,0.0,70328119.0,0.0,70328119.0,0.0,0.0,-0.748693,-0.70906,-0.143658,-2.75734,-0.142533,-2.57406,-3.70043,-6.42123,0.71836,0.00174847,0.720223,0.0026665,0.000199327,3.79117e-07,1,1702.48,-0.748693,-0.70906,0.71836,0.00174847,0.720223,0.0026665,0.000199327,3.79117e-07,1,1702.48
iter-3,3,3,17782565.0,0,17782565.0,55853261.0,0.0,3271991906.0,3271991906.0,85925449.0,28365086.0,57560363.0,0.0,28365086.0,-0.748693,-0.70906,-0.143658,-2.75734,-0.142533,-2.57406,-3.70043,-6.42123,0.71836,0.00174847,0.720223,0.0026665,0.000199327,3.79117e-07,1,1702.48,-0.748693,-0.70906,0.71836,0.00174847,0.720223,0.0026665,0.000199327,3.79117e-07,1,1702.48
iter-3,3,4,0.0,0,0.0,80499142.0,0.0,0.0,0.0,82967285.0,0.0,82967285.0,0.0,0.0,-0.748693,-0.70906,-0.143658,-2.75734,-0.142533,-2.57406,-3.70043,-6.42123,0.71836,0.00174847,0.720223,0.0026665,0.000199327,3.79117e-07,1,1702.48,-0.748693,-0.70906,0.71836,0.00174847,0.720223,0.0026665,0.000199327,3.79117e-07,1,1702.48
iter-3,3,5,14133978.0,0,14133978.0,45531476.0,0.0,2600651901.0,2600651901.0,69462772.0,22541445.0,46921327.0,0.0,22541445.0,-0.748693,-0.70906,-0.143658,-2.75734,-0.142533,-2.57406,-3.70043,-6.42123,0.71836,0.00174847,0.720223,0.0026665,0.000199327,3.79117e-07,1,1702.48,-0.748693,-0.70906,0.71836,0.00174847,0.720223,0.0026665,0.000199327,3.79117e-07,1,1702.48
iter-3,3,6,0.0,0,0.0,50883651.0,0.0,0.0,0.0,52440890.0,0.0,52440890.0,0.0,0.0,-0.748693,-0.70906,-0.143658,-2.75734,-0.142533,-2.57406,-3.70043,-6.42123,0.71836,0.00174847,0.720223,0.0026665,0.000199327,3.79117e-07,1,1702.48,-0.748693,-0.70906,0.71836,0.00174847,0.720223,0.0026665,0.000199327,3.79117e-07,1,1702.48
