PRESSURE,WELL,CONKPOS,CONJPOS,WELLMODEL,DEPTH,SGAS,CONBPRES,CONIDX,DRAWDOWN,SWAT,DATE,CONIPOS
300.6733093261719,R_A2,1,30,STANDARD,1641.094970703125,0.0,300.6733093261719,1,0,0.055748213082551956,2018-01-01,22
300.7936096191406,R_A2,2,30,STANDARD,1642.8890380859375,0.0,300.7936096191406,2,0,0.05881066620349884,2018-01-01,22
300.9139099121094,R_A2,3,30,STANDARD,1644.68310546875,0.0,300.9139099121094,3,0,0.06129923462867737,2018-01-01,22
301.0342102050781,R_A2,4,30,STANDARD,1646.4771728515625,0.0,301.0342102050781,4,0,0.06717785447835922,2018-01-01,22
301.1545104980469,R_A2,5,30,STANDARD,1648.2713623046875,0.0,301.1545104980469,5,0,0.13372820615768433,2018-01-01,22
301.27484130859375,R_A2,6,30,STANDARD,1650.0654296875,0.0,301.27484130859375,6,0,0.30576056241989136,2018-01-01,22
301.3951721191406,R_A2,7,30,STANDARD,1651.859619140625,0.0,301.3951721191406,7,0,0.893852174282074,2018-01-01,22
301.5154724121094,R_A2,8,30,STANDARD,1653.6536865234375,0.0,301.5154724121094,8,0,0.6481541991233826,2018-01-01,22
301.63580322265625,R_A2,9,30,STANDARD,1655.44775390625,0.0,301.63580322265625,9,0,0.18723928928375244,2018-01-01,22
301.7561340332031,R_A2,10,30,STANDARD,1657.2418212890625,0.0,301.7561340332031,10,0,0.9045571684837341,2018-01-01,22
301.88323974609375,R_A2,11,30,STANDARD,1659.1368408203125,0.0,301.88323974609375,11,0,0.07894028723239899,2018-01-01,22
302.01708984375,R_A2,12,30,STANDARD,1661.132568359375,0.0,302.01708984375,12,0,0.079011470079422,2018-01-01,22
302.1509704589844,R_A2,13,30,STANDARD,1663.12841796875,0.0,302.1509704589844,13,0,0.45304223895072937,2018-01-01,22
302.28485107421875,R_A2,14,30,STANDARD,1665.1241455078125,0.0,302.28485107421875,14,0,0.5042955279350281,2018-01-01,22
302.4187316894531,R_A2,15,30,STANDARD,1667.1199951171875,0.0,302.4187316894531,15,0,0.6907110214233398,2018-01-01,22
302.5526123046875,R_A2,16,30,STANDARD,1669.11572265625,0.0,302.5526123046875,16,0,0.964935839176178,2018-01-01,22
302.6864929199219,R_A2,17,30,STANDARD,1671.111572265625,0.0,302.6864929199219,17,0,0.9508187174797058,2018-01-01,22
302.8123779296875,R_A2,18,30,STANDARD,1672.9881591796875,0.0,302.8123779296875,18,0,0.983161985874176,2018-01-01,22
302.89569091796875,R_A2,18,29,STANDARD,1674.229736328125,0.0,302.89569091796875,19,0,0.9968782663345337,2018-01-01,22
303.02569580078125,R_A2,27,29,STANDARD,1676.1676025390625,0.0,303.02569580078125,20,0,1.0,2018-01-01,22
303.47802734375,R_A2,28,29,STANDARD,1677.9368896484375,0.0,303.47802734375,21,0,1.0,2018-01-01,22
303.64569091796875,R_A2,29,29,STANDARD,1679.7061767578125,0.0,303.64569091796875,22,0,1.0,2018-01-01,22
303.8133544921875,R_A2,30,29,STANDARD,1681.4754638671875,0.0,303.8133544921875,23,0,1.0,2018-01-01,22
303.98101806640625,R_A2,31,29,STANDARD,1683.2447509765625,0.0,303.98101806640625,24,0,1.0,2018-01-01,22
298.53814697265625,R_A3,1,41,STANDARD,1609.243408203125,0.0,298.53814697265625,1,0,0.6481541991233826,2018-01-01,28
298.676513671875,R_A3,2,41,STANDARD,1611.3077392578125,0.0,298.676513671875,2,0,0.19721345603466034,2018-01-01,28
298.8148498535156,R_A3,3,41,STANDARD,1613.3720703125,0.0,298.8148498535156,3,0,0.15777362883090973,2018-01-01,28
298.9532165527344,R_A3,4,41,STANDARD,1615.4365234375,0.0,298.9532165527344,4,0,0.1718059778213501,2018-01-01,28
299.0915832519531,R_A3,5,41,STANDARD,1617.5008544921875,0.0,299.0915832519531,5,0,0.6481541991233826,2018-01-01,28
299.2299499511719,R_A3,6,41,STANDARD,1619.565185546875,0.0,299.2299499511719,6,0,0.3384052515029907,2018-01-01,28
298.54638671875,R_A3,6,41,STANDARD,1609.3663330078125,0.0,298.54638671875,7,0,0.6481541991233826,2018-01-01,29
298.68377685546875,R_A3,7,41,STANDARD,1611.4163818359375,0.0,298.68377685546875,8,0,0.19685770571231842,2018-01-01,29
298.8211669921875,R_A3,8,41,STANDARD,1613.46630859375,0.0,298.8211669921875,9,0,0.3490063548088074,2018-01-01,29
298.95855712890625,R_A3,9,41,STANDARD,1615.516357421875,0.0,298.95855712890625,10,0,0.8026683926582336,2018-01-01,29
299.095947265625,R_A3,10,41,STANDARD,1617.5662841796875,0.0,299.095947265625,11,0,0.7972224354743958,2018-01-01,29
299.24237060546875,R_A3,11,41,STANDARD,1619.750732421875,0.0,299.24237060546875,12,0,0.04908576235175133,2018-01-01,29
299.3978271484375,R_A3,12,41,STANDARD,1622.0697021484375,0.0,299.3978271484375,13,0,0.054848283529281616,2018-01-01,29
299.5532531738281,R_A3,13,41,STANDARD,1624.388671875,0.0,299.5532531738281,14,0,0.37202560901641846,2018-01-01,29
299.8641662597656,R_A3,15,41,STANDARD,1629.026611328125,0.0,299.8641662597656,15,0,0.4873570203781128,2018-01-01,29
299.992919921875,R_A3,16,41,STANDARD,1630.9468994140625,0.0,299.992919921875,16,0,0.8076774477958679,2018-01-01,29
300.16583251953125,R_A3,27,41,STANDARD,1633.5262451171875,0.0,300.16583251953125,17,0,1.0,2018-01-01,29
300.40966796875,R_A3,28,41,STANDARD,1637.1630859375,0.0,300.40966796875,18,0,0.04337825998663902,2018-01-01,29
300.6535339355469,R_A3,29,41,STANDARD,1640.8001708984375,0.0,300.6535339355469,19,0,0.05151337385177612,2018-01-01,29
300.89739990234375,R_A3,30,41,STANDARD,1644.4371337890625,0.0,300.89739990234375,20,0,1.0,2018-01-01,29
301.14129638671875,R_A3,31,41,STANDARD,1648.0740966796875,0.0,301.14129638671875,21,0,0.06231296807527542,2018-01-01,29
300.009033203125,R_A4,1,52,STANDARD,1631.1873779296875,0.0,300.009033203125,1,0,0.053005583584308624,2018-01-01,30
299.7571105957031,R_A4,1,52,STANDARD,1627.4293212890625,0.0,299.7571105957031,2,0,0.04966719448566437,2018-01-01,31
299.89520263671875,R_A4,2,52,STANDARD,1629.4896240234375,0.0,299.89520263671875,3,0,0.050943583250045776,2018-01-01,31
300.0333251953125,R_A4,3,52,STANDARD,1631.5498046875,0.0,300.0333251953125,4,0,0.05345940962433815,2018-01-01,31
300.17144775390625,R_A4,4,52,STANDARD,1633.610107421875,0.0,300.17144775390625,5,0,0.058497145771980286,2018-01-01,31
300.0901184082031,R_A4,4,52,STANDARD,1632.3968505859375,0.0,300.0901184082031,6,0,0.05785714462399483,2018-01-01,32
300.3236999511719,R_A4,4,51,STANDARD,1635.880615234375,0.0,300.3236999511719,7,0,0.058354947715997696,2018-01-01,32
300.4202575683594,R_A4,4,51,STANDARD,1637.321044921875,0.0,300.4202575683594,8,0,0.0618814118206501,2018-01-01,33
300.29644775390625,R_A4,3,51,STANDARD,1635.474609375,0.0,300.29644775390625,9,0,0.05655122175812721,2018-01-01,33
300.74395751953125,R_A4,4,50,STANDARD,1642.1485595703125,0.0,300.74395751953125,10,0,0.14695020020008087,2018-01-01,33
300.67578125,R_A4,4,50,STANDARD,1641.132080078125,0.0,300.67578125,11,0,0.08094248175621033,2018-01-01,34
300.5467224121094,R_A4,3,50,STANDARD,1639.20703125,0.0,300.5467224121094,12,0,0.12245088070631027,2018-01-01,34
300.66064453125,R_A4,3,50,STANDARD,1640.9061279296875,0.0,300.66064453125,13,0,0.12450994551181793,2018-01-01,35
300.53570556640625,R_A4,2,50,STANDARD,1639.0426025390625,0.0,300.53570556640625,14,0,0.22938384115695953,2018-01-01,35
300.72943115234375,R_A4,2,49,STANDARD,1641.93212890625,0.0,300.72943115234375,15,0,0.23677265644073486,2018-01-01,35
300.7579650878906,R_A4,30,49,STANDARD,1642.357421875,0.0,300.7579650878906,16,0,0.12670636177062988,2018-01-01,36
300.5735168457031,R_A4,30,48,STANDARD,1639.6068115234375,0.0,300.5735168457031,17,0,0.04889002442359924,2018-01-01,36
301.0526123046875,R_A4,30,48,STANDARD,1646.7513427734375,0.0,301.0526123046875,18,0,0.2428145408630371,2018-01-01,37
301.5025939941406,R_A4,30,48,STANDARD,1653.461669921875,0.0,301.5025939941406,19,0,0.3171052634716034,2018-01-01,38
301.7947998046875,R_A4,30,47,STANDARD,1657.8184814453125,0.0,301.7947998046875,20,0,0.6481541991233826,2018-01-01,38
304.1498718261719,R_A5,1,20,STANDARD,1685.026611328125,0.0,304.1498718261719,1,0,1.0,2018-01-01,31
304.0601806640625,R_A5,2,20,STANDARD,1687.3070068359375,0.0,304.0601806640625,2,0,1.0,2018-01-01,31
304.27630615234375,R_A5,3,20,STANDARD,1689.5875244140625,0.0,304.27630615234375,3,0,1.0,2018-01-01,31
304.4924011230469,R_A5,4,20,STANDARD,1691.8680419921875,0.0,304.4924011230469,4,0,1.0,2018-01-01,31
304.7085266113281,R_A5,5,20,STANDARD,1694.1485595703125,0.0,304.7085266113281,5,0,1.0,2018-01-01,31
304.9246520996094,R_A5,6,20,STANDARD,1696.4290771484375,0.0,304.9246520996094,6,0,1.0,2018-01-01,31
305.446533203125,R_A5,7,20,STANDARD,1698.70947265625,0.0,305.446533203125,7,0,1.0,2018-01-01,31
305.66265869140625,R_A5,8,20,STANDARD,1700.989990234375,0.0,305.66265869140625,8,0,1.0,2018-01-01,31
305.8787841796875,R_A5,9,20,STANDARD,1703.2706298828125,0.0,305.8787841796875,9,0,1.0,2018-01-01,31
305.988037109375,R_A5,11,20,STANDARD,1707.6488037109375,0.0,305.988037109375,10,0,1.0,2018-01-01,31
306.1695251464844,R_A5,12,20,STANDARD,1709.5638427734375,0.0,306.1695251464844,11,0,1.0,2018-01-01,31
305.4322814941406,R_A5,12,21,STANDARD,1701.7845458984375,0.0,305.4322814941406,12,0,1.0,2018-01-01,31
305.6291198730469,R_A5,13,21,STANDARD,1703.735107421875,0.0,305.6291198730469,13,0,1.0,2018-01-01,31
305.81396484375,R_A5,14,21,STANDARD,1705.6856689453125,0.0,305.81396484375,14,0,1.0,2018-01-01,31
305.9988098144531,R_A5,15,21,STANDARD,1707.63623046875,0.0,305.9988098144531,15,0,1.0,2018-01-01,31
306.3287048339844,R_A5,16,21,STANDARD,1709.5867919921875,0.0,306.3287048339844,16,0,1.0,2018-01-01,31
306.5135498046875,R_A5,17,21,STANDARD,1711.537353515625,0.0,306.5135498046875,17,0,1.0,2018-01-01,31
306.6856994628906,R_A5,18,21,STANDARD,1713.35400390625,0.0,306.6856994628906,18,0,1.0,2018-01-01,31
306.7843933105469,R_A5,19,21,STANDARD,1714.3951416015625,0.0,306.7843933105469,19,0,1.0,2018-01-01,31
306.75689697265625,R_A5,27,21,STANDARD,1715.7628173828125,0.0,306.75689697265625,20,0,1.0,2018-01-01,31
306.978271484375,R_A5,28,21,STANDARD,1718.098388671875,0.0,306.978271484375,21,0,1.0,2018-01-01,31
307.5054016113281,R_A5,29,21,STANDARD,1720.43408203125,0.0,307.5054016113281,22,0,1.0,2018-01-01,31
307.7267761230469,R_A5,30,21,STANDARD,1722.7696533203125,0.0,307.7267761230469,23,0,1.0,2018-01-01,31
307.9481506347656,R_A5,31,21,STANDARD,1725.105224609375,0.0,307.9481506347656,24,0,1.0,2018-01-01,31
305.11419677734375,R_A6,1,42,STANDARD,1695.20263671875,0.0,305.11419677734375,1,0,1.0,2018-01-01,17
305.2609558105469,R_A6,2,42,STANDARD,1696.7510986328125,0.0,305.2609558105469,2,0,1.0,2018-01-01,17
305.4076843261719,R_A6,3,42,STANDARD,1698.299560546875,0.0,305.4076843261719,3,0,1.0,2018-01-01,17
305.554443359375,R_A6,4,42,STANDARD,1699.84814453125,0.0,305.554443359375,4,0,1.0,2018-01-01,17
305.7012023925781,R_A6,5,42,STANDARD,1701.3966064453125,0.0,305.7012023925781,5,0,1.0,2018-01-01,17
305.84796142578125,R_A6,6,42,STANDARD,1702.9451904296875,0.0,305.84796142578125,6,0,1.0,2018-01-01,17
305.6956481933594,R_A6,7,42,STANDARD,1704.49365234375,0.0,305.6956481933594,7,0,1.0,2018-01-01,17
305.8424072265625,R_A6,8,42,STANDARD,1706.042236328125,0.0,305.8424072265625,8,0,1.0,2018-01-01,17
306.2882080078125,R_A6,9,42,STANDARD,1707.5906982421875,0.0,306.2882080078125,9,0,1.0,2018-01-01,17
306.4349670410156,R_A6,10,42,STANDARD,1709.1392822265625,0.0,306.4349670410156,10,0,1.0,2018-01-01,17
306.3109130859375,R_A6,11,42,STANDARD,1711.055419921875,0.0,306.3109130859375,11,0,1.0,2018-01-01,17
306.52734375,R_A6,12,42,STANDARD,1713.3392333984375,0.0,306.52734375,12,0,1.0,2018-01-01,17
306.7557678222656,R_A6,13,42,STANDARD,1715.623046875,0.0,306.7557678222656,13,0,1.0,2018-01-01,17
306.9721984863281,R_A6,14,42,STANDARD,1717.9068603515625,0.0,306.9721984863281,14,0,1.0,2018-01-01,17
307.18865966796875,R_A6,15,42,STANDARD,1720.190673828125,0.0,307.18865966796875,15,0,1.0,2018-01-01,17
307.55010986328125,R_A6,16,42,STANDARD,1722.474365234375,0.0,307.55010986328125,16,0,1.0,2018-01-01,17
307.7665710449219,R_A6,17,42,STANDARD,1724.7581787109375,0.0,307.7665710449219,17,0,1.0,2018-01-01,17
307.921630859375,R_A6,18,42,STANDARD,1726.394287109375,0.0,307.921630859375,18,0,1.0,2018-01-01,17
307.8930969238281,R_A6,27,42,STANDARD,1727.7508544921875,0.0,307.8930969238281,19,0,1.0,2018-01-01,17
308.3623352050781,R_A6,28,42,STANDARD,1729.4755859375,0.0,308.3623352050781,20,0,1.0,2018-01-01,17
308.52581787109375,R_A6,29,42,STANDARD,1731.2001953125,0.0,308.52581787109375,21,0,1.0,2018-01-01,17
308.68927001953125,R_A6,30,42,STANDARD,1732.9249267578125,0.0,308.68927001953125,22,0,1.0,2018-01-01,17
308.5469665527344,R_A6,31,42,STANDARD,1734.649658203125,0.0,308.5469665527344,23,0,1.0,2018-01-01,17
298.5888977050781,R_A2,1,30,STANDARD,1641.094970703125,0.0,298.5888977050781,1,0,0.055794138461351395,2018-03-01,22
298.7091064453125,R_A2,2,30,STANDARD,1642.8890380859375,0.0,298.7091064453125,2,0,0.058872029185295105,2018-03-01,22
298.8293151855469,R_A2,3,30,STANDARD,1644.68310546875,0.0,298.8293151855469,3,0,0.06157384812831879,2018-03-01,22
298.9495544433594,R_A2,4,30,STANDARD,1646.4771728515625,0.0,298.9495544433594,4,0,0.06770303100347519,2018-03-01,22
299.0699768066406,R_A2,5,30,STANDARD,1648.2713623046875,0.0,299.0699768066406,5,0,0.13471408188343048,2018-03-01,22
299.3365173339844,R_A2,6,30,STANDARD,1650.0654296875,0.0,299.3365173339844,6,0,0.30764007568359375,2018-03-01,22
299.5809020996094,R_A2,7,30,STANDARD,1651.859619140625,0.0,299.5809020996094,7,0,0.887290358543396,2018-03-01,22
299.7490539550781,R_A2,8,30,STANDARD,1653.6536865234375,0.0,299.7490539550781,8,0,0.6483229994773865,2018-03-01,22
299.86932373046875,R_A2,9,30,STANDARD,1655.44775390625,0.0,299.86932373046875,9,0,0.18728314340114594,2018-03-01,22
300.1065673828125,R_A2,10,30,STANDARD,1657.2418212890625,0.0,300.1065673828125,10,0,0.9045079350471497,2018-03-01,22
300.2057189941406,R_A2,11,30,STANDARD,1659.1368408203125,0.0,300.2057189941406,11,0,0.07898864895105362,2018-03-01,22
300.355224609375,R_A2,12,30,STANDARD,1661.132568359375,0.0,300.355224609375,12,0,0.07925797998905182,2018-03-01,22
300.7594299316406,R_A2,13,30,STANDARD,1663.12841796875,0.0,300.7594299316406,13,0,0.4531070291996002,2018-03-01,22
301.05914306640625,R_A2,14,30,STANDARD,1665.1241455078125,0.0,301.05914306640625,14,0,0.5042709708213806,2018-03-01,22
301.1926574707031,R_A2,15,30,STANDARD,1667.1199951171875,0.0,301.1926574707031,15,0,0.6905549764633179,2018-03-01,22
301.324951171875,R_A2,16,30,STANDARD,1669.11572265625,0.0,301.324951171875,16,0,0.9649182558059692,2018-03-01,22
301.45843505859375,R_A2,17,30,STANDARD,1671.111572265625,0.0,301.45843505859375,17,0,0.9508002996444702,2018-03-01,22
301.58416748046875,R_A2,18,30,STANDARD,1672.9881591796875,0.0,301.58416748046875,18,0,0.9831556677818298,2018-03-01,22
301.6521301269531,R_A2,18,29,STANDARD,1674.229736328125,0.0,301.6521301269531,19,0,0.9968770742416382,2018-03-01,22
302.88665771484375,R_A2,27,29,STANDARD,1676.1676025390625,-6.702296425915421e-16,302.88665771484375,20,0,1.0,2018-03-01,22
303.281494140625,R_A2,28,29,STANDARD,1677.9368896484375,-1.2584782749407907e-16,303.281494140625,21,0,1.0,2018-03-01,22
303.1979064941406,R_A2,29,29,STANDARD,1679.7061767578125,-1.0748077830070662e-16,303.1979064941406,22,0,1.0,2018-03-01,22
302.7445373535156,R_A2,30,29,STANDARD,1681.4754638671875,-9.308455338961333e-17,302.7445373535156,23,0,1.0,2018-03-01,22
302.1762390136719,R_A2,31,29,STANDARD,1683.2447509765625,-1.1722135279166565e-16,302.1762390136719,24,0,1.0,2018-03-01,22
271.6146240234375,R_A5,1,20,STANDARD,1685.026611328125,5.111798341746012e-18,271.6146240234375,1,0,1.0,2018-04-28,31
271.52484130859375,R_A5,2,20,STANDARD,1687.3070068359375,-4.980799898805582e-16,271.52484130859375,2,0,1.0,2018-04-28,31
271.74078369140625,R_A5,3,20,STANDARD,1689.5875244140625,-7.597264026446026e-16,271.74078369140625,3,0,1.0,2018-04-28,31
271.9566955566406,R_A5,4,20,STANDARD,1691.8680419921875,-8.676911279257671e-16,271.9566955566406,4,0,1.0,2018-04-28,31
272.1725769042969,R_A5,5,20,STANDARD,1694.1485595703125,-2.962721137961754e-16,272.1725769042969,5,0,1.0,2018-04-28,31
272.38848876953125,R_A5,6,20,STANDARD,1696.4290771484375,-1.5288526475422414e-15,272.38848876953125,6,0,1.0,2018-04-28,31
272.9620666503906,R_A5,7,20,STANDARD,1698.70947265625,-2.0187915920085017e-16,272.9620666503906,7,0,1.0,2018-04-28,31
273.25201416015625,R_A5,8,20,STANDARD,1700.989990234375,-1.2435259993696045e-15,273.25201416015625,8,0,1.0,2018-04-28,31
275.69769287109375,R_A5,9,20,STANDARD,1703.2706298828125,0.0,275.69769287109375,9,0,1.0,2018-04-28,31
277.2788391113281,R_A5,11,20,STANDARD,1707.6488037109375,-1.5524108691253313e-12,277.2788391113281,10,0,1.0,2018-04-28,31
277.5256652832031,R_A5,12,20,STANDARD,1709.5638427734375,-5.477499421917276e-13,277.5256652832031,11,0,1.0,2018-04-28,31
276.23663330078125,R_A5,12,21,STANDARD,1701.7845458984375,-2.1403173677825293e-10,276.23663330078125,12,0,1.0,2018-04-28,31
277.1093444824219,R_A5,13,21,STANDARD,1703.735107421875,0.0,277.1093444824219,13,0,1.0,2018-04-28,31
277.3133239746094,R_A5,14,21,STANDARD,1705.6856689453125,-1.6729184704189493e-10,277.3133239746094,14,0,1.0,2018-04-28,31
277.5097351074219,R_A5,15,21,STANDARD,1707.63623046875,-3.2197491200980366e-11,277.5097351074219,15,0,1.0,2018-04-28,31
277.8977355957031,R_A5,16,21,STANDARD,1709.5867919921875,-8.69043118717494e-12,277.8977355957031,16,0,1.0,2018-04-28,31
278.2136535644531,R_A5,17,21,STANDARD,1711.537353515625,-8.950814915642535e-12,278.2136535644531,17,0,1.0,2018-04-28,31
278.6623229980469,R_A5,18,21,STANDARD,1713.35400390625,-1.6130381752521572e-11,278.6623229980469,18,0,1.0,2018-04-28,31
278.95880126953125,R_A5,19,21,STANDARD,1714.3951416015625,0.0,278.95880126953125,19,0,1.0,2018-04-28,31
279.0243835449219,R_A5,27,21,STANDARD,1715.7628173828125,-1.620138918856373e-11,279.0243835449219,20,0,1.0,2018-04-28,31
279.46136474609375,R_A5,28,21,STANDARD,1718.098388671875,-1.037484768234842e-11,279.46136474609375,21,0,1.0,2018-04-28,31
285.1100158691406,R_A5,29,21,STANDARD,1720.43408203125,-4.813734147770186e-19,285.1100158691406,22,0,1.0,2018-04-28,31
279.35894775390625,R_A5,30,21,STANDARD,1722.7696533203125,-2.6083378078939345e-13,279.35894775390625,23,0,1.0,2018-04-28,31
281.36334228515625,R_A5,31,21,STANDARD,1725.105224609375,-2.6889896879994326e-19,281.36334228515625,24,0,1.0,2018-04-28,31
278.4756774902344,R_A3,1,41,STANDARD,1609.243408203125,0.0,278.4756774902344,1,0,0.649496853351593,2018-07-03,28
278.6102294921875,R_A3,2,41,STANDARD,1611.3077392578125,0.0,278.6102294921875,2,0,0.1976512223482132,2018-07-03,28
278.747802734375,R_A3,3,41,STANDARD,1613.3720703125,0.0,278.747802734375,3,0,0.15820010006427765,2018-07-03,28
278.8854675292969,R_A3,4,41,STANDARD,1615.4365234375,0.0,278.8854675292969,4,0,0.1727714091539383,2018-07-03,28
279.031982421875,R_A3,5,41,STANDARD,1617.5008544921875,0.0,279.031982421875,5,0,0.650219202041626,2018-07-03,28
279.1794128417969,R_A3,6,41,STANDARD,1619.565185546875,0.0,279.1794128417969,6,0,0.3384891152381897,2018-07-03,28
278.4053039550781,R_A3,6,41,STANDARD,1609.3663330078125,0.0,278.4053039550781,7,0,0.649809718132019,2018-07-03,29
278.56756591796875,R_A3,7,41,STANDARD,1611.4163818359375,0.0,278.56756591796875,8,0,0.19830110669136047,2018-07-03,29
278.7051086425781,R_A3,8,41,STANDARD,1613.46630859375,0.0,278.7051086425781,9,0,0.35214686393737793,2018-07-03,29
278.927734375,R_A3,9,41,STANDARD,1615.516357421875,0.0,278.927734375,10,0,0.8015108704566956,2018-07-03,29
280.41259765625,R_A3,10,41,STANDARD,1617.5662841796875,0.0,280.41259765625,11,0,0.7959188222885132,2018-07-03,29
280.76483154296875,R_A3,11,41,STANDARD,1619.750732421875,0.0,280.76483154296875,12,0,0.04922627657651901,2018-07-03,29
280.9195556640625,R_A3,12,41,STANDARD,1622.0697021484375,0.0,280.9195556640625,13,0,0.05498134344816208,2018-07-03,29
281.0744323730469,R_A3,13,41,STANDARD,1624.388671875,0.0,281.0744323730469,14,0,0.372634619474411,2018-07-03,29
283.0856628417969,R_A3,15,41,STANDARD,1629.026611328125,0.0,283.0856628417969,15,0,0.4877808392047882,2018-07-03,29
283.232177734375,R_A3,16,41,STANDARD,1630.9468994140625,0.0,283.232177734375,16,0,0.8067102432250977,2018-07-03,29
287.24578857421875,R_A3,27,41,STANDARD,1633.5262451171875,1.8544170105744273e-12,287.24578857421875,17,0,1.0,2018-07-03,29
283.3580017089844,R_A3,28,41,STANDARD,1637.1630859375,0.0,283.3580017089844,18,0,0.04381305351853371,2018-07-03,29
283.6007080078125,R_A3,29,41,STANDARD,1640.8001708984375,0.0,283.6007080078125,19,0,0.05204376205801964,2018-07-03,29
287.4544372558594,R_A3,30,41,STANDARD,1644.4371337890625,-7.945148879084929e-12,287.4544372558594,20,0,1.0,2018-07-03,29
284.075439453125,R_A3,31,41,STANDARD,1648.0740966796875,0.0,284.075439453125,21,0,0.06269389390945435,2018-07-03,29
276.8186340332031,R_A4,1,52,STANDARD,1631.1873779296875,0.0,276.8186340332031,1,0,0.05310598388314247,2018-09-12,30
276.6089172363281,R_A4,1,52,STANDARD,1627.4293212890625,0.0,276.6089172363281,2,0,0.049767717719078064,2018-09-12,31
276.7462158203125,R_A4,2,52,STANDARD,1629.4896240234375,0.0,276.7462158203125,3,0,0.05104970186948776,2018-09-12,31
276.8835144042969,R_A4,3,52,STANDARD,1631.5498046875,0.0,276.8835144042969,4,0,0.05356062948703766,2018-09-12,31
277.0208435058594,R_A4,4,52,STANDARD,1633.610107421875,0.0,277.0208435058594,5,0,0.058574408292770386,2018-09-12,31
276.9671325683594,R_A4,4,52,STANDARD,1632.3968505859375,0.0,276.9671325683594,6,0,0.05794064700603485,2018-09-12,32
277.17681884765625,R_A4,4,51,STANDARD,1635.880615234375,0.0,277.17681884765625,7,0,0.0584506131708622,2018-09-12,32
277.2913513183594,R_A4,4,51,STANDARD,1637.321044921875,0.0,277.2913513183594,8,0,0.062063779681921005,2018-09-12,33
277.1682434082031,R_A4,3,51,STANDARD,1635.474609375,0.0,277.1682434082031,9,0,0.05664164200425148,2018-09-12,33
277.54461669921875,R_A4,4,50,STANDARD,1642.1485595703125,0.0,277.54461669921875,10,0,0.14827628433704376,2018-09-12,33
277.4831237792969,R_A4,4,50,STANDARD,1641.132080078125,0.0,277.4831237792969,11,0,0.08205773681402206,2018-09-12,34
277.35491943359375,R_A4,3,50,STANDARD,1639.20703125,0.0,277.35491943359375,12,0,0.12334565073251724,2018-09-12,34
277.51702880859375,R_A4,3,50,STANDARD,1640.9061279296875,0.0,277.51702880859375,13,0,0.12482255697250366,2018-09-12,35
277.3930969238281,R_A4,2,50,STANDARD,1639.0426025390625,0.0,277.3930969238281,14,0,0.22969043254852295,2018-09-12,35
277.5032958984375,R_A4,2,49,STANDARD,1641.93212890625,0.0,277.5032958984375,15,0,0.23711815476417542,2018-09-12,35
278.2174072265625,R_A4,30,49,STANDARD,1642.357421875,0.0,278.2174072265625,16,0,0.12618644535541534,2018-09-12,36
277.9371032714844,R_A4,30,48,STANDARD,1639.6068115234375,0.0,277.9371032714844,17,0,0.05683305487036705,2018-09-12,36
278.5583801269531,R_A4,30,48,STANDARD,1646.7513427734375,0.0,278.5583801269531,18,0,0.2291080802679062,2018-09-12,37
279.1798095703125,R_A4,30,48,STANDARD,1653.461669921875,0.0,279.1798095703125,19,0,0.27227726578712463,2018-09-12,38
279.3110046386719,R_A4,30,47,STANDARD,1657.8184814453125,0.0,279.3110046386719,20,0,0.7129040956497192,2018-09-12,38
273.43609619140625,R_A6,1,42,STANDARD,1695.20263671875,5.2254771182021296e-15,273.43609619140625,1,0,1.0,2018-11-07,17
273.5814514160156,R_A6,2,42,STANDARD,1696.7510986328125,3.3212867016769705e-15,273.5814514160156,2,0,1.0,2018-11-07,17
273.7242431640625,R_A6,3,42,STANDARD,1698.299560546875,2.3576442108818284e-15,273.7242431640625,3,0,1.0,2018-11-07,17
273.86358642578125,R_A6,4,42,STANDARD,1699.84814453125,1.936737234006932e-15,273.86358642578125,4,0,1.0,2018-11-07,17
274.0013732910156,R_A6,5,42,STANDARD,1701.3966064453125,5.131411991827171e-15,274.0013732910156,5,0,1.0,2018-11-07,17
274.1418762207031,R_A6,6,42,STANDARD,1702.9451904296875,1.2852014645656912e-13,274.1418762207031,6,0,1.0,2018-11-07,17
273.9857482910156,R_A6,7,42,STANDARD,1704.49365234375,2.461139202592638e-13,273.9857482910156,7,0,1.0,2018-11-07,17
274.1322326660156,R_A6,8,42,STANDARD,1706.042236328125,1.3193864945894307e-13,274.1322326660156,8,0,1.0,2018-11-07,17
274.5787658691406,R_A6,9,42,STANDARD,1707.5906982421875,9.511129676811197e-15,274.5787658691406,9,0,1.0,2018-11-07,17
274.8465270996094,R_A6,10,42,STANDARD,1709.1392822265625,2.5669256704180727e-16,274.8465270996094,10,0,1.0,2018-11-07,17
274.7670593261719,R_A6,11,42,STANDARD,1711.055419921875,-3.856194402966813e-14,274.7670593261719,11,0,1.0,2018-11-07,17
274.9832763671875,R_A6,12,42,STANDARD,1713.3392333984375,-1.7345433967722208e-14,274.9832763671875,12,0,1.0,2018-11-07,17
275.2120056152344,R_A6,13,42,STANDARD,1715.623046875,-1.4011485605791444e-15,275.2120056152344,13,0,1.0,2018-11-07,17
275.429443359375,R_A6,14,42,STANDARD,1717.9068603515625,-1.0216853176266247e-15,275.429443359375,14,0,1.0,2018-11-07,17
275.65887451171875,R_A6,15,42,STANDARD,1720.190673828125,-7.798789046465585e-16,275.65887451171875,15,0,1.0,2018-11-07,17
276.0694274902344,R_A6,16,42,STANDARD,1722.474365234375,-1.5066269000529826e-16,276.0694274902344,16,0,1.0,2018-11-07,17
276.3354797363281,R_A6,17,42,STANDARD,1724.7581787109375,-2.1469524414884057e-16,276.3354797363281,17,0,1.0,2018-11-07,17
276.5084533691406,R_A6,18,42,STANDARD,1726.394287109375,-2.0450729067794345e-16,276.5084533691406,18,0,1.0,2018-11-07,17
276.5406188964844,R_A6,27,42,STANDARD,1727.7508544921875,-1.4538503999858912e-14,276.5406188964844,19,0,1.0,2018-11-07,17
277.1695251464844,R_A6,28,42,STANDARD,1729.4755859375,-7.576402240229863e-15,277.1695251464844,20,0,1.0,2018-11-07,17
277.41143798828125,R_A6,29,42,STANDARD,1731.2001953125,-4.288585410188936e-15,277.41143798828125,21,0,1.0,2018-11-07,17
277.84228515625,R_A6,30,42,STANDARD,1732.9249267578125,-1.4085519045062788e-20,277.84228515625,22,0,1.0,2018-11-07,17
277.1055603027344,R_A6,31,42,STANDARD,1734.649658203125,-3.33180145104683e-16,277.1055603027344,23,0,1.0,2018-11-07,17
