ENSEMBLE,REAL,well,time,pressure,zone,utm_x,utm_y,measured_depth,true_vertical_depth,is_active,inactive_info,i,j,k,valid_zone,zone_is_active,comment,error,observed
iter-0,0,OP_1,2000-02-01,304.103820801,BelowMidReek,462583.164035645,5934068.83473145,2252.21,1619.2658691406302,True,,27,30,8,True,True,RFT pressure OP_1 before well start up,3,303.5
iter-0,0,WI_2,2000-06-01,281.650421143,BelowMidReek,461937.713031616,5935558.31166016,3352.50958854404,1701.74,True,,28,20,9,True,True,RFT pressure WI_2 before well start up,3,304.05
iter-0,0,OP_4,2001-01-01,271.249267578,BelowTopReek,461288.71902832,5933415.00001465,1816.18619601283,1651.68359375,True,,18,29,1,True,True,RFT pressure OP_4 before well start up,3,273.7
iter-0,0,OP_4,2001-01-01,272.836578369,BelowLowReek,461288.68,5933415.03,1840.0,1675.43,True,,18,29,11,True,True,RFT pressure OP_4 before well start up,3,275.0
iter-0,0,OP_5,2001-01-01,266.673980713,BelowTopReek,462749.43698486296,5932898.49999939,1935.93267441157,1610.8291015625,True,,24,37,1,True,True,RFT pressure OP_5 before well start up,3,268.1
iter-0,1,OP_1,2000-02-01,303.961730957,BelowMidReek,462583.164035645,5934068.83473145,2252.21,1619.2658691406302,True,,27,30,8,True,True,RFT pressure OP_1 before well start up,3,303.5
iter-0,1,WI_2,2000-06-01,254.944213867,BelowMidReek,461937.713031616,5935558.31166016,3352.50958854404,1701.74,True,,28,20,9,True,True,RFT pressure WI_2 before well start up,3,304.05
iter-0,1,OP_4,2001-01-01,281.737060547,BelowTopReek,461288.71902832,5933415.00001465,1816.18619601283,1651.68359375,True,,18,29,1,True,True,RFT pressure OP_4 before well start up,3,273.7
iter-0,1,OP_4,2001-01-01,279.82742309599996,BelowLowReek,461288.68,5933415.03,1840.0,1675.43,True,,18,29,11,True,True,RFT pressure OP_4 before well start up,3,275.0
iter-0,1,OP_5,2001-01-01,275.865631104,BelowTopReek,462749.43698486296,5932898.49999939,1935.93267441157,1610.8291015625,True,,24,37,1,True,True,RFT pressure OP_5 before well start up,3,268.1
iter-0,2,OP_1,2000-02-01,303.926422119,BelowMidReek,462583.164035645,5934068.83473145,2252.21,1619.2658691406302,True,,27,30,8,True,True,RFT pressure OP_1 before well start up,3,303.5
iter-0,2,WI_2,2000-06-01,271.07635498,BelowMidReek,461937.713031616,5935558.31166016,3352.50958854404,1701.74,True,,28,20,9,True,True,RFT pressure WI_2 before well start up,3,304.05
iter-0,2,OP_4,2001-01-01,274.020446777,BelowTopReek,461288.71902832,5933415.00001465,1816.18619601283,1651.68359375,True,,18,29,1,True,True,RFT pressure OP_4 before well start up,3,273.7
iter-0,2,OP_4,2001-01-01,275.183929443,BelowLowReek,461288.68,5933415.03,1840.0,1675.43,True,,18,29,11,True,True,RFT pressure OP_4 before well start up,3,275.0
iter-0,2,OP_5,2001-01-01,269.567687988,BelowTopReek,462749.43698486296,5932898.49999939,1935.93267441157,1610.8291015625,True,,24,37,1,True,True,RFT pressure OP_5 before well start up,3,268.1
iter-0,3,OP_1,2000-02-01,303.901153564,BelowMidReek,462583.164035645,5934068.83473145,2252.21,1619.2658691406302,True,,27,30,8,True,True,RFT pressure OP_1 before well start up,3,303.5
iter-0,3,WI_2,2000-06-01,271.578369141,BelowMidReek,461937.713031616,5935558.31166016,3352.50958854404,1701.74,True,,28,20,9,True,True,RFT pressure WI_2 before well start up,3,304.05
iter-0,3,OP_4,2001-01-01,280.473205566,BelowTopReek,461288.71902832,5933415.00001465,1816.18619601283,1651.68359375,True,,18,29,1,True,True,RFT pressure OP_4 before well start up,3,273.7
iter-0,3,OP_4,2001-01-01,279.112884521,BelowLowReek,461288.68,5933415.03,1840.0,1675.43,True,,18,29,11,True,True,RFT pressure OP_4 before well start up,3,275.0
iter-0,3,OP_5,2001-01-01,276.755249023,BelowTopReek,462749.43698486296,5932898.49999939,1935.93267441157,1610.8291015625,True,,24,37,1,True,True,RFT pressure OP_5 before well start up,3,268.1
iter-0,4,OP_1,2000-02-01,304.491271973,BelowMidReek,462583.164035645,5934068.83473145,2252.21,1619.2658691406302,True,,27,30,8,True,True,RFT pressure OP_1 before well start up,3,303.5
iter-0,4,WI_2,2000-06-01,262.630371094,BelowMidReek,461937.713031616,5935558.31166016,3352.50958854404,1701.74,True,,28,20,9,True,True,RFT pressure WI_2 before well start up,3,304.05
iter-0,4,OP_4,2001-01-01,304.562744141,BelowTopReek,461288.71902832,5933415.00001465,1816.18619601283,1651.68359375,True,,18,29,1,True,True,RFT pressure OP_4 before well start up,3,273.7
iter-0,4,OP_4,2001-01-01,265.760375977,BelowLowReek,461288.68,5933415.03,1840.0,1675.43,True,,18,29,11,True,True,RFT pressure OP_4 before well start up,3,275.0
iter-0,4,OP_5,2001-01-01,282.731292725,BelowTopReek,462749.43698486296,5932898.49999939,1935.93267441157,1610.8291015625,True,,24,37,1,True,True,RFT pressure OP_5 before well start up,3,268.1
iter-0,5,OP_1,2000-02-01,304.099487305,BelowMidReek,462583.164035645,5934068.83473145,2252.21,1619.2658691406302,True,,27,30,8,True,True,RFT pressure OP_1 before well start up,3,303.5
iter-0,5,WI_2,2000-06-01,247.496231079,BelowMidReek,461937.713031616,5935558.31166016,3352.50958854404,1701.74,True,,28,20,9,True,True,RFT pressure WI_2 before well start up,3,304.05
iter-0,5,OP_4,2001-01-01,278.757904053,BelowTopReek,461288.71902832,5933415.00001465,1816.18619601283,1651.68359375,True,,18,29,1,True,True,RFT pressure OP_4 before well start up,3,273.7
iter-0,5,OP_4,2001-01-01,280.251464844,BelowLowReek,461288.68,5933415.03,1840.0,1675.43,True,,18,29,11,True,True,RFT pressure OP_4 before well start up,3,275.0
iter-0,5,OP_5,2001-01-01,274.71984863299997,BelowTopReek,462749.43698486296,5932898.49999939,1935.93267441157,1610.8291015625,True,,24,37,1,True,True,RFT pressure OP_5 before well start up,3,268.1
iter-0,6,OP_1,2000-02-01,304.449066162,BelowMidReek,462583.164035645,5934068.83473145,2252.21,1619.2658691406302,True,,27,30,8,True,True,RFT pressure OP_1 before well start up,3,303.5
iter-0,6,WI_2,2000-06-01,273.48913574200003,BelowMidReek,461937.713031616,5935558.31166016,3352.50958854404,1701.74,True,,28,20,9,True,True,RFT pressure WI_2 before well start up,3,304.05
iter-0,6,OP_4,2001-01-01,275.924621582,BelowTopReek,461288.71902832,5933415.00001465,1816.18619601283,1651.68359375,True,,18,29,1,True,True,RFT pressure OP_4 before well start up,3,273.7
iter-0,6,OP_4,2001-01-01,275.22064209,BelowLowReek,461288.68,5933415.03,1840.0,1675.43,True,,18,29,11,True,True,RFT pressure OP_4 before well start up,3,275.0
iter-0,6,OP_5,2001-01-01,270.820373535,BelowTopReek,462749.43698486296,5932898.49999939,1935.93267441157,1610.8291015625,True,,24,37,1,True,True,RFT pressure OP_5 before well start up,3,268.1
iter-0,7,OP_1,2000-02-01,304.170654297,BelowMidReek,462583.164035645,5934068.83473145,2252.21,1619.2658691406302,True,,27,30,8,True,True,RFT pressure OP_1 before well start up,3,303.5
iter-0,7,WI_2,2000-06-01,278.929870605,BelowMidReek,461937.713031616,5935558.31166016,3352.50958854404,1701.74,True,,28,20,9,True,True,RFT pressure WI_2 before well start up,3,304.05
iter-0,7,OP_4,2001-01-01,277.205108643,BelowTopReek,461288.71902832,5933415.00001465,1816.18619601283,1651.68359375,True,,18,29,1,True,True,RFT pressure OP_4 before well start up,3,273.7
iter-0,7,OP_4,2001-01-01,272.635345459,BelowLowReek,461288.68,5933415.03,1840.0,1675.43,True,,18,29,11,True,True,RFT pressure OP_4 before well start up,3,275.0
iter-0,7,OP_5,2001-01-01,269.657684326,BelowTopReek,462749.43698486296,5932898.49999939,1935.93267441157,1610.8291015625,True,,24,37,1,True,True,RFT pressure OP_5 before well start up,3,268.1
iter-0,8,OP_1,2000-02-01,304.21707153299997,BelowMidReek,462583.164035645,5934068.83473145,2252.21,1619.2658691406302,True,,27,30,8,True,True,RFT pressure OP_1 before well start up,3,303.5
iter-0,8,WI_2,2000-06-01,284.936706543,BelowMidReek,461937.713031616,5935558.31166016,3352.50958854404,1701.74,True,,28,20,9,True,True,RFT pressure WI_2 before well start up,3,304.05
iter-0,8,OP_4,2001-01-01,277.939239502,BelowTopReek,461288.71902832,5933415.00001465,1816.18619601283,1651.68359375,True,,18,29,1,True,True,RFT pressure OP_4 before well start up,3,273.7
iter-0,8,OP_4,2001-01-01,278.91140747099996,BelowLowReek,461288.68,5933415.03,1840.0,1675.43,True,,18,29,11,True,True,RFT pressure OP_4 before well start up,3,275.0
iter-0,8,OP_5,2001-01-01,272.420928955,BelowTopReek,462749.43698486296,5932898.49999939,1935.93267441157,1610.8291015625,True,,24,37,1,True,True,RFT pressure OP_5 before well start up,3,268.1
iter-0,9,OP_1,2000-02-01,304.199035645,BelowMidReek,462583.164035645,5934068.83473145,2252.21,1619.2658691406302,True,,27,30,8,True,True,RFT pressure OP_1 before well start up,3,303.5
iter-0,9,WI_2,2000-06-01,278.591400146,BelowMidReek,461937.713031616,5935558.31166016,3352.50958854404,1701.74,True,,28,20,9,True,True,RFT pressure WI_2 before well start up,3,304.05
iter-0,9,OP_4,2001-01-01,278.77584838900003,BelowTopReek,461288.71902832,5933415.00001465,1816.18619601283,1651.68359375,True,,18,29,1,True,True,RFT pressure OP_4 before well start up,3,273.7
iter-0,9,OP_4,2001-01-01,279.97668457,BelowLowReek,461288.68,5933415.03,1840.0,1675.43,True,,18,29,11,True,True,RFT pressure OP_4 before well start up,3,275.0
iter-0,9,OP_5,2001-01-01,274.685150146,BelowTopReek,462749.43698486296,5932898.49999939,1935.93267441157,1610.8291015625,True,,24,37,1,True,True,RFT pressure OP_5 before well start up,3,268.1
iter-1,0,OP_1,2000-02-01,303.958007812,BelowMidReek,462583.164035645,5934068.83473145,2252.21,1619.2658691406302,True,,27,30,8,True,True,RFT pressure OP_1 before well start up,3,303.5
iter-1,0,WI_2,2000-06-01,278.502746582,BelowMidReek,461937.713031616,5935558.31166016,3352.50958854404,1701.74,True,,28,20,9,True,True,RFT pressure WI_2 before well start up,3,304.05
iter-1,0,OP_4,2001-01-01,273.449890137,BelowTopReek,461288.71902832,5933415.00001465,1816.18619601283,1651.68359375,True,,18,29,1,True,True,RFT pressure OP_4 before well start up,3,273.7
iter-1,0,OP_4,2001-01-01,274.331695557,BelowLowReek,461288.68,5933415.03,1840.0,1675.43,True,,18,29,11,True,True,RFT pressure OP_4 before well start up,3,275.0
iter-1,0,OP_5,2001-01-01,269.1769104,BelowTopReek,462749.43698486296,5932898.49999939,1935.93267441157,1610.8291015625,True,,24,37,1,True,True,RFT pressure OP_5 before well start up,3,268.1
iter-1,1,OP_1,2000-02-01,304.180908203,BelowMidReek,462583.164035645,5934068.83473145,2252.21,1619.2658691406302,True,,27,30,8,True,True,RFT pressure OP_1 before well start up,3,303.5
iter-1,1,WI_2,2000-06-01,278.570159912,BelowMidReek,461937.713031616,5935558.31166016,3352.50958854404,1701.74,True,,28,20,9,True,True,RFT pressure WI_2 before well start up,3,304.05
iter-1,1,OP_4,2001-01-01,274.12387085,BelowTopReek,461288.71902832,5933415.00001465,1816.18619601283,1651.68359375,True,,18,29,1,True,True,RFT pressure OP_4 before well start up,3,273.7
iter-1,1,OP_4,2001-01-01,274.115264893,BelowLowReek,461288.68,5933415.03,1840.0,1675.43,True,,18,29,11,True,True,RFT pressure OP_4 before well start up,3,275.0
iter-1,1,OP_5,2001-01-01,267.685333252,BelowTopReek,462749.43698486296,5932898.49999939,1935.93267441157,1610.8291015625,True,,24,37,1,True,True,RFT pressure OP_5 before well start up,3,268.1
iter-1,2,OP_1,2000-02-01,304.146728516,BelowMidReek,462583.164035645,5934068.83473145,2252.21,1619.2658691406302,True,,27,30,8,True,True,RFT pressure OP_1 before well start up,3,303.5
iter-1,2,WI_2,2000-06-01,274.610656738,BelowMidReek,461937.713031616,5935558.31166016,3352.50958854404,1701.74,True,,28,20,9,True,True,RFT pressure WI_2 before well start up,3,304.05
iter-1,2,OP_4,2001-01-01,287.134124756,BelowTopReek,461288.71902832,5933415.00001465,1816.18619601283,1651.68359375,True,,18,29,1,True,True,RFT pressure OP_4 before well start up,3,273.7
iter-1,2,OP_4,2001-01-01,277.97613525400004,BelowLowReek,461288.68,5933415.03,1840.0,1675.43,True,,18,29,11,True,True,RFT pressure OP_4 before well start up,3,275.0
iter-1,2,OP_5,2001-01-01,278.50823974599996,BelowTopReek,462749.43698486296,5932898.49999939,1935.93267441157,1610.8291015625,True,,24,37,1,True,True,RFT pressure OP_5 before well start up,3,268.1
iter-1,3,OP_1,2000-02-01,304.002624512,BelowMidReek,462583.164035645,5934068.83473145,2252.21,1619.2658691406302,True,,27,30,8,True,True,RFT pressure OP_1 before well start up,3,303.5
iter-1,3,WI_2,2000-06-01,271.937561035,BelowMidReek,461937.713031616,5935558.31166016,3352.50958854404,1701.74,True,,28,20,9,True,True,RFT pressure WI_2 before well start up,3,304.05
iter-1,3,OP_4,2001-01-01,281.742736816,BelowTopReek,461288.71902832,5933415.00001465,1816.18619601283,1651.68359375,True,,18,29,1,True,True,RFT pressure OP_4 before well start up,3,273.7
iter-1,3,OP_4,2001-01-01,278.661499023,BelowLowReek,461288.68,5933415.03,1840.0,1675.43,True,,18,29,11,True,True,RFT pressure OP_4 before well start up,3,275.0
iter-1,3,OP_5,2001-01-01,276.715393066,BelowTopReek,462749.43698486296,5932898.49999939,1935.93267441157,1610.8291015625,True,,24,37,1,True,True,RFT pressure OP_5 before well start up,3,268.1
iter-1,4,OP_1,2000-02-01,304.095733643,BelowMidReek,462583.164035645,5934068.83473145,2252.21,1619.2658691406302,True,,27,30,8,True,True,RFT pressure OP_1 before well start up,3,303.5
iter-1,4,WI_2,2000-06-01,273.429901123,BelowMidReek,461937.713031616,5935558.31166016,3352.50958854404,1701.74,True,,28,20,9,True,True,RFT pressure WI_2 before well start up,3,304.05
iter-1,4,OP_4,2001-01-01,281.70275878900003,BelowTopReek,461288.71902832,5933415.00001465,1816.18619601283,1651.68359375,True,,18,29,1,True,True,RFT pressure OP_4 before well start up,3,273.7
iter-1,4,OP_4,2001-01-01,277.498138428,BelowLowReek,461288.68,5933415.03,1840.0,1675.43,True,,18,29,11,True,True,RFT pressure OP_4 before well start up,3,275.0
iter-1,4,OP_5,2001-01-01,274.727996826,BelowTopReek,462749.43698486296,5932898.49999939,1935.93267441157,1610.8291015625,True,,24,37,1,True,True,RFT pressure OP_5 before well start up,3,268.1
iter-1,5,OP_1,2000-02-01,304.020446777,BelowMidReek,462583.164035645,5934068.83473145,2252.21,1619.2658691406302,True,,27,30,8,True,True,RFT pressure OP_1 before well start up,3,303.5
iter-1,5,WI_2,2000-06-01,276.596313477,BelowMidReek,461937.713031616,5935558.31166016,3352.50958854404,1701.74,True,,28,20,9,True,True,RFT pressure WI_2 before well start up,3,304.05
iter-1,5,OP_4,2001-01-01,283.03210449200003,BelowTopReek,461288.71902832,5933415.00001465,1816.18619601283,1651.68359375,True,,18,29,1,True,True,RFT pressure OP_4 before well start up,3,273.7
iter-1,5,OP_4,2001-01-01,277.141662598,BelowLowReek,461288.68,5933415.03,1840.0,1675.43,True,,18,29,11,True,True,RFT pressure OP_4 before well start up,3,275.0
iter-1,5,OP_5,2001-01-01,274.183074951,BelowTopReek,462749.43698486296,5932898.49999939,1935.93267441157,1610.8291015625,True,,24,37,1,True,True,RFT pressure OP_5 before well start up,3,268.1
iter-1,6,OP_1,2000-02-01,304.255065918,BelowMidReek,462583.164035645,5934068.83473145,2252.21,1619.2658691406302,True,,27,30,8,True,True,RFT pressure OP_1 before well start up,3,303.5
iter-1,6,WI_2,2000-06-01,267.685424805,BelowMidReek,461937.713031616,5935558.31166016,3352.50958854404,1701.74,True,,28,20,9,True,True,RFT pressure WI_2 before well start up,3,304.05
iter-1,6,OP_4,2001-01-01,283.330688477,BelowTopReek,461288.71902832,5933415.00001465,1816.18619601283,1651.68359375,True,,18,29,1,True,True,RFT pressure OP_4 before well start up,3,273.7
iter-1,6,OP_4,2001-01-01,278.149414062,BelowLowReek,461288.68,5933415.03,1840.0,1675.43,True,,18,29,11,True,True,RFT pressure OP_4 before well start up,3,275.0
iter-1,6,OP_5,2001-01-01,274.466583252,BelowTopReek,462749.43698486296,5932898.49999939,1935.93267441157,1610.8291015625,True,,24,37,1,True,True,RFT pressure OP_5 before well start up,3,268.1
iter-1,7,OP_1,2000-02-01,304.08630371099997,BelowMidReek,462583.164035645,5934068.83473145,2252.21,1619.2658691406302,True,,27,30,8,True,True,RFT pressure OP_1 before well start up,3,303.5
iter-1,7,WI_2,2000-06-01,272.07839965799997,BelowMidReek,461937.713031616,5935558.31166016,3352.50958854404,1701.74,True,,28,20,9,True,True,RFT pressure WI_2 before well start up,3,304.05
iter-1,7,OP_4,2001-01-01,283.770751953,BelowTopReek,461288.71902832,5933415.00001465,1816.18619601283,1651.68359375,True,,18,29,1,True,True,RFT pressure OP_4 before well start up,3,273.7
iter-1,7,OP_4,2001-01-01,278.152496338,BelowLowReek,461288.68,5933415.03,1840.0,1675.43,True,,18,29,11,True,True,RFT pressure OP_4 before well start up,3,275.0
iter-1,7,OP_5,2001-01-01,276.83441162099996,BelowTopReek,462749.43698486296,5932898.49999939,1935.93267441157,1610.8291015625,True,,24,37,1,True,True,RFT pressure OP_5 before well start up,3,268.1
iter-1,8,OP_1,2000-02-01,304.225006104,BelowMidReek,462583.164035645,5934068.83473145,2252.21,1619.2658691406302,True,,27,30,8,True,True,RFT pressure OP_1 before well start up,3,303.5
iter-1,8,WI_2,2000-06-01,283.129852295,BelowMidReek,461937.713031616,5935558.31166016,3352.50958854404,1701.74,True,,28,20,9,True,True,RFT pressure WI_2 before well start up,3,304.05
iter-1,8,OP_4,2001-01-01,280.383636475,BelowTopReek,461288.71902832,5933415.00001465,1816.18619601283,1651.68359375,True,,18,29,1,True,True,RFT pressure OP_4 before well start up,3,273.7
iter-1,8,OP_4,2001-01-01,276.869659424,BelowLowReek,461288.68,5933415.03,1840.0,1675.43,True,,18,29,11,True,True,RFT pressure OP_4 before well start up,3,275.0
iter-1,8,OP_5,2001-01-01,272.752044678,BelowTopReek,462749.43698486296,5932898.49999939,1935.93267441157,1610.8291015625,True,,24,37,1,True,True,RFT pressure OP_5 before well start up,3,268.1
iter-1,9,OP_1,2000-02-01,304.194335938,BelowMidReek,462583.164035645,5934068.83473145,2252.21,1619.2658691406302,True,,27,30,8,True,True,RFT pressure OP_1 before well start up,3,303.5
iter-1,9,WI_2,2000-06-01,279.666534424,BelowMidReek,461937.713031616,5935558.31166016,3352.50958854404,1701.74,True,,28,20,9,True,True,RFT pressure WI_2 before well start up,3,304.05
iter-1,9,OP_4,2001-01-01,279.915893555,BelowTopReek,461288.71902832,5933415.00001465,1816.18619601283,1651.68359375,True,,18,29,1,True,True,RFT pressure OP_4 before well start up,3,273.7
iter-1,9,OP_4,2001-01-01,274.12609863299997,BelowLowReek,461288.68,5933415.03,1840.0,1675.43,True,,18,29,11,True,True,RFT pressure OP_4 before well start up,3,275.0
iter-1,9,OP_5,2001-01-01,271.611480713,BelowTopReek,462749.43698486296,5932898.49999939,1935.93267441157,1610.8291015625,True,,24,37,1,True,True,RFT pressure OP_5 before well start up,3,268.1
iter-2,0,OP_1,2000-02-01,304.032318115,BelowMidReek,462583.164035645,5934068.83473145,2252.21,1619.2658691406302,True,,27,30,8,True,True,RFT pressure OP_1 before well start up,3,303.5
iter-2,0,WI_2,2000-06-01,274.31048584,BelowMidReek,461937.713031616,5935558.31166016,3352.50958854404,1701.74,True,,28,20,9,True,True,RFT pressure WI_2 before well start up,3,304.05
iter-2,0,OP_4,2001-01-01,282.822784424,BelowTopReek,461288.71902832,5933415.00001465,1816.18619601283,1651.68359375,True,,18,29,1,True,True,RFT pressure OP_4 before well start up,3,273.7
iter-2,0,OP_4,2001-01-01,278.226043701,BelowLowReek,461288.68,5933415.03,1840.0,1675.43,True,,18,29,11,True,True,RFT pressure OP_4 before well start up,3,275.0
iter-2,0,OP_5,2001-01-01,275.271606445,BelowTopReek,462749.43698486296,5932898.49999939,1935.93267441157,1610.8291015625,True,,24,37,1,True,True,RFT pressure OP_5 before well start up,3,268.1
iter-2,1,OP_1,2000-02-01,304.016601562,BelowMidReek,462583.164035645,5934068.83473145,2252.21,1619.2658691406302,True,,27,30,8,True,True,RFT pressure OP_1 before well start up,3,303.5
iter-2,1,WI_2,2000-06-01,278.050720215,BelowMidReek,461937.713031616,5935558.31166016,3352.50958854404,1701.74,True,,28,20,9,True,True,RFT pressure WI_2 before well start up,3,304.05
iter-2,1,OP_4,2001-01-01,280.597991943,BelowTopReek,461288.71902832,5933415.00001465,1816.18619601283,1651.68359375,True,,18,29,1,True,True,RFT pressure OP_4 before well start up,3,273.7
iter-2,1,OP_4,2001-01-01,276.741210938,BelowLowReek,461288.68,5933415.03,1840.0,1675.43,True,,18,29,11,True,True,RFT pressure OP_4 before well start up,3,275.0
iter-2,1,OP_5,2001-01-01,273.820495605,BelowTopReek,462749.43698486296,5932898.49999939,1935.93267441157,1610.8291015625,True,,24,37,1,True,True,RFT pressure OP_5 before well start up,3,268.1
iter-2,2,OP_1,2000-02-01,304.03585815400004,BelowMidReek,462583.164035645,5934068.83473145,2252.21,1619.2658691406302,True,,27,30,8,True,True,RFT pressure OP_1 before well start up,3,303.5
iter-2,2,WI_2,2000-06-01,278.611083984,BelowMidReek,461937.713031616,5935558.31166016,3352.50958854404,1701.74,True,,28,20,9,True,True,RFT pressure WI_2 before well start up,3,304.05
iter-2,2,OP_4,2001-01-01,280.61871337900004,BelowTopReek,461288.71902832,5933415.00001465,1816.18619601283,1651.68359375,True,,18,29,1,True,True,RFT pressure OP_4 before well start up,3,273.7
iter-2,2,OP_4,2001-01-01,277.05822753900003,BelowLowReek,461288.68,5933415.03,1840.0,1675.43,True,,18,29,11,True,True,RFT pressure OP_4 before well start up,3,275.0
iter-2,2,OP_5,2001-01-01,273.411224365,BelowTopReek,462749.43698486296,5932898.49999939,1935.93267441157,1610.8291015625,True,,24,37,1,True,True,RFT pressure OP_5 before well start up,3,268.1
iter-2,3,OP_1,2000-02-01,304.014862061,BelowMidReek,462583.164035645,5934068.83473145,2252.21,1619.2658691406302,True,,27,30,8,True,True,RFT pressure OP_1 before well start up,3,303.5
iter-2,3,WI_2,2000-06-01,277.13253784200003,BelowMidReek,461937.713031616,5935558.31166016,3352.50958854404,1701.74,True,,28,20,9,True,True,RFT pressure WI_2 before well start up,3,304.05
iter-2,3,OP_4,2001-01-01,282.277099609,BelowTopReek,461288.71902832,5933415.00001465,1816.18619601283,1651.68359375,True,,18,29,1,True,True,RFT pressure OP_4 before well start up,3,273.7
iter-2,3,OP_4,2001-01-01,276.956512451,BelowLowReek,461288.68,5933415.03,1840.0,1675.43,True,,18,29,11,True,True,RFT pressure OP_4 before well start up,3,275.0
iter-2,3,OP_5,2001-01-01,274.108093262,BelowTopReek,462749.43698486296,5932898.49999939,1935.93267441157,1610.8291015625,True,,24,37,1,True,True,RFT pressure OP_5 before well start up,3,268.1
iter-2,4,OP_1,2000-02-01,303.99914550799997,BelowMidReek,462583.164035645,5934068.83473145,2252.21,1619.2658691406302,True,,27,30,8,True,True,RFT pressure OP_1 before well start up,3,303.5
iter-2,4,WI_2,2000-06-01,275.339874268,BelowMidReek,461937.713031616,5935558.31166016,3352.50958854404,1701.74,True,,28,20,9,True,True,RFT pressure WI_2 before well start up,3,304.05
iter-2,4,OP_4,2001-01-01,280.73449707,BelowTopReek,461288.71902832,5933415.00001465,1816.18619601283,1651.68359375,True,,18,29,1,True,True,RFT pressure OP_4 before well start up,3,273.7
iter-2,4,OP_4,2001-01-01,277.00231933599997,BelowLowReek,461288.68,5933415.03,1840.0,1675.43,True,,18,29,11,True,True,RFT pressure OP_4 before well start up,3,275.0
iter-2,4,OP_5,2001-01-01,273.757629395,BelowTopReek,462749.43698486296,5932898.49999939,1935.93267441157,1610.8291015625,True,,24,37,1,True,True,RFT pressure OP_5 before well start up,3,268.1
iter-2,5,OP_1,2000-02-01,304.018920898,BelowMidReek,462583.164035645,5934068.83473145,2252.21,1619.2658691406302,True,,27,30,8,True,True,RFT pressure OP_1 before well start up,3,303.5
iter-2,5,WI_2,2000-06-01,276.00238037099996,BelowMidReek,461937.713031616,5935558.31166016,3352.50958854404,1701.74,True,,28,20,9,True,True,RFT pressure WI_2 before well start up,3,304.05
iter-2,5,OP_4,2001-01-01,282.224060059,BelowTopReek,461288.71902832,5933415.00001465,1816.18619601283,1651.68359375,True,,18,29,1,True,True,RFT pressure OP_4 before well start up,3,273.7
iter-2,5,OP_4,2001-01-01,277.491210938,BelowLowReek,461288.68,5933415.03,1840.0,1675.43,True,,18,29,11,True,True,RFT pressure OP_4 before well start up,3,275.0
iter-2,5,OP_5,2001-01-01,274.131652832,BelowTopReek,462749.43698486296,5932898.49999939,1935.93267441157,1610.8291015625,True,,24,37,1,True,True,RFT pressure OP_5 before well start up,3,268.1
iter-2,6,OP_1,2000-02-01,304.038269043,BelowMidReek,462583.164035645,5934068.83473145,2252.21,1619.2658691406302,True,,27,30,8,True,True,RFT pressure OP_1 before well start up,3,303.5
iter-2,6,WI_2,2000-06-01,278.479644775,BelowMidReek,461937.713031616,5935558.31166016,3352.50958854404,1701.74,True,,28,20,9,True,True,RFT pressure WI_2 before well start up,3,304.05
iter-2,6,OP_4,2001-01-01,281.882324219,BelowTopReek,461288.71902832,5933415.00001465,1816.18619601283,1651.68359375,True,,18,29,1,True,True,RFT pressure OP_4 before well start up,3,273.7
iter-2,6,OP_4,2001-01-01,277.728424072,BelowLowReek,461288.68,5933415.03,1840.0,1675.43,True,,18,29,11,True,True,RFT pressure OP_4 before well start up,3,275.0
iter-2,6,OP_5,2001-01-01,274.948425293,BelowTopReek,462749.43698486296,5932898.49999939,1935.93267441157,1610.8291015625,True,,24,37,1,True,True,RFT pressure OP_5 before well start up,3,268.1
iter-2,7,OP_1,2000-02-01,304.032989502,BelowMidReek,462583.164035645,5934068.83473145,2252.21,1619.2658691406302,True,,27,30,8,True,True,RFT pressure OP_1 before well start up,3,303.5
iter-2,7,WI_2,2000-06-01,275.709472656,BelowMidReek,461937.713031616,5935558.31166016,3352.50958854404,1701.74,True,,28,20,9,True,True,RFT pressure WI_2 before well start up,3,304.05
iter-2,7,OP_4,2001-01-01,280.965179443,BelowTopReek,461288.71902832,5933415.00001465,1816.18619601283,1651.68359375,True,,18,29,1,True,True,RFT pressure OP_4 before well start up,3,273.7
iter-2,7,OP_4,2001-01-01,277.10546875,BelowLowReek,461288.68,5933415.03,1840.0,1675.43,True,,18,29,11,True,True,RFT pressure OP_4 before well start up,3,275.0
iter-2,7,OP_5,2001-01-01,273.758026123,BelowTopReek,462749.43698486296,5932898.49999939,1935.93267441157,1610.8291015625,True,,24,37,1,True,True,RFT pressure OP_5 before well start up,3,268.1
iter-2,8,OP_1,2000-02-01,304.008361816,BelowMidReek,462583.164035645,5934068.83473145,2252.21,1619.2658691406302,True,,27,30,8,True,True,RFT pressure OP_1 before well start up,3,303.5
iter-2,8,WI_2,2000-06-01,275.738311768,BelowMidReek,461937.713031616,5935558.31166016,3352.50958854404,1701.74,True,,28,20,9,True,True,RFT pressure WI_2 before well start up,3,304.05
iter-2,8,OP_4,2001-01-01,280.32800293,BelowTopReek,461288.71902832,5933415.00001465,1816.18619601283,1651.68359375,True,,18,29,1,True,True,RFT pressure OP_4 before well start up,3,273.7
iter-2,8,OP_4,2001-01-01,277.744750977,BelowLowReek,461288.68,5933415.03,1840.0,1675.43,True,,18,29,11,True,True,RFT pressure OP_4 before well start up,3,275.0
iter-2,8,OP_5,2001-01-01,274.38391113299997,BelowTopReek,462749.43698486296,5932898.49999939,1935.93267441157,1610.8291015625,True,,24,37,1,True,True,RFT pressure OP_5 before well start up,3,268.1
iter-2,9,OP_1,2000-02-01,304.020050049,BelowMidReek,462583.164035645,5934068.83473145,2252.21,1619.2658691406302,True,,27,30,8,True,True,RFT pressure OP_1 before well start up,3,303.5
iter-2,9,WI_2,2000-06-01,276.015319824,BelowMidReek,461937.713031616,5935558.31166016,3352.50958854404,1701.74,True,,28,20,9,True,True,RFT pressure WI_2 before well start up,3,304.05
iter-2,9,OP_4,2001-01-01,281.907073975,BelowTopReek,461288.71902832,5933415.00001465,1816.18619601283,1651.68359375,True,,18,29,1,True,True,RFT pressure OP_4 before well start up,3,273.7
iter-2,9,OP_4,2001-01-01,276.681854248,BelowLowReek,461288.68,5933415.03,1840.0,1675.43,True,,18,29,11,True,True,RFT pressure OP_4 before well start up,3,275.0
iter-2,9,OP_5,2001-01-01,274.270812988,BelowTopReek,462749.43698486296,5932898.49999939,1935.93267441157,1610.8291015625,True,,24,37,1,True,True,RFT pressure OP_5 before well start up,3,268.1
iter-3,0,OP_1,2000-02-01,304.017059326,BelowMidReek,462583.164035645,5934068.83473145,2252.21,1619.2658691406302,True,,27,30,8,True,True,RFT pressure OP_1 before well start up,3,303.5
iter-3,0,WI_2,2000-06-01,275.233398438,BelowMidReek,461937.713031616,5935558.31166016,3352.50958854404,1701.74,True,,28,20,9,True,True,RFT pressure WI_2 before well start up,3,304.05
iter-3,0,OP_4,2001-01-01,283.000762939,BelowTopReek,461288.71902832,5933415.00001465,1816.18619601283,1651.68359375,True,,18,29,1,True,True,RFT pressure OP_4 before well start up,3,273.7
iter-3,0,OP_4,2001-01-01,278.323303223,BelowLowReek,461288.68,5933415.03,1840.0,1675.43,True,,18,29,11,True,True,RFT pressure OP_4 before well start up,3,275.0
iter-3,0,OP_5,2001-01-01,275.516418457,BelowTopReek,462749.43698486296,5932898.49999939,1935.93267441157,1610.8291015625,True,,24,37,1,True,True,RFT pressure OP_5 before well start up,3,268.1
iter-3,1,OP_1,2000-02-01,304.015136719,BelowMidReek,462583.164035645,5934068.83473145,2252.21,1619.2658691406302,True,,27,30,8,True,True,RFT pressure OP_1 before well start up,3,303.5
iter-3,1,WI_2,2000-06-01,278.252471924,BelowMidReek,461937.713031616,5935558.31166016,3352.50958854404,1701.74,True,,28,20,9,True,True,RFT pressure WI_2 before well start up,3,304.05
iter-3,1,OP_4,2001-01-01,281.429992676,BelowTopReek,461288.71902832,5933415.00001465,1816.18619601283,1651.68359375,True,,18,29,1,True,True,RFT pressure OP_4 before well start up,3,273.7
iter-3,1,OP_4,2001-01-01,277.02664184599996,BelowLowReek,461288.68,5933415.03,1840.0,1675.43,True,,18,29,11,True,True,RFT pressure OP_4 before well start up,3,275.0
iter-3,1,OP_5,2001-01-01,274.248718262,BelowTopReek,462749.43698486296,5932898.49999939,1935.93267441157,1610.8291015625,True,,24,37,1,True,True,RFT pressure OP_5 before well start up,3,268.1
iter-3,2,OP_1,2000-02-01,304.021697998,BelowMidReek,462583.164035645,5934068.83473145,2252.21,1619.2658691406302,True,,27,30,8,True,True,RFT pressure OP_1 before well start up,3,303.5
iter-3,2,WI_2,2000-06-01,277.264251709,BelowMidReek,461937.713031616,5935558.31166016,3352.50958854404,1701.74,True,,28,20,9,True,True,RFT pressure WI_2 before well start up,3,304.05
iter-3,2,OP_4,2001-01-01,282.283996582,BelowTopReek,461288.71902832,5933415.00001465,1816.18619601283,1651.68359375,True,,18,29,1,True,True,RFT pressure OP_4 before well start up,3,273.7
iter-3,2,OP_4,2001-01-01,278.211120605,BelowLowReek,461288.68,5933415.03,1840.0,1675.43,True,,18,29,11,True,True,RFT pressure OP_4 before well start up,3,275.0
iter-3,2,OP_5,2001-01-01,274.87310791,BelowTopReek,462749.43698486296,5932898.49999939,1935.93267441157,1610.8291015625,True,,24,37,1,True,True,RFT pressure OP_5 before well start up,3,268.1
iter-3,3,OP_1,2000-02-01,304.019561768,BelowMidReek,462583.164035645,5934068.83473145,2252.21,1619.2658691406302,True,,27,30,8,True,True,RFT pressure OP_1 before well start up,3,303.5
iter-3,3,WI_2,2000-06-01,276.63848877,BelowMidReek,461937.713031616,5935558.31166016,3352.50958854404,1701.74,True,,28,20,9,True,True,RFT pressure WI_2 before well start up,3,304.05
iter-3,3,OP_4,2001-01-01,282.990478516,BelowTopReek,461288.71902832,5933415.00001465,1816.18619601283,1651.68359375,True,,18,29,1,True,True,RFT pressure OP_4 before well start up,3,273.7
iter-3,3,OP_4,2001-01-01,277.778717041,BelowLowReek,461288.68,5933415.03,1840.0,1675.43,True,,18,29,11,True,True,RFT pressure OP_4 before well start up,3,275.0
iter-3,3,OP_5,2001-01-01,274.825622559,BelowTopReek,462749.43698486296,5932898.49999939,1935.93267441157,1610.8291015625,True,,24,37,1,True,True,RFT pressure OP_5 before well start up,3,268.1
iter-3,4,OP_1,2000-02-01,304.017883301,BelowMidReek,462583.164035645,5934068.83473145,2252.21,1619.2658691406302,True,,27,30,8,True,True,RFT pressure OP_1 before well start up,3,303.5
iter-3,4,WI_2,2000-06-01,274.745452881,BelowMidReek,461937.713031616,5935558.31166016,3352.50958854404,1701.74,True,,28,20,9,True,True,RFT pressure WI_2 before well start up,3,304.05
iter-3,4,OP_4,2001-01-01,281.57687377900004,BelowTopReek,461288.71902832,5933415.00001465,1816.18619601283,1651.68359375,True,,18,29,1,True,True,RFT pressure OP_4 before well start up,3,273.7
iter-3,4,OP_4,2001-01-01,277.59027099599996,BelowLowReek,461288.68,5933415.03,1840.0,1675.43,True,,18,29,11,True,True,RFT pressure OP_4 before well start up,3,275.0
iter-3,4,OP_5,2001-01-01,274.533416748,BelowTopReek,462749.43698486296,5932898.49999939,1935.93267441157,1610.8291015625,True,,24,37,1,True,True,RFT pressure OP_5 before well start up,3,268.1
iter-3,5,OP_1,2000-02-01,304.0184021,BelowMidReek,462583.164035645,5934068.83473145,2252.21,1619.2658691406302,True,,27,30,8,True,True,RFT pressure OP_1 before well start up,3,303.5
iter-3,5,WI_2,2000-06-01,274.946136475,BelowMidReek,461937.713031616,5935558.31166016,3352.50958854404,1701.74,True,,28,20,9,True,True,RFT pressure WI_2 before well start up,3,304.05
iter-3,5,OP_4,2001-01-01,283.33493042,BelowTopReek,461288.71902832,5933415.00001465,1816.18619601283,1651.68359375,True,,18,29,1,True,True,RFT pressure OP_4 before well start up,3,273.7
iter-3,5,OP_4,2001-01-01,278.022216797,BelowLowReek,461288.68,5933415.03,1840.0,1675.43,True,,18,29,11,True,True,RFT pressure OP_4 before well start up,3,275.0
iter-3,5,OP_5,2001-01-01,274.823272705,BelowTopReek,462749.43698486296,5932898.49999939,1935.93267441157,1610.8291015625,True,,24,37,1,True,True,RFT pressure OP_5 before well start up,3,268.1
iter-3,6,OP_1,2000-02-01,304.010772705,BelowMidReek,462583.164035645,5934068.83473145,2252.21,1619.2658691406302,True,,27,30,8,True,True,RFT pressure OP_1 before well start up,3,303.5
iter-3,6,WI_2,2000-06-01,278.08102417,BelowMidReek,461937.713031616,5935558.31166016,3352.50958854404,1701.74,True,,28,20,9,True,True,RFT pressure WI_2 before well start up,3,304.05
iter-3,6,OP_4,2001-01-01,282.361328125,BelowTopReek,461288.71902832,5933415.00001465,1816.18619601283,1651.68359375,True,,18,29,1,True,True,RFT pressure OP_4 before well start up,3,273.7
iter-3,6,OP_4,2001-01-01,278.641265869,BelowLowReek,461288.68,5933415.03,1840.0,1675.43,True,,18,29,11,True,True,RFT pressure OP_4 before well start up,3,275.0
iter-3,6,OP_5,2001-01-01,275.606872559,BelowTopReek,462749.43698486296,5932898.49999939,1935.93267441157,1610.8291015625,True,,24,37,1,True,True,RFT pressure OP_5 before well start up,3,268.1
iter-3,7,OP_1,2000-02-01,304.015106201,BelowMidReek,462583.164035645,5934068.83473145,2252.21,1619.2658691406302,True,,27,30,8,True,True,RFT pressure OP_1 before well start up,3,303.5
iter-3,7,WI_2,2000-06-01,273.924316406,BelowMidReek,461937.713031616,5935558.31166016,3352.50958854404,1701.74,True,,28,20,9,True,True,RFT pressure WI_2 before well start up,3,304.05
iter-3,7,OP_4,2001-01-01,282.57687377900004,BelowTopReek,461288.71902832,5933415.00001465,1816.18619601283,1651.68359375,True,,18,29,1,True,True,RFT pressure OP_4 before well start up,3,273.7
iter-3,7,OP_4,2001-01-01,278.174133301,BelowLowReek,461288.68,5933415.03,1840.0,1675.43,True,,18,29,11,True,True,RFT pressure OP_4 before well start up,3,275.0
iter-3,7,OP_5,2001-01-01,275.205108643,BelowTopReek,462749.43698486296,5932898.49999939,1935.93267441157,1610.8291015625,True,,24,37,1,True,True,RFT pressure OP_5 before well start up,3,268.1
iter-3,8,OP_1,2000-02-01,304.010498047,BelowMidReek,462583.164035645,5934068.83473145,2252.21,1619.2658691406302,True,,27,30,8,True,True,RFT pressure OP_1 before well start up,3,303.5
iter-3,8,WI_2,2000-06-01,274.960205078,BelowMidReek,461937.713031616,5935558.31166016,3352.50958854404,1701.74,True,,28,20,9,True,True,RFT pressure WI_2 before well start up,3,304.05
iter-3,8,OP_4,2001-01-01,282.161346436,BelowTopReek,461288.71902832,5933415.00001465,1816.18619601283,1651.68359375,True,,18,29,1,True,True,RFT pressure OP_4 before well start up,3,273.7
iter-3,8,OP_4,2001-01-01,278.66555786099997,BelowLowReek,461288.68,5933415.03,1840.0,1675.43,True,,18,29,11,True,True,RFT pressure OP_4 before well start up,3,275.0
iter-3,8,OP_5,2001-01-01,275.58605957,BelowTopReek,462749.43698486296,5932898.49999939,1935.93267441157,1610.8291015625,True,,24,37,1,True,True,RFT pressure OP_5 before well start up,3,268.1
iter-3,9,OP_1,2000-02-01,304.021179199,BelowMidReek,462583.164035645,5934068.83473145,2252.21,1619.2658691406302,True,,27,30,8,True,True,RFT pressure OP_1 before well start up,3,303.5
iter-3,9,WI_2,2000-06-01,274.423278809,BelowMidReek,461937.713031616,5935558.31166016,3352.50958854404,1701.74,True,,28,20,9,True,True,RFT pressure WI_2 before well start up,3,304.05
iter-3,9,OP_4,2001-01-01,283.145294189,BelowTopReek,461288.71902832,5933415.00001465,1816.18619601283,1651.68359375,True,,18,29,1,True,True,RFT pressure OP_4 before well start up,3,273.7
iter-3,9,OP_4,2001-01-01,277.824127197,BelowLowReek,461288.68,5933415.03,1840.0,1675.43,True,,18,29,11,True,True,RFT pressure OP_4 before well start up,3,275.0
iter-3,9,OP_5,2001-01-01,275.291900635,BelowTopReek,462749.43698486296,5932898.49999939,1935.93267441157,1610.8291015625,True,,24,37,1,True,True,RFT pressure OP_5 before well start up,3,268.1
