X_UTME,Y_UTMN,Z_TVDSS,POLY_ID
460601.29638671875,5935653.51171875,1668.90869140625,0
460597.18603515625,5935597.057373047,1663.8216552734375,0
460595.20263671875,5935561.517333984,1661.0936279296875,0
460593.81005859375,5935536.984619141,1659.209716796875,0
460591.2548828125,5935511.686279297,1657.225830078125,0
460591.1533203125,5935510.317626953,1657.119873046875,0
460588.98974609375,5935416.251220703,1653.76025390625,0
460587.6005859375,5935368.066162109,1652.0350341796875,0
460585.63330078125,5935329.569824219,1649.958740234375,0
460581.59375,5935269.389160156,1646.6494140625,0
460576.79296875,5935226.664794922,1644.1732177734375,0
460564.177734375,5935168.0078125,1640.3778076171875,0
460549.54296875,5935077.403076172,1638.4884033203125,0
460549.1318359375,5935075.3447265625,1638.44189453125,0
460548.69873046875,5935073.504638672,1638.3973388671875,0
460535.4892578125,5934995.635498047,1636.74462890625,0
460526.01806640625,5934938.8740234375,1635.653564453125,0
460520.10498046875,5934843.707763672,1634.3006591796875,0
460519.9326171875,5934834.9541015625,1634.1939697265625,0
460522.1416015625,5934793.807861328,1635.6781005859375,0
460526.7255859375,5934771.078125,1636.57568359375,0
460533.79931640625,5934723.000488281,1638.41357421875,0
460539.03955078125,5934636.255371094,1641.555908203125,0
460540.25439453125,5934616.148681641,1642.2843017578125,0
460531.2998046875,5934520.102294922,1645.4224853515625,0
460527.41015625,5934474.180175781,1647.134765625,0
460527.18408203125,5934472.737060547,1647.132568359375,0
460523.93408203125,5934441.6513671875,1647.135009765625,0
460523.62548828125,5934439.748046875,1647.1317138671875,0
460512.41015625,5934353.677490234,1648.5574951171875,0
460504.5517578125,5934304.088623047,1649.3114013671875,0
460502.8720703125,5934291.90625,1649.5086669921875,0
460505.1220703125,5934165.257080078,1652.5152587890625,0
460505.19873046875,5934159.890869141,1652.6417236328125,0
460505.09521484375,5934154.995849609,1652.7486572265625,0
460508.5224609375,5934127.536621094,1653.54296875,0
460528.1328125,5934026.130371094,1662.30712890625,0
460528.68896484375,5934016.241333008,1663.1400146484375,0
460536.66748046875,5933947.115478516,1669.02783203125,0
460537.0751953125,5933906.99206543,1672.37744140625,0
460536.9921875,5933903.091064453,1672.578369140625,0
460535.5673828125,5933890.617553711,1673.236328125,0
460520.43994140625,5933799.6123046875,1678.09912109375,0
460511.7119140625,5933769.060913086,1679.780029296875,0
460504.37255859375,5933742.135498047,1681.6546630859375,0
460494.015625,5933712.565307617,1683.759765625,0
460487.09521484375,5933691.615600586,1685.2427978515625,0
460478.9150390625,5933659.2822265625,1687.4810791015625,0
460472.30615234375,5933634.570922852,1688.8507080078125,0
460452.3271484375,5933563.956420898,1692.7596435546875,0
460452.34814453125,5933563.842407227,1692.8187255859375,0
460442.7294921875,5933529.912597656,1694.677490234375,0
460426.43896484375,5933457.9951171875,1698.636962890625,0
460426.29345703125,5933457.124755859,1698.7357177734375,0
460407.70166015625,5933343.832275391,1711.5789794921875,0
460404.6708984375,5933325.366577148,1713.6722412109375,0
460383.2470703125,5933225.075683594,1725.1597900390625,0
460382.30615234375,5933220.525390625,1725.6802978515625,0
460379.04736328125,5933205.829223633,1727.137939453125,0
460364.64111328125,5933134.3486328125,1734.167724609375,0
460352.6630859375,5933091.60168457,1735.0062255859375,0
460345.98486328125,5933062.8857421875,1735.5648193359375,0
460344.8955078125,5933057.895996094,1735.735595703125,0
460323.28173828125,5932958.143005371,1739.1444091796875,0
460324.59716796875,5932958.065612793,1740.5284423828125,0
460347.20068359375,5933058.89465332,1737.86767578125,0
460348.19970703125,5933062.96875,1737.848876953125,0
460354.72998046875,5933089.426269531,1737.7276611328125,0
460367.556640625,5933132.786010742,1737.5535888671875,0
460385.67138671875,5933208.519897461,1732.9591064453125,0
460386.138671875,5933210.319946289,1732.849365234375,0
460388.62841796875,5933219.628295898,1732.28076171875,0
460390.9912109375,5933228.461425781,1731.7410888671875,0
460417.5693359375,5933324.888916016,1726.6307373046875,0
460439.37744140625,5933421.360229492,1721.637451171875,0
460445.453125,5933447.8046875,1720.2662353515625,0
460461.2998046875,5933517.5947265625,1716.4615478515625,0
460464.08349609375,5933529.856201172,1715.7930908203125,0
460490.1806640625,5933622.299560547,1710.6190185546875,0
460507.4365234375,5933685.100463867,1706.63671875,0
460508.669921875,5933689.849975586,1706.33837890625,0
460509.251953125,5933691.583374023,1706.224365234375,0
460510.1123046875,5933694.006225586,1706.06298828125,0
460528.4814453125,5933760.073852539,1701.864990234375,0
460543.30322265625,5933811.55090332,1699.1632080078125,0
460551.291015625,5933858.267211914,1696.897705078125,0
460559.43603515625,5933926.385864258,1693.714111328125,0
460559.466796875,5933927.452026367,1693.66748046875,0
460559.92919921875,5933947.657592773,1692.6600341796875,0
460557.5498046875,5933978.22277832,1691.2227783203125,0
460556.24462890625,5934050.295166016,1687.71240234375,0
460548.17236328125,5934106.286865234,1685.1839599609375,0
460547.2734375,5934114.4091796875,1685.04541015625,0
460549.044921875,5934183.5927734375,1683.756103515625,0
460548.58447265625,5934250.313720703,1682.537841796875,0
460549.7783203125,5934259.2958984375,1682.3592529296875,0
460556.5166015625,5934310.323730469,1681.3453369140625,0
460569.2138671875,5934394.574462891,1679.65283203125,0
460569.36376953125,5934395.142089844,1679.6407470703125,0
460579.716796875,5934438.450927734,1678.17236328125,0
460581.5751953125,5934445.151123047,1677.9361572265625,0
460590.4931640625,5934468.423583984,1678.34765625,0
460597.2939453125,5934507.062255859,1679.1104736328125,0
460615.12890625,5934612.388183594,1680.8802490234375,0
460617.0703125,5934631.617431641,1681.212158203125,0
460616.248046875,5934649.114746094,1681.531494140625,0
460606.9326171875,5934750.640625,1683.4150390625,0
460606.59423828125,5934757.095458984,1683.5330810546875,0
460604.953125,5934772.7060546875,1683.8240966796875,0
460603.232421875,5934790.311279297,1684.1513671875,0
460599.55224609375,5934839.7783203125,1685.676513671875,0
460598.80908203125,5934848.019042969,1685.9305419921875,0
460603.93798828125,5934932.592285156,1688.5404052734375,0
460606.4599609375,5934998.5546875,1690.57568359375,0
460607.0341796875,5935003.330810547,1690.72314453125,0
460620.83056640625,5935071.832275391,1692.8392333984375,0
460621.14697265625,5935073.904785156,1692.9031982421875,0
460630.615234375,5935132.402099609,1695.1171875,0
460633.27734375,5935151.0947265625,1695.5504150390625,0
460640.70166015625,5935193.7392578125,1696.51904296875,0
460651.74365234375,5935248.51171875,1698.76123046875,0
460652.1416015625,5935284.069824219,1700.066650390625,0
460655.27490234375,5935420.754150391,1705.1204833984375,0
460654.72900390625,5935464.628417969,1706.7083740234375,0
460655.279296875,5935475.9501953125,1707.1334228515625,0
460656.34765625,5935523.419677734,1707.951904296875,0
460654.31494140625,5935627.147705078,1709.689453125,0
460653.8681640625,5935648.850097656,1710.052734375,0
460653.8662109375,5935650.134765625,1710.0933837890625,0
460644.349609375,5935776.2041015625,1714.1126708984375,0
460644.0673828125,5935780.951171875,1714.263916015625,0
460641.36181640625,5935794.6044921875,1714.7021484375,0
460631.22216796875,5935845.609130859,1716.3394775390625,0
460623.81591796875,5935881.1337890625,1717.177001953125,0
460598.0498046875,5935955.048828125,1718.9912109375,0
460581.3837890625,5935993.988037109,1719.9683837890625,0
460542.32421875,5936071.979248047,1721.9649658203125,0
460535.24072265625,5936085.5,1722.313232421875,0
460525.34814453125,5936103.919921875,1722.5924072265625,0
460472.626953125,5936182.069824219,1723.7808837890625,0
460429.9599609375,5936246.451660156,1724.7596435546875,0
460401.6171875,5936287.731933594,1725.3875732421875,0
460389.19580078125,5936305.8232421875,1725.662841796875,0
460365.62548828125,5936344.716796875,1726.2532958984375,0
460339.359375,5936388.5302734375,1727.114501953125,0
460338.2197265625,5936387.1162109375,1725.723876953125,0
460360.1318359375,5936347.6611328125,1723.7545166015625,0
460381.2890625,5936306.165527344,1720.3890380859375,0
460425.47705078125,5936231.482910156,1714.374755859375,0
460454.1962890625,5936181.0859375,1710.3084716796875,0
460485.98681640625,5936126.4482421875,1705.9046630859375,0
460513.76806640625,5936078.700683594,1702.0562744140625,0
460514.259765625,5936077.841064453,1701.9869384765625,0
460514.46484375,5936077.504150391,1701.9598388671875,0
460517.8720703125,5936069.629638672,1701.31689453125,0
460562.76708984375,5935969.9658203125,1694.6796875,0
460563.51025390625,5935967.8251953125,1694.533447265625,0
460564.53271484375,5935965.03515625,1694.34375,0
460591.43359375,5935875.474121094,1688.15478515625,0
460593.17724609375,5935865.998535156,1687.4815673828125,0
460595.333984375,5935853.185791016,1686.4022216796875,0
460602.91552734375,5935798.184814453,1681.72802734375,0
460602.4072265625,5935744.036376953,1676.932373046875,0
460602.85009765625,5935674.850341797,1670.8314208984375,0
460601.29638671875,5935653.51171875,1668.90869140625,0
459513.02490234375,5935696.5,1703.591064453125,1
459514.380859375,5935705.458740234,1704.240478515625,1
459515.97900390625,5935716.020019531,1705.006103515625,1
459518.72509765625,5935728.299072266,1705.8592529296875,1
459524.74658203125,5935758.917724609,1708.5748291015625,1
459534.697265625,5935804.007324219,1711.8037109375,1
459543.92431640625,5935842.5908203125,1714.5211181640625,1
459582.212890625,5935948.93359375,1721.1898193359375,1
459593.970703125,5935980.772216797,1723.1676025390625,1
459608.640625,5936023.328369141,1725.8779296875,1
459612.50390625,5936034.805908203,1726.6148681640625,1
459646.57177734375,5936147.029296875,1736.50732421875,1
459648.74609375,5936163.149902344,1738.0745849609375,1
459657.20556640625,5936225.859863281,1744.1715087890625,1
459665.99072265625,5936306.030761719,1752.0750732421875,1
459667.8564453125,5936321.895996094,1753.63232421875,1
459671.65234375,5936359.873046875,1757.955078125,1
459672.93603515625,5936366.392089844,1758.1353759765625,1
459678.2841796875,5936392.551269531,1758.8477783203125,1
459694.12158203125,5936468.377441406,1760.6158447265625,1
459691.11865234375,5936467.7177734375,1763.1290283203125,1
459673.357421875,5936388.048828125,1762.26123046875,1
459669.4228515625,5936370.258300781,1762.0391845703125,1
459667.662109375,5936362.011230469,1761.9324951171875,1
459663.50146484375,5936340.933105469,1761.3572998046875,1
459662.93359375,5936338.056640625,1761.2786865234375,1
459652.568359375,5936287.234863281,1760.1883544921875,1
459640.02490234375,5936223.5615234375,1758.793212890625,1
459629.38330078125,5936175.707519531,1757.823974609375,1
459578.537109375,5936053.009765625,1756.875732421875,1
459572.42578125,5936037.110107422,1756.4066162109375,1
459560.26904296875,5936004.0927734375,1755.4022216796875,1
459555.416015625,5935991.937988281,1755.0537109375,1
459497.490234375,5935848.396240234,1750.9735107421875,1
459497.4296875,5935848.248046875,1750.969970703125,1
459486.888671875,5935810.850341797,1749.7772216796875,1
459472.0810546875,5935753.297119141,1747.853515625,1
459462.654296875,5935718.802490234,1747.153564453125,1
459449.81787109375,5935638.744628906,1744.9150390625,1
459439.2978515625,5935579.628173828,1744.1396484375,1
459437.70458984375,5935572.962158203,1744.0738525390625,1
459437.27392578125,5935569.025878906,1744.0079345703125,1
459428.90087890625,5935419.672607422,1741.0841064453125,1
459428.869140625,5935419.2705078125,1741.08251953125,1
459428.423828125,5935409.175292969,1741.021240234375,1
459442.912109375,5935283.052246094,1739.0443115234375,1
459446.185546875,5935261.410644531,1738.657470703125,1
459454.4736328125,5935236.119628906,1737.9359130859375,1
459486.39697265625,5935127.122802734,1735.055419921875,1
459494.84521484375,5935105.121337891,1733.216796875,1
459523.87548828125,5935050.363769531,1727.8778076171875,1
459542.21630859375,5935002.177001953,1723.866455078125,1
459555.35205078125,5934966.858642578,1721.1759033203125,1
459580.9189453125,5934897.919921875,1715.93115234375,1
459623.65966796875,5934809.198974609,1708.202880859375,1
459648.6337890625,5934752.151855469,1703.4830322265625,1
459656.1279296875,5934737.167236328,1702.150390625,1
459668.1494140625,5934715.2255859375,1699.2459716796875,1
459725.5810546875,5934617.724853516,1685.846435546875,1
459771.25732421875,5934548.028564453,1675.69921875,1
459801.33154296875,5934506.542480469,1669.3040771484375,1
459802.30712890625,5934505.094238281,1669.146240234375,1
459848.3388671875,5934439.596191406,1661.7060546875,1
459866.52294921875,5934414.327636719,1658.76953125,1
459879.45654296875,5934396.1875,1656.68017578125,1
459906.7763671875,5934350.282958984,1656.0767822265625,1
459983.39599609375,5934213.861572266,1654.767822265625,1
459983.6630859375,5934213.3720703125,1654.763916015625,1
459983.87841796875,5934213.393798828,1654.5716552734375,1
459985.66845703125,5934214.211181641,1652.721435546875,1
459992.6728515625,5934217.408447266,1645.48095703125,1
459980.1083984375,5934241.051513672,1644.561279296875,1
459922.22021484375,5934356.012207031,1639.83056640625,1
459893.72900390625,5934409.228759766,1637.7774658203125,1
459885.56494140625,5934423.534423828,1637.6627197265625,1
459882.60693359375,5934428.7177734375,1637.6212158203125,1
459872.76806640625,5934446.052246094,1637.47705078125,1
459855.01513671875,5934477.771972656,1637.188720703125,1
459815.36279296875,5934540.722167969,1640.4534912109375,1
459812.0234375,5934546.013916016,1640.728271484375,1
459811.54541015625,5934546.80078125,1640.76806640625,1
459769.79736328125,5934623.597167969,1644.395751953125,1
459745.3720703125,5934668.528076172,1646.5181884765625,1
459739.4736328125,5934680.588623047,1647.0526123046875,1
459697.23486328125,5934774.728515625,1651.0205078125,1
459688.76513671875,5934793.221435547,1651.956298828125,1
459670.43408203125,5934839.02734375,1654.1185302734375,1
459645.25732421875,5934920.193359375,1657.521240234375,1
459634.5927734375,5934952.669677734,1658.9173583984375,1
459625.64208984375,5934978.197021484,1660.49267578125,1
459610.4375,5935038.994628906,1663.95556640625,1
459603.98876953125,5935058.307861328,1665.132080078125,1
459593.73291015625,5935116.260498047,1668.2330322265625,1
459564.9638671875,5935198.912597656,1673.3232421875,1
459560.0302734375,5935213.546875,1674.121337890625,1
459543.91259765625,5935310.104248047,1678.685791015625,1
459526.8134765625,5935367.197753906,1681.7076416015625,1
459521.962890625,5935381.414794922,1682.7767333984375,1
459518.080078125,5935398.077636719,1683.97705078125,1
459508.99169921875,5935458.868408203,1688.2080078125,1
459508.54443359375,5935500.951171875,1690.9661865234375,1
459505.52978515625,5935569.757568359,1695.5426025390625,1
459505.263671875,5935625.7998046875,1699.2059326171875,1
459510.56591796875,5935681.935546875,1702.7127685546875,1
459513.02490234375,5935696.5,1703.591064453125,1
461037.1760253906,5937411.976074219,1815.780029296875,2
461050.576171875,5937391.998046875,1814.67919921875,2
461079.27490234375,5937349.213378906,1812.321533203125,2
461112.9460449219,5937310.8505859375,1810.7584228515625,2
461156.0266113281,5937264.59375,1809.0457763671875,2
461193.1484375,5937231.7080078125,1808.27880859375,2
461208.4919433594,5937216.1865234375,1806.652099609375,2
461234.484375,5937190.625488281,1803.9986572265625,2
461308.3269042969,5937133.169433594,1798.572998046875,2
461331.4489746094,5937114.207519531,1796.1290283203125,2
461375.48046875,5937076.588378906,1791.2808837890625,2
461400.71240234375,5937056.3642578125,1788.6741943359375,2
461409.46142578125,5937048.762207031,1787.6944580078125,2
461418.92529296875,5937036.595214844,1783.65576171875,2
461422.892578125,5937031.09765625,1781.66259765625,2
461497.8486328125,5936965.080566406,1772.5972900390625,2
461510.2922363281,5936955.755371094,1772.3275146484375,2
461612.6447753906,5936868.08984375,1768.9849853515625,2
461641.0615234375,5936845.9912109375,1768.2864990234375,2
461735.7023925781,5936750.8251953125,1763.751220703125,2
461741.8708496094,5936742.688964844,1763.257568359375,2
461758.29296875,5936720.0751953125,1761.4102783203125,2
461784.0754394531,5936681.5732421875,1758.2447509765625,2
461819.6745605469,5936635.744628906,1757.7469482421875,2
461843.2985839844,5936606.222167969,1757.88671875,2
461843.6911621094,5936605.668457031,1757.8876953125,2
461844.1628417969,5936604.699707031,1757.882080078125,2
461917.1652832031,5936461.9248046875,1757.180908203125,2
461936.8605957031,5936419.812011719,1756.9127197265625,2
461958.3444824219,5936373.874511719,1756.6202392578125,2
461976.056640625,5936335.2373046875,1756.3621826171875,2
461983.6623535156,5936318.898925781,1756.2569580078125,2
461990.537109375,5936302.86328125,1755.663330078125,2
462044.6291503906,5936182.535644531,1751.2440185546875,2
462055.4602050781,5936152.61328125,1750.10791015625,2
462067.40234375,5936119.986328125,1748.970947265625,2
462101.0754394531,5936034.810546875,1746.0325927734375,2
462104.99462890625,5936020.262939453,1745.5086669921875,2
462124.2082519531,5935950.548339844,1743.0029296875,2
462131.94482421875,5935909.345947266,1741.4783935546875,2
462143.337890625,5935811.741455078,1732.883056640625,2
462158.81884765625,5935745.308105469,1726.805908203125,2
462160.1181640625,5935739.757568359,1726.2979736328125,2
462183.0095214844,5935631.478759766,1714.8782958984375,2
462189.5812988281,5935584.682861328,1710.01123046875,2
462210.7697753906,5935521.426025391,1703.1793212890625,2
462230.19482421875,5935456.392089844,1696.2041015625,2
462230.9020996094,5935454.7216796875,1696.0205078125,2
462242.88427734375,5935427.893798828,1693.392333984375,2
462281.4326171875,5935331.697265625,1684.0234375,2
462294.9091796875,5935310.752441406,1681.919677734375,2
462319.52685546875,5935274.274658203,1678.8021240234375,2
462400.0412597656,5935176.090087891,1670.048095703125,2
462427.041015625,5935147.183105469,1667.3870849609375,2
462459.1306152344,5935118.218261719,1664.5924072265625,2
462459.5002441406,5935117.875732422,1664.5550537109375,2
462485.0036621094,5935088.374755859,1661.537841796875,2
462590.4919433594,5934966.352783203,1649.0577392578125,2
462601.4462890625,5934953.5908203125,1647.7548828125,2
462618.61376953125,5934934.1484375,1646.0360107421875,2
462660.14794921875,5934885.7978515625,1641.7689208984375,2
462727.36962890625,5934818.274902344,1635.7491455078125,2
462754.0363769531,5934794.925537109,1635.5340576171875,2
462762.28955078125,5934788.6162109375,1635.5069580078125,2
462775.2028808594,5934780.616943359,1635.5450439453125,2
462881.8395996094,5934709.415771484,1635.638427734375,2
462946.00244140625,5934676.934326172,1636.14013671875,2
462958.6151123047,5934669.19140625,1636.1802978515625,2
463013.6647949219,5934633.1181640625,1636.2579345703125,2
463052.67224121094,5934606.457763672,1635.6182861328125,2
463065.06115722656,5934595.980957031,1635.341552734375,2
463072.60510253906,5934588.686767578,1635.1395263671875,2
463100.08435058594,5934563.315185547,1635.1031494140625,2
463143.65673828125,5934514.083984375,1634.8326416015625,2
463165.5007324219,5934487.408447266,1634.6497802734375,2
463170.08154296875,5934481.812255859,1634.6104736328125,2
463180.63220214844,5934468.5703125,1634.5113525390625,2
463190.8311767578,5934452.810791016,1634.3447265625,2
463222.3884277344,5934405.169677734,1633.85595703125,2
463247.2385253906,5934363.772949219,1633.3780517578125,2
463283.0524902344,5934296.1220703125,1632.498046875,2
463305.59631347656,5934256.53515625,1632.015869140625,2
463325.23986816406,5934224.7392578125,1632.702880859375,2
463341.3828125,5934195.465087891,1633.258056640625,2
463349.8776855469,5934182.235595703,1633.556640625,2
463426.1014404297,5934067.421630859,1636.2481689453125,2
463434.96154785156,5934055.008056641,1636.5638427734375,2
463447.8933105469,5934039.357055664,1637.0318603515625,2
463519.5720214844,5933955.5146484375,1639.6351318359375,2
463540.5791015625,5933936.109008789,1640.41357421875,2
463545.9685058594,5933931.12878418,1640.6126708984375,2
463556.39611816406,5933921.148803711,1640.8370361328125,2
463588.7392578125,5933889.811645508,1641.3543701171875,2
463592.20263671875,5933885.8525390625,1641.3956298828125,2
463614.62561035156,5933861.840942383,1641.7003173828125,2
463669.45544433594,5933799.909423828,1642.36962890625,2
463674.8389892578,5933792.265380859,1642.3984375,2
463725.43103027344,5933719.031982422,1642.6363525390625,2
463732.17150878906,5933709.2919921875,1642.66845703125,2
463760.69580078125,5933656.87890625,1642.5401611328125,2
463776.86669921875,5933623.838745117,1642.388916015625,2
463785.82580566406,5933605.252197266,1642.2984619140625,2
463812.06872558594,5933555.860229492,1643.75146484375,2
463841.92248535156,5933492.555297852,1645.3914794921875,2
463857.5847167969,5933462.65612793,1646.2578125,2
463892.7208251953,5933409.75769043,1648.22705078125,2
463916.79333496094,5933371.234863281,1649.5721435546875,2
463938.04235839844,5933334.562011719,1649.8033447265625,2
464002.5723876953,5933263.304199219,1652.0869140625,2
464005.15997314453,5933260.621704102,1652.1854248046875,2
464032.1563720703,5933232.107910156,1652.9388427734375,2
464081.1271972656,5933194.344970703,1654.9224853515625,2
464091.46545410156,5933185.632202148,1654.855224609375,2
464132.375,5933156.69909668,1654.734619140625,2
464179.4577636719,5933122.845825195,1654.581298828125,2
464222.6207885742,5933100.401611328,1654.6658935546875,2
464294.7609863281,5933065.84765625,1654.885009765625,2
464362.6911010742,5933042.268310547,1655.3262939453125,2
464400.1117553711,5933027.469360352,1654.08642578125,2
464432.8779296875,5933013.5173950195,1652.945556640625,2
464452.61920166016,5933007.570861816,1652.394775390625,2
464472.80993652344,5933002.542053223,1652.684814453125,2
464633.039642334,5932952.244262695,1654.274169921875,2
464787.62327575684,5932904.502563477,1655.8612060546875,2
464799.7844543457,5932900.6123046875,1655.86767578125,2
464803.20568847656,5932899.718688965,1656.046142578125,2
464815.1200866699,5932896.680725098,1656.733642578125,2
464835.5739593506,5932890.857788086,1657.89013671875,2
464849.084274292,5932886.642089844,1658.6395263671875,2
464932.1126937866,5932858.538696289,1663.159912109375,2
465018.3035373688,5932829.364746094,1667.8524169921875,2
465060.0249443054,5932815.242736816,1670.1239013671875,2
465057.76497268677,5932827.238342285,1680.1761474609375,2
464877.4543762207,5932900.4295043945,1681.37646484375,2
464833.5881958008,5932916.931030273,1681.5736083984375,2
464825.25119018555,5932919.831787109,1681.593994140625,2
464789.3732910156,5932934.769958496,1683.97216796875,2
464739.1630554199,5932954.669067383,1686.3612060546875,2
464704.7464904785,5932967.437744141,1687.89208984375,2
464650.4802246094,5932987.570556641,1690.3056640625,2
464590.5220031738,5933010.150268555,1693.0135498046875,2
464555.48974609375,5933023.76751709,1694.968994140625,2
464474.3765258789,5933056.775390625,1699.5860595703125,2
464447.7418823242,5933067.549926758,1701.09814453125,2
464432.3104248047,5933074.242431641,1702.0015869140625,2
464410.1607055664,5933082.810668945,1702.439697265625,2
464407.96875,5933083.64050293,1702.481689453125,2
464326.59033203125,5933109.665893555,1700.1146240234375,2
464304.17150878906,5933120.088745117,1699.5833740234375,2
464222.39587402344,5933157.0302734375,1697.605712890625,2
464215.83782958984,5933161.126098633,1697.4892578125,2
464170.9761352539,5933191.686157227,1696.786865234375,2
464105.91192626953,5933235.908691406,1695.7646484375,2
464093.56365966797,5933245.993286133,1695.6334228515625,2
464050.9963378906,5933293.260009766,1695.6461181640625,2
464046.4793701172,5933298.377197266,1695.699951171875,2
464040.5866088867,5933304.890258789,1695.68603515625,2
464015.3353881836,5933333.404785156,1695.9410400390625,2
464006.9328613281,5933342.719970703,1696.0179443359375,2
464006.05017089844,5933343.843017578,1696.0325927734375,2
464004.984375,5933345.388061523,1696.0589599609375,2
463981.73779296875,5933386.143676758,1696.9532470703125,2
463931.17138671875,5933474.797485352,1698.8985595703125,2
463915.6201171875,5933507.167724609,1699.72900390625,2
463896.26123046875,5933542.60559082,1700.5419921875,2
463844.49841308594,5933658.864013672,1703.6932373046875,2
463843.263671875,5933661.589477539,1703.750244140625,2
463811.83142089844,5933717.63659668,1704.649658203125,2
463790.2081298828,5933756.251708984,1705.270751953125,2
463781.59411621094,5933769.083740234,1705.4127197265625,2
463769.21057128906,5933787.5634765625,1705.6182861328125,2
463748.13134765625,5933818.392211914,1705.9422607421875,2
463699.57653808594,5933889.442260742,1706.7066650390625,2
463687.3625488281,5933903.598022461,1706.7440185546875,2
463624.7977294922,5933975.255981445,1706.899658203125,2
463616.9708251953,5933983.841064453,1706.9033203125,2
463610.84716796875,5933990.411499023,1706.900146484375,2
463562.7194824219,5934034.045410156,1702.555908203125,2
463517.20751953125,5934079.592529297,1698.4315185546875,2
463485.9443359375,5934115.469238281,1695.580810546875,2
463455.85107421875,5934151.696777344,1693.6268310546875,2
463403.66442871094,5934226.105712891,1690.046630859375,2
463355.5692138672,5934302.1982421875,1686.6229248046875,2
463330.7371826172,5934342.716552734,1685.370849609375,2
463320.103515625,5934359.428466797,1684.8397216796875,2
463274.0089111328,5934429.255615234,1682.5587158203125,2
463235.79528808594,5934488.820800781,1681.4219970703125,2
463220.2684326172,5934509.3857421875,1680.91796875,2
463140.6055908203,5934593.866455078,1678.088134765625,2
463124.91540527344,5934611.040527344,1677.5369873046875,2
463109.6574707031,5934622.54296875,1676.9407958984375,2
463051.06774902344,5934672.283203125,1678.3551025390625,2
463036.3024902344,5934686.243408203,1678.7781982421875,2
462988.27380371094,5934716.473388672,1679.4437255859375,2
462912.0302734375,5934764.293212891,1680.3983154296875,2
462910.0205078125,5934765.525878906,1680.422119140625,2
462905.0285644531,5934768.6396484375,1680.48388671875,2
462800.3337402344,5934836.112060547,1681.880126953125,2
462771.7138671875,5934858.7939453125,1682.4622802734375,2
462723.1318359375,5934899.011474609,1684.4920654296875,2
462711.43310546875,5934909.999755859,1685.0572509765625,2
462699.2912597656,5934923.171630859,1685.74755859375,2
462631.9016113281,5935002.851074219,1689.9644775390625,2
462565.7292480469,5935070.846191406,1693.504150390625,2
462498.0090332031,5935141.718505859,1697.8006591796875,2
462492.1750488281,5935148.413330078,1698.2030029296875,2
462477.21630859375,5935166.972167969,1699.8692626953125,2
462465.75048828125,5935181.269775391,1701.151611328125,2
462418.2033691406,5935240.850097656,1706.4906005859375,2
462412.63232421875,5935247.6611328125,1707.1038818359375,2
462355.3410644531,5935321.255859375,1714.9820556640625,2
462343.404296875,5935340.1650390625,1716.99072265625,2
462331.6203613281,5935370.727050781,1720.195068359375,2
462278.46142578125,5935493.581542969,1733.1085205078125,2
462277.3684082031,5935497.1796875,1733.484130859375,2
462255.4880371094,5935557.313964844,1737.7615966796875,2
462234.5087890625,5935610.052978516,1741.48193359375,2
462206.82763671875,5935714.724121094,1749.10888671875,2
462201.595703125,5935733.259277344,1750.2564697265625,2
462167.9782714844,5935852.832519531,1757.660888671875,2
462156.1003417969,5935931.417480469,1762.6365966796875,2
462152.6032714844,5935953.035888672,1763.8406982421875,2
462136.8212890625,5936016.169921875,1767.26416015625,2
462126.10791015625,5936049.970214844,1769.0592041015625,2
462104.5539550781,5936105.252441406,1771.9278564453125,2
462094.7829589844,5936131.538574219,1773.2998046875,2
462090.5224609375,5936143.4169921875,1774.0357666015625,2
462083.9560546875,5936163.331542969,1775.28271484375,2
462041.95556640625,5936263.332519531,1781.3370361328125,2
462010.40380859375,5936340.041503906,1785.996337890625,2
462009.37451171875,5936342.3935546875,1786.1378173828125,2
461996.9050292969,5936369.950683594,1787.4896240234375,2
461950.78857421875,5936480.909667969,1793.0550537109375,2
461920.2204589844,5936547.642578125,1796.3172607421875,2
461901.0124511719,5936592.152832031,1798.528564453125,2
461888.19189453125,5936629.365234375,1802.9755859375,2
461852.53564453125,5936692.204589844,1809.44677734375,2
461831.41552734375,5936724.829589844,1812.613037109375,2
461825.66064453125,5936734.5703125,1813.92529296875,2
461768.8425292969,5936821.894042969,1825.4056396484375,2
461724.2731933594,5936873.361328125,1831.570556640625,2
461694.0427246094,5936899.7021484375,1834.3228759765625,2
461603.9216308594,5936981.505859375,1844.8541259765625,2
461576.05029296875,5937009.198730469,1848.4903564453125,2
461560.6962890625,5937022.507324219,1850.1849365234375,2
461527.3037109375,5937049.586425781,1852.462646484375,2
461433.0710449219,5937124.3828125,1858.66455078125,2
461388.5363769531,5937157.540527344,1861.2906494140625,2
461313.8566894531,5937217.6884765625,1866.3270263671875,2
461302.85546875,5937226.075683594,1867.003173828125,2
461270.5192871094,5937257.2880859375,1869.903076171875,2
461264.9890136719,5937262.55078125,1870.347412109375,2
461246.3430175781,5937280.314453125,1871.8485107421875,2
461224.7841796875,5937295.8330078125,1870.1832275390625,2
461213.0578613281,5937306.406738281,1869.4183349609375,2
461193.17333984375,5937324.3212890625,1868.1204833984375,2
461182.2551269531,5937334.158203125,1867.40771484375,2
461126.5712890625,5937383.7421875,1863.418212890625,2
461122.4348144531,5937387.6650390625,1863.1337890625,2
461111.0324707031,5937401.7158203125,1862.511962890625,2
460975.94970703125,5937539.69140625,1853.718994140625,2
460955.7995605469,5937559.4853515625,1852.367919921875,2
460928.20361328125,5937581.9501953125,1847.071044921875,2
460843.7177734375,5937659.428222656,1830.7027587890625,2
460833.41943359375,5937669.130859375,1828.7030029296875,2
460832.5361328125,5937670.0,1828.5574951171875,2
460808.064453125,5937695.966308594,1824.4705810546875,2
460735.34765625,5937771.3388671875,1812.379150390625,2
460718.24169921875,5937789.0693359375,1809.534912109375,2
460717.1328125,5937783.037109375,1804.699951171875,2
460818.4873046875,5937662.09375,1811.265869140625,2
460818.63818359375,5937661.9140625,1811.275634765625,2
460842.99560546875,5937636.048339844,1812.92529296875,2
460848.640625,5937630.015136719,1813.2801513671875,2
460926.09521484375,5937545.193847656,1818.108154296875,2
460932.8388671875,5937538.546875,1818.5435791015625,2
460950.314453125,5937519.3427734375,1818.20263671875,2
461006.314453125,5937455.431152344,1816.9652099609375,2
461037.1760253906,5937411.976074219,1815.780029296875,2
461613.9245605469,5934511.293457031,1660.8099365234375,3
461565.3447265625,5934598.009765625,1664.2867431640625,3
461526.26904296875,5934652.392822266,1666.5638427734375,3
461496.54736328125,5934692.898681641,1668.556884765625,3
461479.087890625,5934716.633544922,1669.7249755859375,3
461469.5729980469,5934733.625732422,1670.5465087890625,3
461460.8747558594,5934751.111328125,1671.38671875,3
461427.07568359375,5934820.197265625,1674.4202880859375,3
461409.7646484375,5934856.958984375,1676.0328369140625,3
461394.751953125,5934900.220703125,1677.918212890625,3
461358.1076660156,5934979.466552734,1681.3929443359375,3
461356.83251953125,5934982.211181641,1681.5133056640625,3
461356.2761230469,5934983.697509766,1681.578125,3
461327.4738769531,5935075.450439453,1685.5697021484375,3
461324.6511230469,5935093.423828125,1686.3450927734375,3
461322.6018066406,5935118.310546875,1687.4144287109375,3
461319.53662109375,5935167.010253906,1689.13720703125,3
461318.6657714844,5935178.022216797,1689.5963134765625,3
461312.11181640625,5935235.150390625,1692.0015869140625,3
461312.97900390625,5935303.826904297,1694.7899169921875,3
461313.87646484375,5935344.771240234,1696.4478759765625,3
461320.0734863281,5935449.714599609,1700.6513671875,3
461319.20751953125,5935476.80859375,1701.7657470703125,3
461319.21484375,5935476.892089844,1701.76904296875,3
461323.52978515625,5935591.117919922,1708.301025390625,3
461323.32666015625,5935596.222412109,1708.5941162109375,3
461319.5275878906,5935691.74609375,1714.0782470703125,3
461318.73583984375,5935711.324951172,1715.202392578125,3
461321.0505371094,5935832.674560547,1719.701171875,3
461321.2390136719,5935835.069580078,1719.7408447265625,3
461331.6345214844,5935909.140869141,1720.98974609375,3
461343.88427734375,5935983.647949219,1722.254638671875,3
461345.69384765625,5936000.249511719,1722.8370361328125,3
461369.0422363281,5936146.972167969,1728.345458984375,3
461371.94921875,5936162.162109375,1728.9398193359375,3
461387.3005371094,5936217.99609375,1729.5816650390625,3
461405.90673828125,5936274.7783203125,1730.33740234375,3
461414.6435546875,5936344.0068359375,1730.779296875,3
461417.080078125,5936493.3955078125,1736.963623046875,3
461417.0788574219,5936494.7421875,1737.0194091796875,3
461413.0012207031,5936604.1728515625,1742.7801513671875,3
461423.9064941406,5936659.96875,1745.7757568359375,3
461429.8586425781,5936734.195800781,1749.7225341796875,3
461435.3234863281,5936841.73046875,1756.5213623046875,3
461434.9313964844,5936848.872558594,1757.231201171875,3
461437.4060058594,5936909.851074219,1763.61279296875,3
461434.89697265625,5936938.010253906,1767.8145751953125,3
461417.9992675781,5936955.5849609375,1775.7066650390625,3
461419.0537109375,5936919.5087890625,1771.065673828125,3
461419.8056640625,5936893.76953125,1767.7545166015625,3
461415.58056640625,5936852.3115234375,1764.2900390625,3
461414.9416503906,5936848.126953125,1764.0133056640625,3
461412.0222167969,5936792.751464844,1760.5482177734375,3
461406.46044921875,5936699.603515625,1754.9425048828125,3
461405.533203125,5936684.074707031,1754.008056640625,3
461392.7744140625,5936606.310058594,1749.0994873046875,3
461397.9997558594,5936504.966796875,1743.318115234375,3
461397.4309082031,5936455.341308594,1741.45068359375,3
461393.8737792969,5936325.0283203125,1736.51220703125,3
461390.9758300781,5936274.392089844,1735.0762939453125,3
461377.7258300781,5936224.129394531,1733.37548828125,3
461365.3630371094,5936165.691894531,1731.4788818359375,3
461363.4880371094,5936157.4677734375,1731.256591796875,3
461335.45458984375,5936011.322021484,1727.4342041015625,3
461329.84130859375,5935984.752685547,1726.9193115234375,3
461317.6350097656,5935907.797607422,1725.4671630859375,3
461309.2028808594,5935845.283935547,1724.302001953125,3
461308.75341796875,5935839.264892578,1724.193359375,3
461293.20703125,5935687.997314453,1722.91552734375,3
461292.65576171875,5935681.028076172,1722.8001708984375,3
461291.8203125,5935670.469238281,1722.62548828125,3
461286.2072753906,5935600.013671875,1721.4595947265625,3
461276.2004394531,5935537.301025391,1720.4388427734375,3
461275.0979003906,5935500.535644531,1719.8243408203125,3
461275.1154785156,5935433.515869141,1717.905517578125,3
461269.4345703125,5935367.8408203125,1716.0084228515625,3
461263.2353515625,5935244.292480469,1712.4527587890625,3
461262.4602050781,5935225.636962891,1711.9163818359375,3
461263.2775878906,5935215.477294922,1711.6279296875,3
461263.68994140625,5935210.955810547,1711.480224609375,3
461264.91357421875,5935189.834472656,1710.7745361328125,3
461270.6784667969,5935146.137939453,1709.3887939453125,3
461273.0012207031,5935124.488769531,1708.94482421875,3
461281.5778808594,5935062.4267578125,1706.800048828125,3
461295.0205078125,5935016.359130859,1705.2401123046875,3
461312.82373046875,5934965.853515625,1703.543701171875,3
461343.27978515625,5934896.677978516,1701.247802734375,3
461347.1823730469,5934887.296386719,1700.935302734375,3
461354.79296875,5934873.924316406,1700.4993896484375,3
461386.7529296875,5934802.848876953,1698.143310546875,3
461393.10986328125,5934789.25390625,1697.69384765625,3
461407.76513671875,5934757.931640625,1696.65380859375,3
461427.53466796875,5934720.646728516,1695.4241943359375,3
461438.3220214844,5934699.5263671875,1694.9403076171875,3
461441.1931152344,5934693.869140625,1694.8201904296875,3
461509.6201171875,5934592.3798828125,1692.8138427734375,3
461519.8557128906,5934577.162841797,1692.5128173828125,3
461527.82080078125,5934561.927978516,1692.1915283203125,3
461578.5451660156,5934465.4921875,1690.160400390625,3
461605.666015625,5934394.98046875,1688.5885009765625,3
461609.3591308594,5934382.206542969,1688.29296875,3
461618.37939453125,5934349.984863281,1687.5452880859375,3
461628.7316894531,5934314.5166015625,1686.5338134765625,3
461656.31689453125,5934225.9296875,1684.01611328125,3
461668.6877441406,5934187.710449219,1682.720947265625,3
461685.21240234375,5934111.405761719,1680.066650390625,3
461694.56591796875,5934082.507324219,1679.08740234375,3
461723.5246582031,5933976.76184082,1675.459716796875,3
461728.34619140625,5933959.829833984,1674.88037109375,3
461736.4729003906,5933938.2548828125,1674.158935546875,3
461743.1198730469,5933918.920288086,1673.5069580078125,3
461751.92822265625,5933886.15246582,1673.317626953125,3
461797.0703125,5933814.116577148,1673.6580810546875,3
461811.4304199219,5933792.96496582,1673.7904052734375,3
461827.6193847656,5933777.356933594,1674.05224609375,3
461880.0625,5933727.024536133,1674.8143310546875,3
461916.96484375,5933691.662841797,1675.3515625,3
461934.27978515625,5933677.548583984,1675.6474609375,3
462004.0144042969,5933612.264892578,1676.68994140625,3
462012.6525878906,5933603.30065918,1677.2469482421875,3
462094.03662109375,5933520.983032227,1682.476318359375,3
462094.9460449219,5933520.120483398,1682.5069580078125,3
462102.1296386719,5933512.932983398,1682.75732421875,3
462104.7668457031,5933518.085205078,1679.2083740234375,3
462105.7355957031,5933519.364990234,1678.0784912109375,3
462106.43798828125,5933520.513061523,1677.150146484375,3
462111.72509765625,5933527.9912109375,1670.529296875,3
462112.302734375,5933528.808227539,1669.8060302734375,3
462115.3757324219,5933533.155029297,1665.957763671875,3
462120.8894042969,5933539.652832031,1659.7318115234375,3
462148.90234375,5933513.907470703,1658.755126953125,3
462170.2756347656,5933493.429199219,1658.012451171875,3
462202.7841796875,5933463.451660156,1656.8792724609375,3
462254.9460449219,5933421.339111328,1655.0423583984375,3
462332.05859375,5933370.960449219,1652.2900390625,3
462334.93994140625,5933369.600952148,1652.185546875,3
462347.4792480469,5933363.998779297,1651.570068359375,3
462430.7858886719,5933326.032958984,1647.4764404296875,3
462474.40283203125,5933305.0771484375,1645.326416015625,3
462491.3293457031,5933297.086547852,1644.4207763671875,3
462539.3088378906,5933271.015014648,1641.8375244140625,3
462582.0859375,5933242.394287109,1639.5089111328125,3
462598.1005859375,5933230.018798828,1638.629150390625,3
462639.4299316406,5933189.374511719,1636.317626953125,3
462690.6472167969,5933149.581542969,1633.503173828125,3
462709.24951171875,5933133.009277344,1633.32666015625,3
462733.9938964844,5933111.299560547,1633.0848388671875,3
462753.8464355469,5933099.348022461,1632.7774658203125,3
462861.1123046875,5933042.424194336,1630.9580078125,3
462870.6145019531,5933037.151855469,1630.8016357421875,3
462930.9482421875,5932999.588745117,1631.7003173828125,3
463011.93591308594,5932945.5529174805,1632.9407958984375,3
463033.0422363281,5932927.7931518555,1633.299072265625,3
463038.41076660156,5932922.303466797,1633.3992919921875,3
463103.51818847656,5932842.664794922,1639.406005859375,3
463123.1845703125,5932815.826293945,1641.340087890625,3
463206.0593261719,5932695.9138793945,1649.7835693359375,3
463236.7978515625,5932665.367614746,1652.3160400390625,3
463251.73498535156,5932650.349182129,1653.6136474609375,3
463291.37756347656,5932608.405029297,1657.1650390625,3
463324.8671875,5932578.0919799805,1658.2926025390625,3
463325.08630371094,5932577.963562012,1658.2982177734375,3
463425.8211669922,5932519.188537598,1660.82470703125,3
463463.48779296875,5932495.156402588,1661.8214111328125,3
463495.0642089844,5932477.433837891,1662.5955810546875,3
463599.79333496094,5932431.405151367,1664.8409423828125,3
463660.6395263672,5932410.35559082,1666.0015869140625,3
463668.61572265625,5932408.059692383,1666.14208984375,3
463679.21875,5932405.118103027,1666.2626953125,3
463693.5461425781,5932401.1434021,1666.4259033203125,3
463726.83447265625,5932391.217651367,1667.21826171875,3
463781.71484375,5932373.328918457,1668.549560546875,3
463817.3293457031,5932361.645782471,1669.4580078125,3
463817.2902832031,5932357.955963135,1671.6873779296875,3
463817.2568359375,5932354.797729492,1673.595458984375,3
463830.3370361328,5932351.856536865,1673.1163330078125,3
463859.919921875,5932343.838989258,1671.973876953125,3
463880.69873046875,5932337.511383057,1671.1412353515625,3
463940.6164550781,5932322.297210693,1668.8714599609375,3
464025.2438964844,5932300.476715088,1665.6513671875,3
464039.9691772461,5932296.668609619,1665.090576171875,3
464059.3453979492,5932291.563873291,1664.403564453125,3
464120.10565185547,5932275.560699463,1662.249755859375,3
464133.40368652344,5932271.552947998,1662.053466796875,3
464174.44104003906,5932265.294311523,1661.6048583984375,3
464282.18353271484,5932241.963272095,1660.249267578125,3
464373.2077636719,5932235.476074219,1659.4449462890625,3
464424.9606933594,5932228.485366821,1660.44873046875,3
464497.65350341797,5932222.709793091,1662.001220703125,3
464648.2202453613,5932218.536697388,1665.49169921875,3
464654.7131347656,5932219.010498047,1665.665283203125,3
464675.45098876953,5932219.162124634,1666.8994140625,3
464693.4497680664,5932216.952056885,1667.978515625,3
464752.1636505127,5932210.001037598,1671.352783203125,3
464765.6774749756,5932208.297805786,1672.188232421875,3
464800.38665771484,5932203.921646118,1674.333984375,3
464937.5602340698,5932205.639678955,1682.93408203125,3
464949.35958862305,5932205.662109375,1683.673095703125,3
464952.71909332275,5932205.801712036,1683.8843994140625,3
464977.7575035095,5932205.763412476,1685.451904296875,3
465011.4102201462,5932205.915267944,1687.56005859375,3
465112.28494262695,5932215.091293335,1688.5499267578125,3
465119.31995391846,5932215.277954102,1688.6231689453125,3
465142.2283935547,5932216.275619507,1688.8582763671875,3
465254.46516418457,5932222.077407837,1690.00146484375,3
465263.13009643555,5932221.988616943,1690.3983154296875,3
465263.03509521484,5932222.099945068,1690.3304443359375,3
465257.45083618164,5932228.652481079,1686.3416748046875,3
465245.79682922363,5932229.879119873,1685.1717529296875,3
465117.9597854614,5932243.334197998,1672.33837890625,3
465085.8929824829,5932245.325424194,1669.1541748046875,3
465085.11196899414,5932245.376068115,1669.0765380859375,3
464997.66285800934,5932251.045669556,1660.3868408203125,3
464961.5679779053,5932252.941116333,1657.058349609375,3
464905.2999572754,5932253.302719116,1651.9405517578125,3
464839.7237548828,5932256.35559082,1645.9041748046875,3
464801.6792297363,5932265.000427246,1642.21435546875,3
464723.4289550781,5932281.799499512,1634.65185546875,3
464714.00381469727,5932282.898193359,1634.1939697265625,3
464670.8196411133,5932291.243927002,1632.1513671875,3
464640.4455566406,5932295.560760498,1631.4212646484375,3
464590.40298461914,5932296.693847656,1630.1644287109375,3
464506.4260864258,5932297.96081543,1628.3319091796875,3
464473.3801879883,5932301.425079346,1627.618408203125,3
464398.48529052734,5932308.758117676,1626.0001220703125,3
464348.76763916016,5932315.710021973,1624.9312744140625,3
464320.33770751953,5932321.102111816,1623.6932373046875,3
464242.8328857422,5932335.801879883,1620.3179931640625,3
464209.90075683594,5932346.737762451,1618.9296875,3
464200.66009521484,5932349.167419434,1618.5338134765625,3
464172.40020751953,5932356.655548096,1617.2952880859375,3
464024.64337158203,5932402.440856934,1610.8787841796875,3
464016.1612548828,5932405.12487793,1610.5108642578125,3
464011.849609375,5932406.543792725,1610.3243408203125,3
464005.7548828125,5932408.991577148,1610.064697265625,3
463908.4030761719,5932448.229034424,1605.841064453125,3
463852.2335205078,5932467.866088867,1603.376708984375,3
463838.3771972656,5932472.710266113,1602.768798828125,3
463787.09729003906,5932490.682067871,1600.519287109375,3
463767.76123046875,5932498.653167725,1599.68212890625,3
463701.77209472656,5932525.100952148,1597.224365234375,3
463676.7624511719,5932534.565002441,1596.2852783203125,3
463648.0930175781,5932550.360595703,1595.277099609375,3
463576.7185058594,5932586.745361328,1594.091552734375,3
463550.9528808594,5932600.745056152,1593.669677734375,3
463507.52294921875,5932627.402404785,1592.979736328125,3
463402.56604003906,5932697.797424316,1591.3538818359375,3
463395.4396972656,5932703.491333008,1591.2498779296875,3
463285.9715576172,5932792.116088867,1589.21826171875,3
463274.2971191406,5932802.750610352,1589.007080078125,3
463247.52770996094,5932832.579162598,1588.5479736328125,3
463157.5955810547,5932934.815979004,1586.3800048828125,3
463157.3483886719,5932935.077026367,1586.3739013671875,3
463103.3532714844,5932981.64453125,1584.9552001953125,3
463099.9268798828,5932984.266479492,1584.9837646484375,3
463023.1057128906,5933044.38269043,1585.66455078125,3
463018.5417480469,5933047.228149414,1585.6839599609375,3
462862.75732421875,5933138.164916992,1586.16650390625,3
462843.36572265625,5933149.06262207,1586.2142333984375,3
462834.90869140625,5933154.369506836,1586.251220703125,3
462772.30322265625,5933192.233276367,1587.14453125,3
462754.18798828125,5933207.642089844,1587.5145263671875,3
462751.9357910156,5933209.406982422,1587.620361328125,3
462700.6669921875,5933251.3701171875,1590.1041259765625,3
462687.0283203125,5933260.124389648,1590.66455078125,3
462604.32763671875,5933326.868896484,1594.6317138671875,3
462578.2546386719,5933345.688720703,1595.789794921875,3
462483.58740234375,5933391.658569336,1599.0623779296875,3
462451.4787597656,5933407.96496582,1600.2021484375,3
462441.595703125,5933412.75769043,1600.543212890625,3
462402.1374511719,5933431.003051758,1602.163818359375,3
462345.6740722656,5933455.202392578,1605.4599609375,3
462315.0148925781,5933468.515014648,1607.2589111328125,3
462311.0439453125,5933470.887573242,1607.5262451171875,3
462220.46728515625,5933539.125732422,1614.3709716796875,3
462155.0217285156,5933586.392822266,1619.2088623046875,3
462132.74560546875,5933602.481689453,1620.85546875,3
462125.3840332031,5933608.613891602,1621.4427490234375,3
462092.4873046875,5933635.405517578,1624.0350341796875,3
462059.31396484375,5933662.794433594,1626.4544677734375,3
462049.7922363281,5933671.132202148,1626.8994140625,3
462047.71728515625,5933673.044799805,1626.997802734375,3
462029.0183105469,5933691.189819336,1627.545166015625,3
462025.9006347656,5933694.412231445,1627.64111328125,3
462005.8601074219,5933713.986083984,1628.230712890625,3
461960.1101074219,5933760.0205078125,1629.6082763671875,3
461945.8225097656,5933773.914794922,1630.0272216796875,3
461914.6494140625,5933809.654052734,1631.0677490234375,3
461876.1533203125,5933858.759277344,1632.468505859375,3
461857.29150390625,5933890.674926758,1633.3377685546875,3
461839.0607910156,5933949.776977539,1634.8360595703125,3
461824.9345703125,5933993.677612305,1635.952880859375,3
461815.8447265625,5934017.294189453,1637.1092529296875,3
461790.4279785156,5934101.148925781,1641.062255859375,3
461764.27490234375,5934168.071777344,1644.347900390625,3
461754.24853515625,5934193.2685546875,1645.6578369140625,3
461707.3342285156,5934311.98828125,1651.82373046875,3
461705.79638671875,5934316.227783203,1652.0411376953125,3
461705.2854003906,5934317.722167969,1652.1170654296875,3
461669.32861328125,5934396.539306641,1656.308837890625,3
461650.2648925781,5934441.170410156,1658.031494140625,3
461641.48388671875,5934462.248291016,1658.8426513671875,3
461626.46240234375,5934488.912841797,1659.91259765625,3
461613.9245605469,5934511.293457031,1660.8099365234375,3
463515.87561035156,5931580.286956787,1665.5250244140625,4
463401.5653076172,5931595.870300293,1669.2147216796875,4
463395.9532470703,5931596.635498047,1669.3958740234375,4
463380.49938964844,5931599.747589111,1669.9195556640625,4
463303.9110107422,5931614.687561035,1672.92431640625,4
463289.7940673828,5931618.047332764,1672.9644775390625,4
463201.93798828125,5931640.2267456055,1673.2681884765625,4
463118.27392578125,5931663.908355713,1673.6651611328125,4
463088.6456298828,5931674.468261719,1673.897216796875,4
463060.59716796875,5931684.190155029,1674.329345703125,4
462980.9479980469,5931712.645019531,1675.5565185546875,4
462980.857421875,5931712.675476074,1675.5579833984375,4
462957.0321044922,5931720.660308838,1675.9251708984375,4
462927.60791015625,5931730.965667725,1676.028076171875,4
462877.6369628906,5931748.7482299805,1675.981201171875,4
462805.63232421875,5931775.588165283,1675.9141845703125,4
462728.8142089844,5931799.96282959,1675.8409423828125,4
462654.01904296875,5931819.085678101,1675.7677001953125,4
462609.1796875,5931829.827713013,1675.7235107421875,4
462576.955078125,5931837.425201416,1675.8046875,4
462503.62548828125,5931863.960906982,1675.982666015625,4
462482.5859375,5931869.373947144,1676.035400390625,4
462387.6123046875,5931894.410354614,1675.61767578125,4
462357.8195800781,5931907.1006240845,1675.4547119140625,4
462287.9230957031,5931930.162849426,1675.11669921875,4
462260.8063964844,5931940.705917358,1674.9749755859375,4
462207.2385253906,5931959.810962677,1677.0257568359375,4
462194.1623535156,5931964.751724243,1677.5203857421875,4
462186.40380859375,5931967.326126099,1677.821533203125,4
462090.974609375,5931997.610395908,1681.5550537109375,4
462090.3820800781,5931996.098508835,1684.11083984375,4
462178.2487792969,5931965.988365173,1683.9892578125,4
462193.40966796875,5931960.558483124,1683.978759765625,4
462222.6525878906,5931948.709789276,1684.02001953125,4
462263.11767578125,5931933.117660522,1684.0411376953125,4
462285.912109375,5931924.196968079,1684.239013671875,4
462337.4509277344,5931907.142845154,1684.5556640625,4
462386.4118652344,5931886.0651397705,1685.06103515625,4
462475.306640625,5931862.72265625,1685.3525390625,4
462489.9904785156,5931859.309539795,1684.9176025390625,4
462577.3269042969,5931830.125167847,1682.4583740234375,4
462611.21533203125,5931823.1446380615,1681.4417724609375,4
462664.25830078125,5931810.2134552,1681.700439453125,4
462713.48779296875,5931797.421798706,1681.943115234375,4
462800.7878417969,5931769.281295776,1682.389892578125,4
462883.796875,5931737.886260986,1682.8289794921875,4
462920.62109375,5931724.581542969,1683.0218505859375,4
462960.38220214844,5931709.6619262695,1683.6669921875,4
462971.22607421875,5931705.5919799805,1683.8436279296875,4
463062.5886230469,5931669.174072266,1685.3568115234375,4
463101.5509033203,5931654.062225342,1685.9971923828125,4
463160.5146484375,5931635.951477051,1686.9114990234375,4
463204.7355957031,5931622.509674072,1687.478759765625,4
463273.85412597656,5931603.776702881,1688.3131103515625,4
463310.0479736328,5931594.540008545,1688.7369384765625,4
463359.7987060547,5931580.832366943,1690.17626953125,4
463408.548828125,5931565.975646973,1692.793701171875,4
463433.466796875,5931560.049621582,1694.0694580078125,4
463459.81091308594,5931553.784515381,1695.4183349609375,4
463573.81298828125,5931518.32611084,1701.5660400390625,4
463657.02893066406,5931488.23336792,1706.21044921875,4
463742.0373535156,5931458.1845703125,1710.44384765625,4
463765.78869628906,5931448.331665039,1711.683837890625,4
463779.9033203125,5931442.7166137695,1712.4112548828125,4
463798.2156982422,5931436.3888549805,1713.3175048828125,4
463815.8615722656,5931430.3224487305,1714.165283203125,4
463949.1711425781,5931385.462463379,1720.5325927734375,4
464010.1731567383,5931361.6943359375,1723.5697021484375,4
464028.04571533203,5931355.928833008,1723.4716796875,4
464067.5923461914,5931342.668457031,1723.282958984375,4
464099.7963256836,5931326.050720215,1723.4547119140625,4
464166.94158935547,5931292.872009277,1723.7305908203125,4
464209.36224365234,5931267.026428223,1724.177978515625,4
464212.76806640625,5931265.135925293,1724.0618896484375,4
464263.1842651367,5931239.576782227,1722.2762451171875,4
464328.39489746094,5931212.028015137,1719.814697265625,4
464377.1434326172,5931189.764831543,1718.0205078125,4
464380.3901977539,5931188.242126465,1717.9393310546875,4
464421.7211303711,5931169.014282227,1716.9013671875,4
464484.5379638672,5931137.873046875,1715.3690185546875,4
464569.48861694336,5931092.847167969,1713.365234375,4
464584.5757141113,5931083.169799805,1713.0489501953125,4
464595.12704467773,5931076.5859375,1712.8233642578125,4
464596.4826965332,5931075.710388184,1712.7950439453125,4
464687.11727905273,5931010.161743164,1716.2908935546875,4
464691.09729003906,5931006.356262207,1716.498779296875,4
464701.7685852051,5930998.294128418,1716.9306640625,4
464766.96533203125,5930942.815673828,1719.9342041015625,4
464798.40144348145,5930915.8056640625,1721.5694580078125,4
464848.838180542,5930874.518432617,1724.077392578125,4
464913.64206695557,5930820.467895508,1727.3563232421875,4
464979.18736076355,5930765.832519531,1730.649169921875,4
465019.9440135956,5930735.250244141,1732.505859375,4
465119.30366516113,5930661.864746094,1736.9664306640625,4
465182.6893463135,5930610.83190918,1740.04931640625,4
465198.47549438477,5930597.940795898,1740.9293212890625,4
465229.6365509033,5930575.995361328,1742.478515625,4
465237.3529968262,5930571.211791992,1742.8272705078125,4
465276.1742553711,5930548.104980469,1743.9361572265625,4
465384.50857543945,5930469.432250977,1747.6483154296875,4
465438.0359802246,5930436.41394043,1749.227783203125,4
465513.97302246094,5930374.658691406,1752.117431640625,4
465517.4016723633,5930371.852294922,1752.2618408203125,4
465519.10290527344,5930370.438110352,1752.3348388671875,4
465519.9953613281,5930369.312255859,1752.39501953125,4
465528.2020263672,5930359.537231445,1752.915771484375,4
465560.2229003906,5930321.198974609,1754.9586181640625,4
465572.08892822266,5930309.911621094,1753.69775390625,4
465590.31341552734,5930292.5751953125,1751.76123046875,4
465595.81939697266,5930285.321655273,1751.1229248046875,4
465597.2468261719,5930283.371582031,1750.95556640625,4
465636.60693359375,5930227.530395508,1747.540771484375,4
465659.3741455078,5930190.759765625,1745.369140625,4
465695.6514892578,5930122.380249023,1741.4783935546875,4
465720.51470947266,5930079.495483398,1738.98681640625,4
465749.32189941406,5930031.112548828,1736.1573486328125,4
465776.58752441406,5929983.900390625,1733.4169921875,4
465776.5903930664,5929983.904541016,1733.412353515625,4
465777.1410522461,5929984.688598633,1732.55419921875,4
465757.0491333008,5930028.482910156,1730.4119873046875,4
465730.6202392578,5930083.971801758,1727.659423828125,4
465711.73400878906,5930124.823120117,1725.655517578125,4
465703.3825073242,5930142.886962891,1724.7694091796875,4
465692.873046875,5930167.797485352,1723.5870361328125,4
465685.6906738281,5930184.822509766,1722.7789306640625,4
465650.5637207031,5930254.0654296875,1719.259765625,4
465636.7301635742,5930277.938598633,1717.9786376953125,4
465609.0110473633,5930323.075073242,1715.494873046875,4
465607.8119506836,5930324.525878906,1715.4029541015625,4
465588.76318359375,5930347.272827148,1714.153564453125,4
465572.9208984375,5930367.419555664,1712.2401123046875,4
465570.3967285156,5930370.812866211,1711.927978515625,4
465544.087890625,5930406.591308594,1708.4013671875,4
465481.30505371094,5930464.848999023,1700.922119140625,4
465453.1365966797,5930490.651000977,1697.5780029296875,4
465436.57208251953,5930502.533081055,1695.72509765625,4
465369.22384643555,5930558.698974609,1687.9202880859375,4
465295.4841308594,5930624.328857422,1679.232177734375,4
465280.7940979004,5930636.331787109,1678.2149658203125,4
465243.3988647461,5930667.30065918,1675.622314453125,4
465148.8382873535,5930736.065673828,1669.1417236328125,4
465143.22135925293,5930740.4013671875,1668.7548828125,4
465096.47354125977,5930775.576171875,1666.1898193359375,4
464978.0269393921,5930866.0234375,1659.6729736328125,4
464970.46422958374,5930872.389038086,1659.2490234375,4
464936.2350769043,5930899.991088867,1658.194091796875,4
464813.85244750977,5930996.978820801,1654.4208984375,4
464784.84007263184,5931021.050415039,1653.5274658203125,4
464730.2462463379,5931063.360839844,1651.84326171875,4
464709.44635009766,5931079.030883789,1651.5447998046875,4
464653.2807312012,5931117.90246582,1650.757568359375,4
464646.7690124512,5931121.659484863,1650.67041015625,4
464590.70123291016,5931152.846618652,1650.920166015625,4
464525.10821533203,5931188.168640137,1651.204833984375,4
464495.6723327637,5931201.853515625,1651.318359375,4
464440.4837036133,5931227.962524414,1651.5343017578125,4
464405.22033691406,5931245.143859863,1651.6754150390625,4
464370.09869384766,5931262.385681152,1651.81689453125,4
464351.84423828125,5931272.818786621,1651.900146484375,4
464306.06604003906,5931299.284729004,1651.8690185546875,4
464271.0539550781,5931323.396911621,1651.8780517578125,4
464263.5057373047,5931328.7970581055,1651.7308349609375,4
464204.86151123047,5931365.007141113,1650.609375,4
464141.6276245117,5931406.024658203,1649.392578125,4
464107.68688964844,5931424.258544922,1648.7537841796875,4
464059.49517822266,5931441.448852539,1647.8795166015625,4
463991.59240722656,5931468.0955200195,1646.6385498046875,4
463976.7698364258,5931471.353820801,1646.3773193359375,4
463919.61096191406,5931481.004516602,1647.4869384765625,4
463863.32482910156,5931495.881988525,1648.4957275390625,4
463858.0047607422,5931497.042755127,1648.7947998046875,4
463774.7784423828,5931518.750610352,1653.5362548828125,4
463669.85998535156,5931547.749176025,1659.5421142578125,4
463636.783203125,5931554.69934082,1661.39697265625,4
463589.4161376953,5931566.016204834,1663.046142578125,4
463515.87561035156,5931580.286956787,1665.5250244140625,4
462218.0539550781,5933211.3447265625,1656.6036376953125,5
462209.5075683594,5933231.586791992,1657.1259765625,5
462202.3781738281,5933248.4736328125,1657.561767578125,5
462197.083984375,5933261.52734375,1657.720947265625,5
462194.5361328125,5933269.88659668,1657.7911376953125,5
462189.5095214844,5933288.393676758,1657.92333984375,5
462162.6193847656,5933376.410522461,1658.6644287109375,5
462153.9870605469,5933408.072753906,1658.891845703125,5
462133.3779296875,5933496.630249023,1659.394287109375,5
462130.87939453125,5933509.1845703125,1659.4495849609375,5
462128.0778808594,5933522.134887695,1659.5150146484375,5
462120.8894042969,5933539.652832031,1659.7318115234375,5
462115.3757324219,5933533.155029297,1665.957763671875,5
462112.302734375,5933528.808227539,1669.8060302734375,5
462111.72509765625,5933527.9912109375,1670.529296875,5
462106.43798828125,5933520.513061523,1677.150146484375,5
462105.7355957031,5933519.364990234,1678.0784912109375,5
462104.7668457031,5933518.085205078,1679.2083740234375,5
462102.1296386719,5933512.932983398,1682.75732421875,5
462106.7197265625,5933498.8330078125,1683.121337890625,5
462125.1086425781,5933422.266967773,1685.01025390625,5
462127.123046875,5933412.363891602,1685.2496337890625,5
462132.8493652344,5933384.751586914,1685.8055419921875,5
462134.6599121094,5933377.296875,1685.9703369140625,5
462139.7590332031,5933358.6103515625,1686.41455078125,5
462161.6848144531,5933267.151123047,1688.4202880859375,5
462169.751953125,5933237.231323242,1689.1260986328125,5
462173.6857910156,5933222.255737305,1689.5736083984375,5
462174.10009765625,5933220.890258789,1689.5638427734375,5
462192.78173828125,5933173.812866211,1689.3277587890625,5
462203.947265625,5933133.432250977,1689.01171875,5
462233.7814941406,5933062.216186523,1688.69140625,5
462238.5217285156,5933051.01159668,1688.6080322265625,5
462247.39697265625,5933020.899658203,1688.3929443359375,5
462261.7705078125,5932994.419921875,1688.1884765625,5
462336.31201171875,5932852.460510254,1687.0986328125,5
462343.9504394531,5932838.3771362305,1686.989990234375,5
462346.13671875,5932834.786071777,1686.9617919921875,5
462370.52734375,5932795.521118164,1686.36572265625,5
462390.6005859375,5932762.104980469,1685.8629150390625,5
462415.3869628906,5932719.673522949,1685.6688232421875,5
462426.49072265625,5932703.414733887,1685.5709228515625,5
462508.5871582031,5932598.883117676,1684.7850341796875,5
462511.2136230469,5932596.034545898,1684.7579345703125,5
462513.2185058594,5932594.313842773,1684.7353515625,5
462593.9606933594,5932516.188720703,1683.8641357421875,5
462636.216796875,5932477.885009766,1682.2960205078125,5
462658.474609375,5932462.913391113,1681.5238037109375,5
462749.87353515625,5932400.736877441,1678.3458251953125,5
462776.9501953125,5932380.729827881,1678.095947265625,5
462804.70458984375,5932364.267364502,1677.92333984375,5
462853.2360839844,5932345.62878418,1677.8306884765625,5
462901.8991699219,5932325.550933838,1677.709228515625,5
462953.9219970703,5932304.087036133,1677.5792236328125,5
462957.61755371094,5932303.4326171875,1677.5880126953125,5
463028.9500732422,5932286.766815186,1679.933349609375,5
463104.8338623047,5932268.235443115,1682.4339599609375,5
463129.90661621094,5932263.096405029,1682.7266845703125,5
463249.30310058594,5932253.571151733,1683.91357421875,5
463315.15856933594,5932251.909591675,1684.5186767578125,5
463344.9229736328,5932250.6534729,1684.799072265625,5
463426.314453125,5932245.64364624,1686.4613037109375,5
463437.0693359375,5932245.776473999,1686.229248046875,5
463506.0388183594,5932259.505096436,1684.68798828125,5
463529.31994628906,5932265.157958984,1683.59912109375,5
463564.04248046875,5932274.411682129,1682.001708984375,5
463669.01428222656,5932313.662017822,1677.532958984375,5
463677.04821777344,5932317.168121338,1677.2069091796875,5
463685.4841308594,5932320.19821167,1676.8438720703125,5
463715.4060058594,5932329.380645752,1675.505859375,5
463790.33752441406,5932349.103851318,1674.139892578125,5
463816.5614013672,5932354.6534729,1673.60791015625,5
463817.2568359375,5932354.797729492,1673.595458984375,5
463817.2902832031,5932357.955963135,1671.6873779296875,5
463817.32971191406,5932361.645996094,1669.4580078125,5
463806.44140625,5932360.077209473,1669.2337646484375,5
463790.67236328125,5932357.69833374,1668.9735107421875,5
463711.7667236328,5932341.327331543,1667.743896484375,5
463700.328125,5932338.680236816,1667.731689453125,5
463695.3161621094,5932337.5205078125,1667.726318359375,5
463678.1408691406,5932332.934539795,1667.7205810546875,5
463672.5505371094,5932331.763061523,1667.7120361328125,5
463558.0,5932299.251342773,1667.712158203125,5
463550.2424316406,5932296.9627075195,1667.7138671875,5
463549.56579589844,5932296.839385986,1667.7125244140625,5
463546.3546142578,5932296.3439331055,1667.7041015625,5
463433.7403564453,5932279.768829346,1666.9600830078125,5
463415.6671142578,5932280.597045898,1666.75244140625,5
463344.32287597656,5932283.948516846,1665.886474609375,5
463279.2023925781,5932285.8753967285,1665.12451171875,5
463237.38671875,5932287.319366455,1664.5159912109375,5
463152.978515625,5932294.87008667,1663.1966552734375,5
463092.7410888672,5932307.934936523,1662.104248046875,5
463010.9445800781,5932325.5388793945,1660.69482421875,5
462987.1320800781,5932330.401672363,1660.289794921875,5
462974.0665283203,5932333.223358154,1659.9847412109375,5
462929.81591796875,5932354.558929443,1658.653076171875,5
462834.97265625,5932396.927581787,1655.884033203125,5
462773.59326171875,5932439.243865967,1653.714599609375,5
462730.5412597656,5932475.862854004,1652.01708984375,5
462725.7473144531,5932479.940826416,1651.8280029296875,5
462714.6071777344,5932489.239868164,1651.4656982421875,5
462642.08056640625,5932549.093505859,1649.1263427734375,5
462636.5432128906,5932555.098327637,1648.9075927734375,5
462586.4392089844,5932603.458862305,1649.4996337890625,5
462540.5422363281,5932642.770629883,1650.0543212890625,5
462493.2333984375,5932693.951965332,1650.599853515625,5
462484.6220703125,5932703.8037109375,1650.69775390625,5
462476.05712890625,5932716.306091309,1650.78857421875,5
462451.6013183594,5932753.556274414,1650.4249267578125,5
462411.546875,5932825.457763672,1649.5233154296875,5
462385.5280761719,5932870.779968262,1648.9764404296875,5
462373.7255859375,5932889.219848633,1649.5291748046875,5
462312.85302734375,5933002.7638549805,1652.3294677734375,5
462299.2160644531,5933031.693603516,1652.947265625,5
462281.4892578125,5933064.09765625,1653.7646484375,5
462237.9548339844,5933163.993896484,1655.716064453125,5
462236.65673828125,5933166.536376953,1655.7755126953125,5
462226.083984375,5933191.906494141,1656.2464599609375,5
462218.0539550781,5933211.3447265625,1656.6036376953125,5
